artículos candidatos: 1272
  [1/1272] DECRETO 10 art 6: 1/1 válidas
        La Comisión → determinar cuatrienalmente el conjunto de instalacio · plazo: cuatrienalmente
  [2/1272] DECRETO 10 art 7: 2/2 válidas
        La Comisión → determinar
        Las líneas y subestaciones eléctri → sujetarse
  [3/1272] DECRETO 10 art 8: 4/4 válidas
        La Comisión → incorporar
        La Comisión → incorporar
  [4/1272] DECRETO 10 art 9: 2/2 válidas
        la Comisión → incorporará · plazo: dentro de los primeros cin
        la Comisión → incorporar · plazo: dentro del mismo plazo
  [5/1272] DECRETO 10 art 11: 1/1 válidas
        la Comisión → agrupar una o más áreas territoriales para conformar · plazo: por tres periodos tarifari
  [6/1272] DECRETO 10 art 12: 1/1 válidas
        la Comisión → definir
  [7/1272] DECRETO 10 art 13: 1/1 válidas
        el Coordinador → remitir · plazo: veintisiete meses antes de
  [8/1272] DECRETO 10 art 14: 1/1 válidas
        la Comisión → emitir y comunicar · plazo: noventa días corridos
  [9/1272] DECRETO 10 art 16: 2/3 válidas
        los Participantes y los Usuarios e → presentar sus discrepancias al Panel de Expertos · plazo: diez días
        la Comisión → aprobar el Informe de Calificación definitivo con la · plazo: quince días
  [11/1272] DECRETO 10 art 18: 6/6 válidas
        El Coordinador → entregar
        la Comisión → considerar
  [12/1272] DECRETO 10 art 21: 3/3 válidas
        La Comisión → realizará una revisión y estudio
        La Comisión → identificar
  [13/1272] DECRETO 10 art 22: 1/1 válidas
        La Comisión → calificar
  [17/1272] DECRETO 10 art 32: 3/5 válidas
        La Comisión → compararlo
        El caso base → definirse
  [19/1272] DECRETO 10 art 34: 4/4 válidas
        La Comisión → calificará los Tramos de Transporte
        La Comisión → detallar
  [20/1272] DECRETO 10 art 35: 1/1 válidas
        La Comisión → realizar el señalado ejercicio de prescindencia
  [21/1272] DECRETO 10 art 36: 4/4 válidas
        la Comisión → identificará
        la Comisión → determinará
  [22/1272] DECRETO 10 art 38: 1/1 válidas
        La Comisión → aplicar
  [23/1272] DECRETO 10 art 40: 1/1 válidas
        La Comisión → calificar como pertenecientes al Sistema de Transmis
  [24/1272] DECRETO 10 art 41: 1/1 válidas
        La Comisión → efectuar un análisis
  [25/1272] DECRETO 10 art 42: 1/1 válidas
        La Comisión → considerar e identificar
  [28/1272] DECRETO 10 art 47: 4/4 válidas
        la Comisión → utilizar
        la Comisión → determinar
  [29/1272] DECRETO 10 art 49: 5/5 válidas
        El C.O.M.A. → se determinará
        A partir del C.O.M.A. total de la  → se determinarán las asignaciones asociadas a cada Tr
  [30/1272] DECRETO 10 art 52: 9/9 válidas
        La Comisión → valorizar
        La Comisión → remunerar
  [31/1272] DECRETO 10 art 53: 5/5 válidas
        El V.A.T.T. → se aplicará · plazo: veinte años
        estas instalaciones → deberán ser valorizadas · plazo: transcurridos los cuales
  [32/1272] DECRETO 10 art 54: 1/1 válidas
        Los Estudios de Valorización → calcular · plazo: dentro del siguiente perio
  [33/1272] DECRETO 10 art 58: 1/1 válidas
        La Comisión → comunicará · plazo: seis meses antes del envío
  [34/1272] DECRETO 10 art 59: 1/1 válidas
        los Participantes y los Usuarios e → realizar observaciones · plazo: veinte días
  [35/1272] DECRETO 10 art 60: 4/4 válidas
        los Participantes y los Usuarios e → presentar sus discrepancias · plazo: diez días contados desde l
        El Panel → resolver las discrepancias · plazo: veinte días contados desde
  [36/1272] DECRETO 10 art 61: 5/5 válidas
        La Comisión → establecerá las categorías de elementos de transmisi
        La Comisión → establecer un conjunto de vidas útiles estándares y 
  [37/1272] DECRETO 10 art 62: 1/1 válidas
        La Comisión → calcular · plazo: cada cuatro años
  [39/1272] DECRETO 10 art 66: 1/1 válidas
        La información nacional o internac → deberá permitir
  [40/1272] DECRETO 10 art 67: 1/1 válidas
        la Comisión → licitar un estudio que defina la metodología de cálc · plazo: Antes de cinco meses del p
  [41/1272] DECRETO 10 art 68: 1/1 válidas
        La valorización de las instalacion → deberá incluir en su V.I. el valor correspondiente a
  [42/1272] DECRETO 10 art 69: 1/1 válidas
        los Coordinados → presentar · plazo: treinta días contado desde
  [43/1272] DECRETO 10 art 76: 1/1 válidas
        El Coordinador → calcular el V.A.T.T.
  [44/1272] DECRETO 10 art 77: 4/4 válidas
        El Coordinador → asignar
        La Comisión → deducir
  [45/1272] DECRETO 10 art 78: 1/1 válidas
        el Coordinador → utilizar · plazo: A contar del informe del C
  [46/1272] DECRETO 10 art 79: 1/1 válidas
        las diferencias encontradas en las → ajustarse
  [47/1272] DECRETO 10 art 81: 1/1 válidas
        La Comisión → dar inicio al o los Estudios de Valorización · plazo: veinticuatro meses antes d
  [48/1272] DECRETO 10 art 82: 3/3 válidas
        Las Bases técnicas preliminares → deberán contener
        Las Bases técnicas preliminares → deberán indicar
  [50/1272] DECRETO 10 art 84: 1/1 válidas
        La evaluación, selección y adjudic → sujetarse
  [51/1272] DECRETO 10 art 85: 1/1 válidas
        Los proponentes → presentar garantías de seriedad de la Propuesta
  [52/1272] DECRETO 10 art 86: 1/1 válidas
        Las Bases → establecerán
  [53/1272] DECRETO 10 art 87: 1/1 válidas
        Las garantías entregadas por los p → deberán ser emitidas
  [54/1272] DECRETO 10 art 88: 2/3 válidas
        Comisión → comunicar las Bases definitivas · plazo: quince días
        Comisión → remitir las mencionadas Bases
  [55/1272] DECRETO 10 art 89: 2/2 válidas
        El Panel → emitir su dictamen · plazo: treinta días contados desd
        La Comisión → formalizar las Bases definitivas · plazo: quince días
  [56/1272] DECRETO 10 art 91: 1/1 válidas
        El consultor → dar respuesta
  [57/1272] DECRETO 10 art 95: 8/10 válidas
        La designación del representante d → se realizará directamente por el Ministro de Energía
        La designación de los demás integr → se realizará de común acuerdo por los miembros de su
  [58/1272] DECRETO 10 art 96: 1/1 válidas
        Comisión → publicarse
  [59/1272] DECRETO 10 art 97: 1/1 válidas
        Los representantes que formen part → dejar de pertenecer, por cualquier circunstancia, a 
  [60/1272] DECRETO 10 art 98: 1/1 válidas
        se → proceder
  [61/1272] DECRETO 10 art 100: 1/1 válidas
        El Comité → designar un secretario de actas
  [62/1272] DECRETO 10 art 101: 5/6 válidas
        La primera sesión del Comité → deberá realizarse · plazo: dentro de los veinte días 
        El Comité → deberá establecer
  [63/1272] DECRETO 10 art 104: 8/8 válidas
        Comité → adjudicar
        Comité → informar
  [64/1272] DECRETO 10 art 105: 2/2 válidas
        El Comité → adjudicar el o los Estudios de Valorización · plazo: veinte días contados desde
        La Comisión → formalizar la adjudicación del o los Estudios de Val · plazo: tres días siguientes a la 
  [65/1272] DECRETO 10 art 106: 1/1 válidas
        El proponente que resulte adjudica → suscribirá
  [66/1272] DECRETO 10 art 107: 1/1 válidas
        El contrato → se deberá suscribir · plazo: dentro de los veinte días 
  [67/1272] DECRETO 10 art 109: 1/1 válidas
        El o los Estudios de Valorización → deberán realizarse · plazo: ocho meses
  [68/1272] DECRETO 10 art 110: 3/3 válidas
        Las empresas de los Sistemas de Tr → concurrir al pago del o los Estudios de Valorización
        El Coordinador → determinar e informar las proporciones · plazo: quince días
  [69/1272] DECRETO 10 art 111: 1/1 válidas
        la Comisión → fijar el monto definitivo a pagar por las empresas · plazo: Dentro de los diez días si
  [70/1272] DECRETO 10 art 112: 3/3 válidas
        Las empresas de los Sistemas de Tr → depositar · plazo: diez días contado desde la
        La Comisión → informar · plazo: con anterioridad a la fech
  [71/1272] DECRETO 10 art 114: 1/1 válidas
        Los resultados del o los Estudios  → especificar y distinguir
  [72/1272] DECRETO 10 art 115: 5/5 válidas
        La Comisión → convocará a los Participantes y a los Usuarios e Ins · plazo: cinco días
        La Comisión → señalar el lugar, hora y fecha en la que ésta se rea
  [73/1272] DECRETO 10 art 118: 1/1 válidas
        la Comisión → publicará · plazo: Dentro de los tres días si
  [74/1272] DECRETO 10 art 119: 1/1 válidas
        la Comisión → elaborar un Informe Técnico de Valorización prelimin · plazo: tres meses
  [75/1272] DECRETO 10 art 123: 2/2 válidas
        la Comisión → remitir · plazo: dentro de los tres días si
        la Comisión → remitir · plazo: veinte días desde la comun
  [76/1272] DECRETO 10 art 126: 1/1 válidas
        las diferencias → deberán ser abonadas o cargadas · plazo: con ocasión del cálculo se
  [77/1272] DECRETO 10 art 128: 1/1 válidas
        Los abonos o cargos → deberán ser incorporados
  [78/1272] DECRETO 10 art 129: 1/1 válidas
        Coordinador → establecer los pagos
  [79/1272] DECRETO 10 art 130: 1/1 válidas
        La Comisión → resguardar
  [80/1272] DECRETO 10 art 132: 1/1 válidas
        La Comisión → enviar un informe técnico preliminar · plazo: treinta días
  [81/1272] DECRETO 10 art 135: 3/3 válidas
        Las Empresas Transmisoras de las i → percibir anualmente el V.A.T.T. correspondiente a ca · plazo: anualmente
        los propietarios de las instalacio → percibir de los clientes regulados la proporción cor
  [82/1272] DECRETO 10 art 136: 5/5 válidas
        El transporte por sistemas dedicad → se regirá
        El pago por uso → se deberá calcular
  [83/1272] DECRETO 10 art 142: 1/1 válidas
        deberá incluirse → incluir
  [84/1272] DECRETO 10 art 143: 1/1 válidas
        La Comisión → calcular · plazo: a más tardar el 20 de juni
  [85/1272] DECRETO 10 art 144: 5/5 válidas
        la Comisión → emitir una versión preliminar del informe técnico de · plazo: a más tardar el 20 de mayo
        la Comisión → publicar el informe
  [86/1272] DECRETO 10 art 145: 2/2 válidas
        Los cargos únicos por uso → serán recaudados
        Las boletas o facturas a usuarios  → deberán agrupar los cobros por concepto de transmisi
  [87/1272] DECRETO 10 art 146: 2/2 válidas
        los suministradores → efectuar los cobros · plazo: Mensual o bimestralmente
        los suministradores → efectuar los cobros · plazo: mensualmente
  [88/1272] DECRETO 10 art 147: 2/2 válidas
        Los montos facturados por los resp → ser traspasados
        los suministradores → informar · plazo: a más tardar el día 25 de 
  [89/1272] DECRETO 10 art 148: 2/2 válidas
        el Coordinador → calculará los Ingresos Tarifarios Reales de cada Tra · plazo: Mensualmente
        el Coordinador → calcular un costo marginal en el límite fronterizo
  [90/1272] DECRETO 10 art 149: 1/1 válidas
        El Coordinador → enviar · plazo: a más tardar el día 25 de 
  [91/1272] DECRETO 10 art 150: 3/3 válidas
        El Coordinador → calcular las prorratas asignables a cada generador q
        El Coordinador → referir las capacidades instaladas de generación a l
  [93/1272] DECRETO 10 art 155: 3/4 válidas
        Los ajustes a los cargos únicos → deberán considerar
        Las diferencias señaladas preceden → serán determinadas · plazo: con ocasión del envío de i
  [94/1272] DECRETO 10 art 156: 1/1 válidas
        El Coordinador → efectuar una reasignación
  [95/1272] DECRETO 10 art 158: 3/3 válidas
        El Coordinador → Identificar
        El Coordinador → Cuantificar y diferenciar
  [96/1272] DECRETO 10 art 159: 5/5 válidas
        El Coordinador → establecerá mensualmente los periodos en que se haya
        El Coordinador → calcular los niveles normales referenciales de ingre
  [97/1272] DECRETO 10 art 162: 1/1 válidas
        El monto total → deberá ser asignado
  [99/1272] DECRETO 10 art 164: 2/2 válidas
        Comisión → abonar o descontar · plazo: en el semestre siguiente
        Coordinador → realizar todos los cálculos necesarios para la repar
  [100/1272] DECRETO 10 art 165: 6/6 válidas
        El Coordinador → efectuar una revisión de los ingresos asignados a ca · plazo: dentro de los primeros cin
        El Coordinador → informar los resultados de la revisión · plazo: dentro de los primeros cin
  [101/1272] DECRETO 10 art segundo: 1/1 válidas
        La Comisión → considerar
  [102/1272] DECRETO 113 art 2º: 3/3 válidas
        La Superintendencia de Electricida → llevará un registro electrónico
        Las personas interesadas en formar → inscribirse mediante un formulario electrónico
  [103/1272] DECRETO 113 art 3º: 2/2 válidas
        La Superintendencia → revisará el cumplimiento
        La Superintendencia → deberá indicársele · plazo: cinco días
  [104/1272] DECRETO 113 art 7º: 3/3 válidas
        cualquiera de ellos → solicitar al Superintendente la designación de una o
        La solicitud para que se designe u → presentarse a la Superintendencia
  [105/1272] DECRETO 113 art 8º: 7/7 válidas
        Superintendente → designar por sorteo público
        Superintendencia → velar por la publicidad del procedimiento
  [106/1272] DECRETO 113 art 9º: 5/5 válidas
        la comisión tasadora → constituirse · plazo: en el plazo que al efecto 
        la comisión tasadora → designar a su presidente · plazo: dentro de los cinco días s
  [107/1272] DECRETO 113 art 11: 3/3 válidas
        Los honorarios de las comisiones t → serán de cargo del concesionario
        Los honorarios → deberán ser pagados · plazo: dentro de los 30 días sigu
  [111/1272] DECRETO 130 art 2º: 1/1 válidas
        Los propietarios, arrendatarios, u → prestar en el respectivo sistema eléctrico los servi
  [112/1272] DECRETO 130 art 5º: 1/1 válidas
        CDEC → identificar los recursos existentes y disponibles en
  [113/1272] DECRETO 130 art 6º: 4/4 válidas
        CDEC a través de la DO → elaborará un Informe de Definición y Programación de · plazo: dentro de los primeros tre
        CDEC a través de la DO → efectuar o actualizar, si correspondiere, la definic · plazo: dentro de los primeros tre
  [114/1272] DECRETO 130 art 8º: 1/1 válidas
        todo propietario, arrendatario, us → cumplir
  [116/1272] DECRETO 130 art 13: 3/3 válidas
        CDEC → instruir la habilitación y/o instalación obligatoria
        CDEC → incluir en el Informe anual
  [117/1272] DECRETO 130 art 15: 6/6 válidas
        Las empresas coordinadas del respe → declarar los costos en que incurren por la prestació
        El CDEC a través de la DO → verificar que los costos declarados se enmarquen den
  [118/1272] DECRETO 130 art 17: 4/4 válidas
        CDEC → desarrollar un estudio de costos
        CDEC → desarrollar estudios complementarios
  [119/1272] DECRETO 130 art 18: 1/1 válidas
        Las empresas del sistema → declarar
  [120/1272] DECRETO 130 art 19: 2/2 válidas
        CDEC a través de la DP → determinará la remuneración
        CDEC a través de la DP → determinará la remuneración
  [121/1272] DECRETO 130 art 21: 2/2 válidas
        CDEC → determinar
        CDEC → determinar
  [122/1272] DECRETO 130 art 22: 1/1 válidas
        Las empresas del sistema → declarar
  [123/1272] DECRETO 130 art 23: 1/1 válidas
        CDEC → determinará
  [124/1272] DECRETO 130 art 25: 1/1 válidas
        Las empresas del sistema → declarar
  [125/1272] DECRETO 130 art 27: 1/1 válidas
        Las empresas del sistema → declarar
  [126/1272] DECRETO 130 art 28: 2/2 válidas
        CDEC → determinará · plazo: dentro del período de oper
        CDEC → determinará
  [127/1272] DECRETO 130 art 31: 1/1 válidas
        distribuidoras → traspasar íntegramente el valor de la remuneración
  [128/1272] DECRETO 130 art 32: 2/2 válidas
        las empresas de generación eléctri → aportar
        todas las empresas que inyectaron  → aportar
  [129/1272] DECRETO 130 art 34: 3/3 válidas
        empresa distribuidora → determinar el conjunto de alimentadores y la program
        empresa distribuidora → considerar criterios de no discriminación arbitraria
  [130/1272] DECRETO 130 art 38: 3/5 válidas
        El Procedimiento → contendrá los procedimientos necesarios para recabar
        El Procedimiento → regular al menos las comunicaciones formales entre l
  [132/1272] DECRETO 130 art 40: 3/3 válidas
        El Procedimiento DO → contendrá
        El Procedimiento señalado → regular
  [133/1272] DECRETO 130 art 41: 4/4 válidas
        La DP del CDEC respectivo → ejecutar
        El Procedimiento señalado → regular
  [135/1272] DECRETO 130 art 43: 11/11 válidas
        la DO de los CDEC → elaborar anualmente un Informe de Definición y Progr
        la DO de los CDEC → contener la definición de los servicios
  [136/1272] DECRETO 130 art segundo: 5/5 válidas
        la DO → llevar un control estadístico
        la Potencia Inicial → se determinará
  [137/1272] DECRETO 130 art tercero: 1/1 válidas
        las centrales → deberán ser retribuidas económicamente en sus costos
  [138/1272] DECRETO 130 art primero transitorio: 2/2 válidas
        los CDEC → remitir para su informe favorable a la Comisión · plazo: 90 días siguientes, contad
        los CDEC → emitir el correspondiente Informe de Definición y Pr · plazo: 30 días siguientes contado
  [139/1272] DECRETO 130 art segundo transitorio: 3/3 válidas
        Los procedimientos DO y DP existen → deberán ser reformulados
        el presente decreto como los proce → entrarán en vigencia
  [140/1272] DECRETO 14 art primero: 1/1 válidas
        Las centrales generadoras y las em → deberán pagar
  [141/1272] DECRETO 14 art quinto: 1/1 válidas
        Los peajes → deberán ser incorporados
  [143/1272] DECRETO 262 art 4: 14/14 válidas
        El Sitio Electrónico Unificado de  → Asegurar su compatibilidad y correcto funcionamiento
        El Sitio Electrónico Unificado de  → ser responsivo, es decir, que se adapte eficientemen
  [144/1272] DECRETO 262 art 5: 6/6 válidas
        El Sitio Electrónico Unificado de  → considerar mecanismos de soporte técnico integral y 
        El Sitio Electrónico Unificado de  → habilitar canales de comunicación ininterrumpida
  [145/1272] DECRETO 262 art 6: 1/1 válidas
        Sociedades Concesionarias → actualizada · plazo: cada tres días hábiles
  [146/1272] DECRETO 262 art 9: 3/3 válidas
        Cada Sociedad Concesionaria → otorgar acceso
        Cada Sociedad Concesionaria → otorgar acceso
  [147/1272] DECRETO 262 art 10: 1/1 válidas
        El Sitio Electrónico Unificado de  → deberá contar con
  [148/1272] DECRETO 262 art 11: 4/4 válidas
        El Sitio Electrónico Unificado de  → incorporará funcionalidades restringidas y accesible
        En las Bases de Licitación Sitio E → establecerá un procedimiento para la creación de cre
  [149/1272] DECRETO 262 art 12: 1/1 válidas
        el Sitio Electrónico Unificado de  → implementar
  [150/1272] DECRETO 262 art 13: 3/3 válidas
        El Director de la Unidad de Admini → informar
        El Administrador del Sitio → remitir · plazo: en la forma y plazos que e
  [151/1272] DECRETO 262 art 14: 1/1 válidas
        Usuario Administrador Municipal → creación de un nombre de usuario y una contraseña
  [152/1272] DECRETO 262 art 15: 4/4 válidas
        cada Sociedad Concesionaria → informar
        El Administrador del Sitio → remitir
  [153/1272] DECRETO 262 art 17: 1/1 válidas
        El Sitio Electrónico Unificado de  → ofrecer
  [154/1272] DECRETO 262 art 18: 1/1 válidas
        El Sitio Electrónico Unificado de  → contar con la funcionalidad que permita actualizar l
  [155/1272] DECRETO 262 art 19: 21/21 válidas
        Usuario de Sitio Electrónico Unifi → tener acceso
        Usuario de Sistema Interoperable → solicitar copia
  [156/1272] DECRETO 262 art 20: 4/4 válidas
        Usuario Administrador Municipal → Crear credenciales para un Usuario Funcionario Munic
        Usuario Administrador Municipal → Administrar los perfiles del o de los Usuarios Funci
  [157/1272] DECRETO 262 art 21: 1/4 válidas
        Usuario Administrador Sociedad Con → Crear credenciales para un Usuario Sociedad Concesio
  [158/1272] DECRETO 262 art 22: 4/4 válidas
        Usuario Funcionario Municipal → Realizar Consultas de Estado de Deuda
        Usuario Funcionario Municipal → Consultar si una persona natural o jurídica, a cuyo 
  [159/1272] DECRETO 262 art 23: 2/2 válidas
        Usuario Sociedad Concesionaria → permitir el almacenamiento de Convenios de Pago de D
        Usuario Sociedad Concesionaria → permitir el almacenamiento de la información sobre i
  [160/1272] DECRETO 262 art 24: 3/3 válidas
        Las municipalidades → informar · plazo: tres días hábiles
        Las municipalidades → dar cumplimiento
  [161/1272] DECRETO 262 art 25: 1/1 válidas
        Las Sociedades Concesionarias → informar · plazo: tres días hábiles
  [162/1272] DECRETO 262 art 26: 1/1 válidas
        Las municipalidades → informar · plazo: en el mes de enero de cada
  [163/1272] DECRETO 262 art 28: 2/2 válidas
        El Sitio Electrónico Unificado de  → permitir al Usuario de Sistema Interoperable, sin re
        El Sitio Electrónico Unificado de  → ofrecer al menos dos canales electrónicos de recauda
  [164/1272] DECRETO 262 art 29: 5/5 válidas
        El Sitio Electrónico Unificado de  → ofrecer al Usuario de Sistema Interoperable la posib
        El Sitio Electrónico Unificado de  → permitir omitir el pago por Sociedad Concesionaria o
  [166/1272] DECRETO 262 art 31: 1/1 válidas
        Las Sociedades Concesionarias → informar · plazo: tres días hábiles
  [167/1272] DECRETO 262 art 34: 4/5 válidas
        el titular del vehículo → cumplir con los siguientes requisitos
        el titular del vehículo → No estar en Mora con alguna de las Sociedades Conces
  [168/1272] DECRETO 262 art 35: 1/1 válidas
        La primera cuota → deberá pagarse
  [169/1272] DECRETO 262 art 36: 4/4 válidas
        El Usuario Funcionario Municipal → informar · plazo: tres días hábiles
        El Usuario Funcionario Municipal → almacenar
  [170/1272] DECRETO 262 art 37: 5/5 válidas
        El Administrador del Sitio → crear una base de datos
        El Administrador del Sitio → velar por la implementación y cumplimiento de todas 
  [171/1272] DECRETO 262 art 38: 2/2 válidas
        El Administrador del Sitio → velar por el cumplimiento de la obligación de notifi
        el Sitio Electrónico Unificado de  → enviar un correo electrónico informando de ello
  [172/1272] DECRETO 262 art 39: 1/1 válidas
        El Administrador del Sitio → informará
  [173/1272] DECRETO 262 art 40: 1/1 válidas
        La Política de Privacidad del Siti → informar
  [174/1272] DECRETO 262 art 41: 3/4 válidas
        las Sociedades Concesionarias → abstenerse de llevar a cabo instancias de reunión o 
        las Sociedades Concesionarias → abstenerse de llevar a cabo cualquier conducta, de m
  [175/1272] DECRETO 262 art 42: 1/1 válidas
        Las Sociedades Concesionarias → encargar
  [177/1272] DECRETO 262 art 45: 8/8 válidas
        Las Sociedades Concesionarias → suscribir un convenio
        El convenio → contemplar un mandato para la recepción de la boleta
  [178/1272] DECRETO 262 art 46: 9/10 válidas
        La Coordinadora para el Proceso de → realizar un proceso de licitación
        La Coordinadora para el Proceso de → ajustarse a las normas y estándares técnicos vigente
  [179/1272] DECRETO 262 art 47: 5/6 válidas
        La Coordinadora para el Proceso de → evaluación de las ofertas recibidas
        La Coordinadora para el Proceso de → designados
  [180/1272] DECRETO 262 art 48: 1/1 válidas
        La Coordinadora para el Proceso de → declarar desierta
  [181/1272] DECRETO 262 art 49: 1/1 válidas
        La Coordinadora para el Proceso de → informar · plazo: cinco días hábiles contado
  [182/1272] DECRETO 262 art 50: 1/1 válidas
        El Adjudicatario → suscribir el contrato · plazo: diez días hábiles
  [183/1272] DECRETO 262 art 51: 1/1 válidas
        La Coordinadora para el Proceso de → informar · plazo: cinco días hábiles contado
  [184/1272] DECRETO 262 art 52: 1/1 válidas
        La Coordinadora para el Proceso de → hacer entrega · plazo: ciento ochenta días hábile
  [185/1272] DECRETO 262 art primero: 1/1 válidas
        El plazo para el inicio de la oper → es de seis meses, contados desde la publicación del 
  [186/1272] DECRETO 262 art segundo: 1/1 válidas
        La Dirección General de Concesione → comunicará
  [187/1272] DECRETO 262 art tercero: 1/1 válidas
        Las Bases de Licitación Sitio Elec → entregarse · plazo: 30 días hábiles contados d
  [190/1272] DECRETO 327 art 10: 1/1 válidas
        El decreto de concesión respectivo → otorgar
  [191/1272] DECRETO 327 art 17 bis: 3/4 válidas
        La Superintendencia → establecerá un sistema
        Aquella persona → efectuar presentaciones
  [193/1272] DECRETO 327 art 21: 7/7 válidas
        Superintendencia → revisará los antecedentes presentados por el solicit · plazo: 15 días
        Superintendencia → declarará admisible la solicitud
  [194/1272] DECRETO 327 art 22: 3/6 válidas
        el solicitante → comunicar un extracto de la solicitud por medio de t · plazo: 15 días
        el representante legal del medio d → entregar al solicitante una constancia de la emisión
  [195/1272] DECRETO 327 art 23: 1/2 válidas
        la Superintendencia → poner al solicitante en conocimiento de dichas obser · plazo: 30 días
  [196/1272] DECRETO 327 art 25: 2/3 válidas
        La solicitud de prórroga → deberá presentarse · plazo: a lo menos seis meses ante
        La solicitud → deberá acompañarse
  [197/1272] DECRETO 327 art 30: 2/3 válidas
        Las solicitudes de concesión defin → se presentarán
        Al presentarse la solicitud de con → deberá acreditarse
  [198/1272] DECRETO 327 art 32: 1/1 válidas
        el solicitante → acreditar
  [199/1272] DECRETO 327 art 32 bis: 1/1 válidas
        el solicitante → acompañar un listado de los predios afectados
  [200/1272] DECRETO 327 art 32 ter: 1/1 válidas
        el solicitante → incorporar planos técnicos
  [201/1272] DECRETO 327 art 33: 4/4 válidas
        Los planos generales de obras → deberán indicar
        Las solicitudes de concesión de se → deberán indicar
  [202/1272] DECRETO 327 art 34: 2/2 válidas
        El solicitante → considerar las disposiciones contenidas en la normat
        El solicitante → adjuntar un presupuesto estimativo de inversión · plazo: dentro de los seis meses p
  [203/1272] DECRETO 327 art 35: 1/1 válidas
        Conjuntamente con la solicitud → presentar
  [204/1272] DECRETO 327 art 36: 7/7 válidas
        Superintendencia → revisar los antecedentes presentados por el solicita · plazo: 15 días
        Superintendencia → declarar admisible la solicitud mediante resolución
  [205/1272] DECRETO 327 art 37: 4/4 válidas
        El solicitante → publicar · plazo: Dentro de los 15 días sigu
        El solicitante → comunicar · plazo: dentro del plazo que se es
  [206/1272] DECRETO 327 art 40: 2/2 válidas
        El solicitante → demostrar la circunstancia de haberse efectuado la n · plazo: 15 días, contado desde la 
        La Superintendencia → certificar
  [207/1272] DECRETO 327 art 41: 6/6 válidas
        Los dueños de las propiedades afec → notificados en conformidad al inciso primero del art · plazo: 30 días, contado desde la 
        Los dueños de las propiedades afec → solicitar a la Superintendencia una copia de los pla · plazo: 15 días, contado desde la 
  [208/1272] DECRETO 327 art 44: 1/1 válidas
        Superintendencia → informar
  [209/1272] DECRETO 327 art 45: 1/1 válidas
        La Superintendencia → dispondrá · plazo: 60 días
  [210/1272] DECRETO 327 art 49: 2/2 válidas
        El decreto → notificado
        El decreto → publicado · plazo: quince días
  [211/1272] DECRETO 327 art 51: 4/4 válidas
        el concesionario → consignar · plazo: tres días a contar de la f
        el concesionario → consignar · plazo: 15 días hábiles siguientes
  [212/1272] DECRETO 327 art 53: 1/1 válidas
        Las concesiones definitivas de ser → caducarán
  [213/1272] DECRETO 327 art 56: 2/2 válidas
        el ex concesionario → informar
        la Superintendencia → disponer · plazo: 15 días
  [214/1272] DECRETO 327 art 58: 1/1 válidas
        el Presidente de la República → ordenará a la Superintendencia intervenir la concesi
  [215/1272] DECRETO 327 art 59: 4/4 válidas
        el decreto respectivo → dispondrá la licitación de los bienes afectos a ella · plazo: un año
        la Superintendencia → propone las bases de licitación al Ministerio
  [216/1272] DECRETO 327 art 62: 1/1 válidas
        el adquirente → cumplir · plazo: seis meses
  [217/1272] DECRETO 327 art 64: 1/1 válidas
        Los permisos → ser solicitados
  [218/1272] DECRETO 327 art 68: 5/5 válidas
        Los permisos → ser solicitados
        La solicitud de permiso para exten → cumplir con los requisitos señalados en el artículo 
  [219/1272] DECRETO 327 art 70: 2/2 válidas
        el peticionario → solicitar la concesión definitiva
        el concesionario → efectuar el retiro de las instalaciones amparadas po · plazo: en el plazo que al efecto 
  [220/1272] DECRETO 327 art 72: 2/3 válidas
        el peticionario → confeccionar y adjuntar
        Para los efectos de este inciso → considerar · plazo: 6 meses
  [221/1272] DECRETO 327 art 73: 2/3 válidas
        El solicitante de concesión → deberá adjuntar
        El peticionario de la concesión → se aplicarán
  [222/1272] DECRETO 327 art 74: 2/2 válidas
        En la notificación judicial o nota → deberá quedar constancia
        En el acto de notificación o certi → se entregará
  [224/1272] DECRETO 327 art 77: 4/4 válidas
        Los propietarios de líneas eléctri → permitir el uso de sus postes o torres, líneas, sube
        El interesado → detallar en su solicitud todos los antecedentes que 
  [225/1272] DECRETO 327 art 78: 1/1 válidas
        el propietario → emitir
  [226/1272] DECRETO 327 art 80: 2/2 válidas
        El interesado → concurrir con los demás usuarios
        El interesado → será también de cargo del interesado
  [227/1272] DECRETO 327 art 81: 1/1 válidas
        el dueño de las instalaciones → avisar · plazo: sesenta días
  [229/1272] DECRETO 327 art 91: 1/1 válidas
        El propietario de la central → deberá convenir peajes adicionales
  [231/1272] DECRETO 327 art 94: 2/2 válidas
        El titular de la servidumbre sobre → indemnizar
        El titular de la servidumbre sobre → concurrir al pago
  [232/1272] DECRETO 327 art 95: 1/1 válidas
        Los concesionarios → realizar anualmente los balances · plazo: anualmente
  [233/1272] DECRETO 327 art 96: 2/2 válidas
        El interesado → requerir
        La proposición → ser presentada · plazo: 60 días siguientes a la re
  [234/1272] DECRETO 327 art 100: 1/1 válidas
        sus propietarios → calcular los VNR y los costos de operación y manteni
  [235/1272] DECRETO 327 art 101: 3/3 válidas
        el interesado → será de su cargo el costo de los estudios, aclaracio
        el interesado → deberá pagar el monto de tales indemnizaciones y pea
  [236/1272] DECRETO 327 art 102: 4/4 válidas
        cualquiera de las partes → notificar
        la parte requerida → designar su árbitro · plazo: 5 días
  [237/1272] DECRETO 327 art 103: 1/1 válidas
        Los concesionarios de cualquier na → llevar a cabo la interconexión de sus instalaciones
  [239/1272] DECRETO 327 art 105: 3/3 válidas
        las empresas distribuidoras de ser → dar servicio
        las empresas distribuidoras → mantener a disposición del público la información té
  [240/1272] DECRETO 327 art 106: 3/3 válidas
        Las empresas concesionarias → mantener a disposición del público la lista de preci
        Las empresas concesionarias → entregar a la Superintendencia
  [241/1272] DECRETO 327 art 107: 3/3 válidas
        El concesionario → inspeccionar
        El concesionario → intervenirlos
  [242/1272] DECRETO 327 art 111: 3/3 válidas
        los concesionarios de servicio púb → cumplir los plazos · plazo: quince días corridos
        los concesionarios de servicio púb → cumplir los plazos · plazo: treinta días corridos
  [243/1272] DECRETO 327 art 112: 3/3 válidas
        Los concesionarios → construidos
        Los concesionarios → imponer
  [244/1272] DECRETO 327 art 113: 1/1 válidas
        Los concesionarios de servicio púb → exigir
  [245/1272] DECRETO 327 art 114: 1/1 válidas
        su dueño → comunicar previamente · plazo: 15 días
  [246/1272] DECRETO 327 art 115: 1/1 válidas
        Los decretos de fijación de tarifa → especificarán
  [247/1272] DECRETO 327 art 117: 1/2 válidas
        las empresas concesionarias → informar detalladamente a sus clientes acerca de las
  [248/1272] DECRETO 327 art 118: 1/1 válidas
        La concesionaria de servicio públi → informar · plazo: con no menos de tres meses
  [249/1272] DECRETO 327 art 119: 3/3 válidas
        el cliente → comunicar por escrito a la concesionaria su voluntad · plazo: 30 días de anticipación a 
        Los clientes con opción tarifaria  → contratar esta tarifa a contar del primer mes del pe
  [250/1272] DECRETO 327 art 120: 4/4 válidas
        La empresa distribuidora → no podrá cobrar aportes reembolsables
        El concesionario → podrá exigir la instalación de un limitador de poten
  [251/1272] DECRETO 327 art 123: 1/1 válidas
        Los concesionarios de servicio púb → facturar
  [252/1272] DECRETO 327 art 124: 6/6 válidas
        Los medidores → serán instalados
        El organismo de certificación → informará
  [253/1272] DECRETO 327 art 125: 3/3 válidas
        Los concesionarios → efectuar a su cargo, por medio de un organismo de ce
        el concesionario → continuar otorgando el servicio mientras dure la cal
  [254/1272] DECRETO 327 art 126: 1/1 válidas
        La facturación de los consumos → deberá hacerse
  [255/1272] DECRETO 327 art 127: 3/3 válidas
        El concesionario → extender
        El concesionario → indicar
  [256/1272] DECRETO 327 art 129: 5/5 válidas
        Los usuarios → dar facilidades
        el concesionario → dejar una constancia
  [257/1272] DECRETO 327 art 131: 1/1 válidas
        el concesionario → deberá devolver
  [258/1272] DECRETO 327 art 134: 1/1 válidas
        El concesionario → instalar
  [259/1272] DECRETO 327 art 135: 1/1 válidas
        Los concesionarios de servicio púb → resolver los reclamos de sus usuarios, relativos a f · plazo: 30 días contados desde su 
  [260/1272] DECRETO 327 art 137: 4/4 válidas
        las empresas → cumplir con los siguientes requisitos
        la empresa → detallar pormenorizadamente al usuario las obras aso
  [261/1272] DECRETO 327 art 138: 2/2 válidas
        El interesado → presentar · plazo: 15 días
        La empresa → informarse por escrito · plazo: 15 días
  [262/1272] DECRETO 327 art 140: 1/1 válidas
        la empresa → comunicarlo por escrito · plazo: en el plazo señalado en el
  [263/1272] DECRETO 327 art 141: 6/6 válidas
        La empresa → cumplir
        La empresa → hacer
  [264/1272] DECRETO 327 art 142: 6/6 válidas
        el aportante → sustituir el inmueble o instalación en que deba segu · plazo: durante el plazo en que de
        el aportante → señalar
  [265/1272] DECRETO 327 art 146: 1/1 válidas
        El usuario o cliente → pagar el suministro · plazo: en el plazo señalado en la
  [266/1272] DECRETO 327 art 147: 4/4 válidas
        El concesionario → suspender el suministro · plazo: 5 días
        El concesionario → suspender el suministro · plazo: 45 días
  [267/1272] DECRETO 327 art 149: 1/1 válidas
        el concesionario → tomar las medidas de seguridad correspondientes
  [268/1272] DECRETO 327 art 150: 1/1 válidas
        el concesionario → reponer el servicio suspendido · plazo: 24 horas
  [269/1272] DECRETO 327 art 152: 1/1 válidas
        El concesionario → restablecer la prestación del servicio público · plazo: 24 horas
  [270/1272] DECRETO 327 art 161: 4/4 válidas
        La Superintendencia → pedirá informe al concesionario · plazo: 15 días
        La Superintendencia → fallará estos reclamos · plazo: 30 días
  [271/1272] DECRETO 327 art 162: 1/1 válidas
        El CDEC y el propietario reclamado → remitir · plazo: 15 días
  [272/1272] DECRETO 327 art 163: 1/1 válidas
        Las empresas concesionarias → llevar un registro actualizado
  [273/1272] DECRETO 327 art 206: 4/4 válidas
        Las especificaciones técnicas de t → deberán ajustarse
        Las especificaciones técnicas de t → deberán preservar
  [274/1272] DECRETO 327 art 207: 3/3 válidas
        Los planos de las instalaciones el → deberán dar cumplimiento a las normas técnicas vigen
        Los planos → deberán indicar, claramente, las características de 
  [275/1272] DECRETO 327 art 208: 5/5 válidas
        Las empresas concesionarias → mantener planos actualizados de todas sus redes
        Las empresas concesionarias → llevar incorporado un código
  [276/1272] DECRETO 327 art 211: 3/3 válidas
        Los trabajos que se efectúen en re → delimitarse entre elementos de maniobras
        La zona desenergizada → estar conectada a tierra mediante las respectivas ti
  [277/1272] DECRETO 327 art 212: 4/4 válidas
        Los trabajos → deberán estar señalizados
        Las medidas de prevención → deberán ser visadas
  [278/1272] DECRETO 327 art 214: 2/2 válidas
        Los operadores de instalaciones el → contar con personal de emergencia para la reparación
        La concurrencia de personal califi → al lugar · plazo: inferior a dos horas
  [279/1272] DECRETO 327 art 215: 1/1 válidas
        La puesta en servicio de las obras → deberán ser comunicadas · plazo: con a lo menos 15 días de 
  [280/1272] DECRETO 327 art 216: 1/1 válidas
        Las personas naturales o jurídicas → comunicar previamente
  [281/1272] DECRETO 327 art 217: 1/1 válidas
        El propietario de las líneas aérea → dar aviso por carta certificada · plazo: diez días de anticipación
  [282/1272] DECRETO 327 art 218: 1/1 válidas
        Los operadores de instalaciones el → incluir en sus programas de mantenimiento la poda o  · plazo: quince días anteriores a s
  [283/1272] DECRETO 327 art 219: 1/1 válidas
        las máquinas, instrumentos, aparat → deberán tener un certificado de aprobación otorgado 
  [284/1272] DECRETO 327 art 225: 4/4 válidas
        la Comisión → calcular los precios máximos
        la Superintendencia → aplicar las sanciones
  [285/1272] DECRETO 327 art 226: 1/1 válidas
        empresas concesionarias de servici → equipamiento y los gastos de explotación asociados a
  [286/1272] DECRETO 327 art 227: 1/1 válidas
        La calidad de suministro → deberá ser evaluada
  [287/1272] DECRETO 327 art 228: 6/6 válidas
        El Ministerio → dictar una norma técnica
        La norma → establecer tipos de perturbaciones sujetas a limitac
  [288/1272] DECRETO 327 art 229: 2/2 válidas
        el suministrador → comunicar · plazo: 30 días a contar de la fec
        la Superintendencia → pronunciarse · plazo: 30 días a contar de la fec
  [289/1272] DECRETO 327 art 230: 1/1 válidas
        Las empresas concesionarias de ser → llevar un índice representativo de la continuidad de
  [290/1272] DECRETO 327 art 231: 4/4 válidas
        Las empresas concesionarias de ser → efectuar · plazo: una vez al año
        Las empresas concesionarias de ser → efectuar
  [291/1272] DECRETO 327 art 234: 1/1 válidas
        los propietarios de estos sistemas → adoptar las medidas necesarias
  [292/1272] DECRETO 327 art 235: 3/3 válidas
        Los concesionarios de servicio púb → aceptar la interposición de reclamos y denuncias por
        Los concesionarios de servicio púb → contar, en cada centro de atención comercial, con un
  [293/1272] DECRETO 327 art 241: 6/6 válidas
        Las mediciones y registros para de → deberán ser polifásicos según sea el número de fases
        Las mediciones → se efectuarán con equipos e instrumentos de medida d
  [294/1272] DECRETO 327 art 242: 1/1 válidas
        El valor promedio de la frecuencia → deberá encontrarse
  [295/1272] DECRETO 327 art 243: 4/4 válidas
        El proveedor del servicio → indicar explícitamente
        La norma técnica → fijará
  [296/1272] DECRETO 327 art 245: 1/1 válidas
        las interrupciones de suministro → no deberán exceder · plazo: Durante cualquier período 
  [298/1272] DECRETO 327 art 248: 5/5 válidas
        Cualquier concesionario de distrib → programar la suspensión temporal del servicio · plazo: 72 horas
        Cualquier concesionario de distrib → informar a los consumidores finales · plazo: 72 horas
  [299/1272] DECRETO 327 art 249: 1/1 válidas
        las suspensiones temporales progra → no deberán superar
  [300/1272] DECRETO 327 art 250: 3/3 válidas
        Los índices de severidad de parpad → sujetarse
        La norma técnica → determinará
  [302/1272] DECRETO 327 art 294: 1/1 válidas
        Los valores agregados de distribuc → deberán calcularse
  [303/1272] DECRETO 327 art 295: 3/3 válidas
        la Comisión → establecer un determinado número de áreas de distrib
        la Comisión → encargar un estudio para definir los parámetros de c
  [304/1272] DECRETO 327 art 297: 4/4 válidas
        el estudio de costos encargado por → ajustarse
        La definición de áreas típicas con → ser observada · plazo: 15 días
  [305/1272] DECRETO 327 art 298: 1/1 válidas
        Las empresas → enviar · plazo: antes de dos meses del tér
  [306/1272] DECRETO 327 art 300: 4/4 válidas
        La Comisión → estructurar
        Deberán existir → existir
  [307/1272] DECRETO 327 art 301: 3/3 válidas
        la Comisión → informará · plazo: 15 días
        Cada empresa → determinará e informará
  [308/1272] DECRETO 327 art 302: 1/1 válidas
        La Superintendencia → informará
  [310/1272] DECRETO 327 art 306: 3/3 válidas
        La Comisión → estructurar fórmulas indexadas
        La Comisión → informar al Ministerio · plazo: Antes de quince días del t
  [311/1272] DECRETO 327 art 307: 1/1 válidas
        La Comisión → efectuar un nuevo estudio
  [312/1272] DECRETO 327 art 309: 1/1 válidas
        las empresas distribuidoras → reajusten sus tarifas
  [313/1272] DECRETO 327 art 310: 3/3 válidas
        Las empresas distribuidoras → abonar o cargar a la cuenta de sus usuarios
        Las reliquidaciones → ser reajustadas
  [314/1272] DECRETO 327 art 311: 6/6 válidas
        la Comisión → calcular los precios de distribución correspondiente
        la Comisión → asignar la empresa, en su globalidad o por sectores,
  [315/1272] DECRETO 327 art 313: 3/3 válidas
        La Superintendencia → llevar un inventario actualizado
        las empresas concesionarias → comunicar a la Superintendencia los aumentos y retir · plazo: antes del 31 de enero de c
  [316/1272] DECRETO 327 art 314: 9/9 válidas
        El VNR de las instalaciones de dis → se recalculará · plazo: cada cuatro años
        la Superintendencia → deberá revisar y valorizar
  [317/1272] DECRETO 327 art 315: 1/1 válidas
        La Superintendencia → efectuar la operación anterior · plazo: abril de cada año
  [318/1272] DECRETO 327 art 317: 4/4 válidas
        Las empresas concesionarias de ser → emplear
        Las empresas concesionarias de ser → disponer
  [319/1272] DECRETO 327 art 319: 3/3 válidas
        Los acuerdos → deberán ser informados · plazo: con un mes de anticipación
        La Comisión → comunicará
  [320/1272] DECRETO 327 art 328: 1/1 válidas
        los concesionarios, los CDEC o los → efectuar o llevar a cabo · plazo: 90 días
  [321/1272] DECRETO 327 art 4º: 1/1 válidas
        Los propietarios de instalaciones  → proporcionar · plazo: tres meses a contar de la 
  [322/1272] DECRETO 327 art 6º: 1/1 válidas
        Los concesionarios de servicio púb → ajustar sus facturas y boletas · plazo: tres meses, contado desde 
  [323/1272] DECRETO 327 art 8º: 3/3 válidas
        Los CDEC → implementar y dar cumplimiento · plazo: 90 días contado desde la v
        Los CDEC → establecer · plazo: seis meses
  [324/1272] DECRETO 327 art 9º: 1/1 válidas
        los CDEC → elaborar, aprobar e incorporar a su reglamento inter · plazo: 90 días contado desde la v
  [325/1272] DECRETO 327 art 10º: 1/1 válidas
        Las Direcciones de Peajes de los C → dar cumplimiento · plazo: 180 días contado desde la 
  [326/1272] DECRETO 327 art 11º: 1/1 válidas
        Los CDEC → constituir y poner en funcionamiento · plazo: a más tardar el 1º de ener
  [327/1272] DECRETO 327 art 12º: 1/1 válidas
        Los CDEC → ajustarse · plazo: dentro de los tres meses s
  [328/1272] DECRETO 327 art 14º: 1/1 válidas
        los CDEC → adecuar todas las disposiciones de sus reglamentos i · plazo: seis meses después de la e
  [329/1272] DECRETO 327 art 16º: 2/2 válidas
        CDEC → verificar · plazo: Durante el período que med
        CDEC → enviar · plazo: dentro de los diez primero
  [330/1272] DECRETO 327 art 18º: 9/9 válidas
        Superintendencia → analizar cada caso en particular
        Superintendencia → cumplir para un período de registro de mediciones de
  [331/1272] DECRETO 327 art 19º: 1/1 válidas
        Los concesionarios de servicio púb → implementar · plazo: tres meses contado desde l
  [332/1272] DECRETO 327 art 21º: 3/3 válidas
        Las empresas → tendrán un plazo de un año, a contar de la fecha de 
        Las empresas → deberán elaborar un procedimiento interno preliminar · plazo: seis meses contado desde l
  [334/1272] DECRETO 3386 art 4º: 1/1 válidas
        Los consumidores o suscriptores → solicitarlo expresamente
  [335/1272] DECRETO 3386 art 12: 2/2 válidas
        todo concesionario público → mantener sus instalaciones en buen estado de servici
        las instalaciones de energía eléct → encontrarse en iguales condiciones de seguridad y bu
  [336/1272] DECRETO 3386 art 21: 1/1 válidas
        el concesionario → ejecutar en sus líneas
  [337/1272] DECRETO 3386 art 26: 1/1 válidas
        los concesionarios → presentar planos
  [338/1272] DECRETO 3386 art 33: 1/1 válidas
        La Dirección → ordenar
  [339/1272] DECRETO 3386 art 36: 1/1 válidas
        los concesionarios → suministrar servicios
  [340/1272] DECRETO 3386 art 38: 1/1 válidas
        El proyecto de transformación → deberá incluir
  [341/1272] DECRETO 3386 art 39: 1/1 válidas
        el concesionario → modificarse la característica de la energía eléctric
  [342/1272] DECRETO 3386 art 40: 1/1 válidas
        los concesionarios → poner este hecho en conocimiento de los consumidores · plazo: un mes
  [343/1272] DECRETO 3386 art 41: 3/3 válidas
        concesionarios → adoptar por su cuenta a las nuevas características, 
        concesionarios → hacer un arreglo equitativo con los consumidores
  [345/1272] DECRETO 3386 art 51: 3/3 válidas
        la reserva de combustible → no deberá bajar de un valor igual al consumo normal 
        Igual reserva → deberá proveerse
  [346/1272] DECRETO 3386 art 52: 1/1 válidas
        Las centrales → contar con un taller de reparaciones y un almacén de
  [347/1272] DECRETO 3386 art 56: 1/1 válidas
        el tipo de postación, aisladores,  → deberá ser previamente aprobado
  [348/1272] DECRETO 3386 art 59: 1/1 válidas
        Los concesionarios → deberán poseer
  [349/1272] DECRETO 3386 art 69: 1/1 válidas
        Los concesionarios → mantener · plazo: durante todo el plazo de l
  [350/1272] DECRETO 3386 art 72: 1/1 válidas
        El personal de las Empresas → llevar consigo una célula otorgada por el concesiona
  [351/1272] DECRETO 3386 art 76: 5/5 válidas
        Los concesionarios → mantener una oficina para atender al público
        Las empresas distribuidoras con má → mantener, además, personal para que atienda los llam
  [352/1272] DECRETO 3386 art 79: 4/5 válidas
        el concesionario → tomar lectura de este instrumento una vez al mes
        el concesionario → dejar constancia de esa lectura en una tarjeta que c
  [353/1272] DECRETO 3386 art 81: 4/4 válidas
        el concesionario → facturar
        el cliente del medidor general → pagar
  [354/1272] DECRETO 3386 art 82: 2/2 válidas
        Los concesionarios → suministrar a los consumidores que así lo soliciten,
        Dichos contratos → ser comunicados a la Dirección
  [355/1272] DECRETO 3386 art 86: 3/3 válidas
        La factura mensual → debe indicar
        En la misma factura o en un detall → deberá indicarse
  [356/1272] DECRETO 3386 art 87: 2/3 válidas
        Los consumidores → dar facilidades para que la Empresa pueda tomar lect
        Los consumidores → encerrar los medidores u ocultarlos en cualquier for
  [357/1272] DECRETO 3386 art 88: 1/1 válidas
        el concesionario → aceptar el reclamo
  [358/1272] DECRETO 3386 art 95: 4/4 válidas
        El consumidor → reclamar
        El depósito → hacerse
  [359/1272] DECRETO 3386 art 103: 1/1 válidas
        El propietario → dar aviso · plazo: con 15 días de anticipació
  [360/1272] DECRETO 3386 art 106: 5/5 válidas
        El dueño de una propiedad ocupada  → exigir
        el concesionario → retirar
  [361/1272] DECRETO 3386 art 109: 1/1 válidas
        el concesionario → comunicar · plazo: diez días
  [362/1272] DECRETO 3386 art 110: 1/2 válidas
        La Dirección → resolver · plazo: en un plazo no superior a 
  [363/1272] DECRETO 3386 art 113: 3/3 válidas
        el consumidor → depositar
        el consumidor fraudulento → hacer un nuevo depósito
  [364/1272] DECRETO 3386 art 120: 1/1 válidas
        el concesionario → reconectar un servicio suspendido por modificación f
  [365/1272] DECRETO 3386 art 129: 1/1 válidas
        concesionario → retirar los empalmes de servicios suspendidos
  [366/1272] DECRETO 3386 art 131: 1/1 válidas
        el concesionario → devolver
  [367/1272] DECRETO 3386 art 133: 1/1 válidas
        el concesionario → devolver el valor equivalente al consumo que corresp
  [368/1272] DECRETO 3386 art 141: 1/1 válidas
        el concesionario → descontar los consumos cobrados en exceso al consumi
  [369/1272] DECRETO 3386 art 142: 3/3 válidas
        Los concesionarios → tener libre acceso a horas hábiles para revisar los 
        el concesionario → suspender de inmediato el servicio
  [370/1272] DECRETO 3386 art 143: 1/1 válidas
        El concesionario → establecer el uso obligatorio de los medidores de su
  [371/1272] DECRETO 3386 art 146: 1/1 válidas
        el concesionario → retirar el medidor antiguo
  [372/1272] DECRETO 3386 art 151: 4/4 válidas
        Los concesionarios → llevar su contabilidad
        Los concesionarios → destinar a amortización del capital
  [373/1272] DECRETO 3386 art 153: 1/1 válidas
        el concesionario → presentará · plazo: al término de la construcc
  [374/1272] DECRETO 3386 art 155: 5/5 válidas
        Todo concesionario de servicio púb → remitir · plazo: durante el mes de Enero o 
        Con este objeto → incluir
  [375/1272] DECRETO 3386 art 159: 1/1 válidas
        el concesionario → presentar
  [376/1272] DECRETO 3386 art 164: 4/4 válidas
        el concesionario → firmar el convenio mutuo
        el concesionario → remitir un ejemplar del convenio mutuo
  [377/1272] DECRETO 3386 art 167: 2/2 válidas
        La contabilidad → llevarse · plazo: antes del 1º de Marzo cada
        un concesionario → proporcionar
  [378/1272] DECRETO 3386 art 168: 1/1 válidas
        Los concesionarios productores de  → instalar medidores totalizadores de la energía gener
  [379/1272] DECRETO 3386 art 169: 1/1 válidas
        Los concesionarios → llevar un libro auxiliar · plazo: hasta dos años después de 
  [380/1272] DECRETO 3386 art 172: 1/1 válidas
        la empresa generadora o distribuid → instalar medidores totalizadores de la energía consu
  [381/1272] DECRETO 3386 art 173: 2/2 válidas
        Todo concesionario → enviar · plazo: antes del primero de Marzo
        Cuando un concesionario posea más  → enviar
  [382/1272] DECRETO 3386 art 178: 5/5 válidas
        Los concesionarios → contratar libremente con sus consumidores el precio 
        Las tarifas especiales → ser aprobadas por la Dirección individualmente
  [383/1272] DECRETO 3386 art 184: 1/1 válidas
        El pliego de tarifas provisional → ser puesto en conocimiento del público · plazo: treinta días
  [385/1272] DECRETO 3386 art 192: 1/1 válidas
        Las solicitudes sobre implantación → deberán acompañarse
  [386/1272] DECRETO 3386 art 193: 4/4 válidas
        Los concesionarios → someter a la consideración del Gobierno
        Los concesionarios → publicar
  [387/1272] DECRETO 3386 art 194: 1/1 válidas
        la Dirección → estudiada · plazo: Treinta días
  [388/1272] DECRETO 3386 art 197: 1/1 válidas
        Los concesionarios → someter previamente los proyectos de contrato
  [389/1272] DECRETO 3386 art 207: 5/5 válidas
        Los concesionarios productores y d → pagarán una prima
        El Presidente de la República → fijará · plazo: treinta días después de la
  [390/1272] DECRETO 3386 art 221: 1/1 válidas
        Antes de efectuar la poda o corta  → darse aviso · plazo: diez días
  [391/1272] DECRETO 3386 art 222: 1/1 válidas
        los concesionarios interesados → corta o poda de los árboles
  [392/1272] DECRETO 3386 art 226: 1/1 válidas
        La poda de los árboles que pueden  → deberá hacerse · plazo: en cuanto sea posible
  [393/1272] DECRETO 3386 art 235: 1/1 válidas
        Las instalaciones destinadas a la  → cumplir
  [394/1272] DECRETO 3386 art 236: 2/2 válidas
        La Dirección → fijará las modificaciones · plazo: los plazos de ejecución de
        El último servicio que ha sido ins → deberán ser pagados
  [396/1272] DECRETO 37 art 4: 1/1 válidas
        Los propietarios, arrendatarios, u → dar las facilidades necesarias
  [397/1272] DECRETO 37 art 5: 1/1 válidas
        Las empresas transmisoras → deberán permitir
  [398/1272] DECRETO 37 art 6: 3/3 válidas
        El Coordinador → garantizar el acceso abierto a todos los Sistemas de
        El Coordinador → autorizar la conexión a los Sistemas de Transmisión · plazo: dentro de los plazos defin
  [399/1272] DECRETO 37 art 7: 1/1 válidas
        Las conexiones a los Sistemas de T → deberán cumplir
  [401/1272] DECRETO 37 art 10: 5/5 válidas
        los propietarios, arrendatarios, u → establecer exigencias o estándares técnicos
        los propietarios, arrendatarios, u → ejercer acciones o actuaciones
  [402/1272] DECRETO 37 art 11: 2/2 válidas
        Los propietarios, arrendatarios, u → no podrán negar el acceso al servicio de transporte 
        El Coordinador → deberá autorizar la conexión a los Sistemas de Trans · plazo: dentro de los plazos defin
  [403/1272] DECRETO 37 art 12: 5/5 válidas
        El Coordinador → autorizará la conexión a los Sistemas de Transmisión
        El Coordinador → establecerá la prelación de las solicitudes
  [404/1272] DECRETO 37 art 15: 4/4 válidas
        Cualquier interesado → presentar
        El Coordinador → publicar
  [405/1272] DECRETO 37 art 16: 1/1 válidas
        el solicitante → señalar
  [406/1272] DECRETO 37 art 18: 3/3 válidas
        El Coordinador → comunicará · plazo: no superior a veinte días
        El Coordinador → comunicará · plazo: no podrá ser mayor a dos m
  [407/1272] DECRETO 37 art 19: 4/4 válidas
        El Coordinador → definir como contraparte técnica a un profesional de
        El Coordinador → establecer las fechas para la realización de la o la
  [408/1272] DECRETO 37 art 21: 2/5 válidas
        Coordinador → emitirá y comunicará · plazo: treinta días
        Coordinador → Definir
  [409/1272] DECRETO 37 art 22: 2/2 válidas
        El Coordinador → poner en conocimiento · plazo: en el plazo señalado en el
        El Coordinador → poner en conocimiento · plazo: en el plazo que disponga e
  [410/1272] DECRETO 37 art 23: 3/3 válidas
        El Coordinador → emitir y comunicar · plazo: veinte días
        El Coordinador → comunicar
  [411/1272] DECRETO 37 art 24: 1/1 válidas
        El titular de la autorización → presentar los antecedentes necesarios
  [412/1272] DECRETO 37 art 25: 2/2 válidas
        El Coordinador → dejar sin efecto la autorización de conexión
        El Coordinador → informar dicha situación
  [413/1272] DECRETO 37 art 26: 1/1 válidas
        El Coordinador → publicar
  [414/1272] DECRETO 37 art 27: 1/1 válidas
        El Coordinador → considerar
  [415/1272] DECRETO 37 art 28: 1/1 válidas
        El proyecto asociado a la autoriza → cumplir
  [416/1272] DECRETO 37 art 29: 1/1 válidas
        Los propietarios, arrendatarios, u → permitir la conexión a sus instalaciones a quien lo 
  [417/1272] DECRETO 37 art 30: 1/1 válidas
        Los propietarios, arrendatarios, u → deberán ser valorizadas y remuneradas
  [418/1272] DECRETO 37 art 32: 2/2 válidas
        Coordinador → establecer los pagos
        Coordinador → determinar los pagos
  [419/1272] DECRETO 37 art 34: 1/1 válidas
        el solicitante → requerir la aprobación de ejecución de obras necesar
  [420/1272] DECRETO 37 art 35: 2/2 válidas
        El Coordinador → ordenará sin más trámite la desconexión
        El Coordinador → deberá informar · plazo: en el más breve plazo posi
  [422/1272] DECRETO 37 art 40: 2/2 válidas
        Comisión → autorizadas en forma previa y excepcional
        Comisión → analizadas y autorizadas
  [423/1272] DECRETO 37 art 41: 6/6 válidas
        El Coordinador → informar · plazo: dentro de los tres días si
        El Coordinador → aprobar o rechazar · plazo: dentro del plazo de treint
  [424/1272] DECRETO 37 art 42: 3/3 válidas
        La Comisión → autorizar o rechazar fundadamente la ejecución de la · plazo: treinta días
        La Comisión → contener, al menos, lo siguiente
  [425/1272] DECRETO 37 art 43: 1/1 válidas
        Comisión → rechazar
  [426/1272] DECRETO 37 art 44: 2/2 válidas
        El titular de la obra → proporcionar · plazo: dentro del plazo que le ha
        el propietario de la obra → estar disponible
  [427/1272] DECRETO 37 art 45: 1/1 válidas
        algún solicitante → informar fundamente
  [428/1272] DECRETO 37 art 46: 1/1 válidas
        el Coordinador → evaluarlas conjuntamente · plazo: quince días
  [429/1272] DECRETO 37 art 47: 1/1 válidas
        Los propietarios, arrendatarios, u → permitir la conexión a sus instalaciones a quien cue
  [430/1272] DECRETO 37 art 49: 5/5 válidas
        Los propietarios, arrendatarios, u → presentar
        El Coordinador → publicar
  [431/1272] DECRETO 37 art 50: 1/1 válidas
        Cualquier interesado → presentar
  [432/1272] DECRETO 37 art 51: 5/5 válidas
        El interesado → presentar
        El Coordinador → establecer
  [434/1272] DECRETO 37 art 53: 7/7 válidas
        El Coordinador → comunicará los resultados del examen de admisibilida · plazo: diez días, contado desde l
        El Coordinador → declarará admisible la solicitud y comunicará dicha  · plazo: no superior a veinte días,
  [435/1272] DECRETO 37 art 54: 2/2 válidas
        El Coordinador → rechazar la Solicitud de Uso de Capacidad Técnica Di
        El Coordinador → proseguir con el procedimiento que este reglamento e
  [436/1272] DECRETO 37 art 55: 2/2 válidas
        El Coordinador → emitirá · plazo: veinte días contado desde 
        El Coordinador → publicar · plazo: dentro del plazo señalado 
  [437/1272] DECRETO 37 art 56: 1/1 válidas
        El Coordinador → emitir y comunicar · plazo: quince días
  [438/1272] DECRETO 37 art 57: 2/3 válidas
        Coordinador → aprueba la Solicitud de Uso de Capacidad Técnica Dis
        Coordinador → rechazada
  [439/1272] DECRETO 37 art 58: 1/1 válidas
        La o las instalaciones del solicit → deberán haber sido declaradas en construcción · plazo: dentro del plazo señalado 
  [440/1272] DECRETO 37 art 60: 3/3 válidas
        El Coordinador → determinará fundadamente la capacidad técnica dispon
        El Coordinador → considerar las instalaciones de transmisión dedicada
  [441/1272] DECRETO 37 art 61: 2/2 válidas
        los propietarios, arrendatarios, u → poner en conocimiento
        los propietarios, arrendatarios, u → remitir · plazo: al quinto día de su celebr
  [444/1272] DECRETO 37 art 65: 2/2 válidas
        el Coordinador → publicar · plazo: Anualmente y para un horiz
        el Coordinador → actualizar · plazo: al menos mensualmente
  [445/1272] DECRETO 37 art 66: 1/1 válidas
        El solicitante → ajustarse
  [446/1272] DECRETO 37 art 67: 1/1 válidas
        El propietario, arrendatario, usuf → dar aviso · plazo: no inferior a cuatro años
  [447/1272] DECRETO 37 art 68: 1/1 válidas
        Los costos de las adecuaciones, mo → serán de cargo del solicitante
  [448/1272] DECRETO 37 art 70: 1/1 válidas
        La Planificación de la Transmisión → deberá considerar
  [449/1272] DECRETO 37 art 71: 6/6 válidas
        La Planificación de la Transmisión → deberá considerar
        La Planificación de la Transmisión → deberá realizarse considerando
  [450/1272] DECRETO 37 art 73: 4/4 válidas
        El Proceso de Planificación → contemplar
        la Comisión → proponer
  [451/1272] DECRETO 37 art 74: 1/1 válidas
        La Planificación de la Transmisión → deberá considerar
  [452/1272] DECRETO 37 art 76: 1/1 válidas
        La Comisión → considerar
  [453/1272] DECRETO 37 art 77: 1/1 válidas
        el Ministerio → remitir · plazo: dentro del primer trimestr
  [454/1272] DECRETO 37 art 79: 1/1 válidas
        La Planificación de la Transmisión → deberá considerar
  [455/1272] DECRETO 37 art 80: 1/1 válidas
        la Comisión → individualizarlas
  [456/1272] DECRETO 37 art 81: 1/1 válidas
        las distribuidoras → presentar anualmente a la Comisión · plazo: dentro del mismo plazo de 
  [457/1272] DECRETO 37 art 82: 1/1 válidas
        La Comisión → utilizará
  [458/1272] DECRETO 37 art 83: 4/6 válidas
        La Comisión → ajustar cada uno de los Escenarios Energéticos defin
        La Comisión → definiendo la capacidad de expansión de generación y
  [459/1272] DECRETO 37 art 84: 5/5 válidas
        El Ministerio → proporcionar
        el análisis → justificar
  [460/1272] DECRETO 37 art 85: 4/4 válidas
        la Comisión → aplicar
        la Comisión → utilizar
  [462/1272] DECRETO 37 art 87: 7/7 válidas
        La Comisión → revisar los antecedentes referidos en los Capítulos 
        La Comisión → efectuar un diagnóstico de los Sistemas de Transmisi
  [463/1272] DECRETO 37 art 88: 1/1 válidas
        La Comisión → determinar
  [464/1272] DECRETO 37 art 89: 1/1 válidas
        La Comisión → determinar
  [466/1272] DECRETO 37 art 91: 6/6 válidas
        La Comisión → determinar
        La Comisión → considerar
  [467/1272] DECRETO 37 art 92: 6/6 válidas
        La Comisión → determinar
        La Comisión → determinar
  [468/1272] DECRETO 37 art 93: 6/6 válidas
        La Comisión → determinar
        La Comisión → calcular
  [469/1272] DECRETO 37 art 94: 5/5 válidas
        La Comisión → definirá la cartera de proyectos asociados a cada EG
        La Comisión → definir una o más carteras adicionales
  [470/1272] DECRETO 37 art 95: 5/5 válidas
        La Comisión → considerar en la Planificación de la Transmisión la 
        Las expansiones de instalaciones p → no degradar el desempeño de las instalaciones dedica
  [471/1272] DECRETO 37 art 96: 2/2 válidas
        La Comisión → señalar
        El Coordinador → resguardar
  [472/1272] DECRETO 37 art 97: 1/1 válidas
        los interesados → comunicar · plazo: durante los primeros quinc
  [473/1272] DECRETO 37 art 98: 7/7 válidas
        La Comisión → incorporar
        La Comisión → cambiar
  [474/1272] DECRETO 37 art 99: 2/2 válidas
        El Coordinador → informar
        los promotores y desarrolladores → informar · plazo: treinta días
  [475/1272] DECRETO 37 art 100: 3/3 válidas
        La Comisión → caucionará la materialización futura de los proyecto
        La Comisión → establecerá e informará
  [477/1272] DECRETO 37 art 102: 7/7 válidas
        Los Sistemas de Almacenamiento de  → prestar servicios de transmisión permitiendo reducir
        El dimensionamiento de estos siste → deberá estar adaptado a la demanda
  [478/1272] DECRETO 37 art 103: 2/2 válidas
        El informe técnico que contenga el → incluir
        Las bases de licitación → especificar
  [479/1272] DECRETO 37 art 104: 4/4 válidas
        el Coordinador → publicará un informe de operación de los Sistemas de
        el Coordinador → recomendar y justificar las posibles acciones correc
  [480/1272] DECRETO 37 art 105: 1/1 válidas
        Las empresas → informar · plazo: dentro de los plazos estab
  [481/1272] DECRETO 37 art 106: 7/7 válidas
        el Coordinador → enviar · plazo: Dentro de los primeros qui
        el Coordinador → solicitar · plazo: el primer trimestre del añ
  [482/1272] DECRETO 37 art 107: 5/6 válidas
        La Comisión → publicar · plazo: dentro de los cinco días c
        La Comisión → convocar · plazo: dentro de los cinco días c
  [483/1272] DECRETO 37 art 108: 2/2 válidas
        Los promotores de proyectos de exp → presentar · plazo: sesenta días corridos
        la Comisión → publicar · plazo: diez días
  [484/1272] DECRETO 37 art 109: 1/1 válidas
        Los promotores de proyectos → dar respuesta por escrito · plazo: dentro del plazo que esta 
  [485/1272] DECRETO 37 art 110: 1/1 válidas
        El Coordinador → actualizar, complementar o corregir su propuesta de  · plazo: treinta días
  [486/1272] DECRETO 37 art 111: 4/4 válidas
        la Comisión → emitirá el informe técnico preliminar · plazo: Durante el tercer trimestr
        la Comisión → publicar · plazo: en la misma oportunidad
  [487/1272] DECRETO 37 art 112: 1/1 válidas
        la Comisión → emitirá y comunicará · plazo: Dentro de los treinta días
  [488/1272] DECRETO 37 art 114: 2/2 válidas
        la Comisión → remitir · plazo: dentro de los tres días si
        la Comisión → remitir · plazo: quince días desde la comun
  [489/1272] DECRETO 37 art 117: 1/1 válidas
        La Comisión → abrirá un Registro de Participación
  [490/1272] DECRETO 37 art 118: 3/3 válidas
        la Comisión → efectuar un llamado público o convocatoria para insc
        el aviso con el llamado o convocat → publicarse dos días consecutivos en un diario de cir
  [491/1272] DECRETO 37 art 119: 2/2 válidas
        Los Participantes → presentar
        Los Usuarios e Instituciones Inter → acompañar
  [492/1272] DECRETO 37 art 120: 3/3 válidas
        La Comisión → revisará los antecedentes presentados · plazo: Dentro de los cinco días s
        el solicitante → subsane la falta o acompañe los antecedentes respect · plazo: en un plazo de cinco días
  [493/1272] DECRETO 37 art 123: 4/4 válidas
        La Comisión → actualizar los registros · plazo: cada cuatro años
        La Comisión → efectuar una nueva convocatoria · plazo: al término del referido pe
  [494/1272] DECRETO 37 art 126: 7/7 válidas
        El Coordinador → elaborar las correspondientes bases que regirán el p
        El Coordinador → realizar el llamado a licitación de todas las Obras 
  [495/1272] DECRETO 37 art 127: 3/3 válidas
        Las bases de licitación → deberán ajustarse
        Las bases y el proceso de licitaci → deberán sujetarse
  [496/1272] DECRETO 37 art 128: 3/3 válidas
        Las bases de licitación → deberán contener y especificar a lo menos
        Las bases de licitación → deberán establecer
  [497/1272] DECRETO 37 art 130: 1/1 válidas
        Los plazos del proceso de licitaci → deberán contemplar
  [498/1272] DECRETO 37 art 131: 2/2 válidas
        La adjudicación de las Obras de Ex → deberá estar finalizada · plazo: diez meses contado desde l
        el plazo máximo de adjudicación → será de ocho meses · plazo: ocho meses contado desde l
  [499/1272] DECRETO 37 art 133: 2/3 válidas
        El Coordinador → tener en consideración
        El Coordinador → establecer
  [500/1272] DECRETO 37 art 134: 2/2 válidas
        El Coordinador → deberá, al momento de elaborar las bases de licitaci
        El Coordinador → deberá contar con una nómina permanente de proponent
  [501/1272] DECRETO 37 art 135: 4/4 válidas
        El Coordinador → agrupar
        El Coordinador → procurar
  [502/1272] DECRETO 37 art 136: 8/8 válidas
        Las garantías que se exijan a los  → deberán considerar
        Las multas por atraso de las obras → deberán ser definidas
  [503/1272] DECRETO 37 art 137: 2/2 válidas
        Los llamados de licitación, actos  → deberán efectuarse
        Las mismas bases → deberán contener
  [504/1272] DECRETO 37 art 138: 4/4 válidas
        El Coordinador → establecer mecanismos electrónicos de recepción de o
        El Coordinador → presentar ofertas económicas separadamente de las of
  [505/1272] DECRETO 37 art 139: 1/1 válidas
        El Coordinador → cautelar el estricto cumplimiento de la custodia y c
  [506/1272] DECRETO 37 art 140: 3/3 válidas
        el Coordinador → solicitar a los oferentes que enmienden errores, omi
        el Coordinador → pedir antecedentes adicionales
  [507/1272] DECRETO 37 art 141: 1/1 válidas
        funcionarios de la Comisión → guardar absoluta reserva · plazo: hasta la apertura de las o
  [508/1272] DECRETO 37 art 142: 1/1 válidas
        El proceso de evaluación efectuado → permitir que cada una de las alternativas y el resul
  [509/1272] DECRETO 37 art 143: 3/3 válidas
        El Coordinador → resolver la licitación y adjudicará los derechos de  · plazo: sesenta días
        El Coordinador → comunicar el resultado de la licitación
  [510/1272] DECRETO 37 art 144: 4/4 válidas
        Las Obras Nuevas → se adjudicarán
        Las ofertas económicas → deberán expresarse
  [511/1272] DECRETO 37 art 145: 4/4 válidas
        El Coordinador → declarar total o parcialmente desierta la licitación
        El Coordinador → levantar un acta · plazo: 48 horas
  [512/1272] DECRETO 37 art 146: 7/7 válidas
        El Coordinador → licitar nuevamente
        El Coordinador → modificar los plazos del proceso
  [513/1272] DECRETO 37 art 147: 2/2 válidas
        La Comisión → remitirá · plazo: Dentro de los cinco días s
        La Comisión → calculará
  [514/1272] DECRETO 37 art 148: 1/1 válidas
        El Ministro de Energía → dictará un decreto supremo · plazo: veinte días
  [515/1272] DECRETO 37 art 149: 1/1 válidas
        propietarios, arrendatarios, usufr → dar las facilidades necesarias y permitir el acceso 
  [516/1272] DECRETO 37 art 152: 7/7 válidas
        El Coordinador → supervisar
        El Coordinador → realizar las auditorías
  [517/1272] DECRETO 37 art 153: 5/5 válidas
        El Coordinador → adoptar las medidas y acciones, y destinar los recur
        El Coordinador → designar un auditor o un inspector técnico
  [518/1272] DECRETO 37 art 154: 1/1 válidas
        Los adjudicatarios de las Obras de → disponer de medidas necesarias
  [519/1272] DECRETO 37 art 155: 2/2 válidas
        La empresa propietaria de las inst → participar en la supervisión de la ejecución de la o
        La empresa propietaria de las inst → disponer de una auditoría técnica o una inspección t · plazo: oportunamente
  [520/1272] DECRETO 37 art 156: 1/1 válidas
        Las Empresas transmisoras → dar las facilidades necesarias
  [521/1272] DECRETO 37 art 157: 4/4 válidas
        El Coordinador → emitir un informe
        El Coordinador → comunicar
  [522/1272] DECRETO 37 art segundo: 2/2 válidas
        El Ministerio → emitir
        El Ministerio → comunicar · plazo: dentro de los cinco días s
  [523/1272] DECRETO 37 art primero transitorio: 1/1 válidas
        La Comisión → actualizar y publicar · plazo: dentro de los dos años sig
  [525/1272] DECRETO 44 art 7°: 4/4 válidas
        Los integrantes del Panel → ejercerán sus funciones · plazo: por seis años
        Los integrantes del Panel → serán designados por un nuevo período
  [526/1272] DECRETO 44 art 9°: 2/2 válidas
        las personas designadas por el Tri → renunciar
        el Ministerio → requerirá · plazo: diez días
  [527/1272] DECRETO 44 art 10: 1/1 válidas
        Los integrantes del Panel → abstenerse de intervenir
  [528/1272] DECRETO 44 art 11: 1/1 válidas
        el secretario abogado → emitir un informe · plazo: dentro de los dos días sig
  [529/1272] DECRETO 44 art 15: 3/3 válidas
        El Panel → contará con un secretario abogado
        El abogado designado por el Tribun → será nombrado mediante resolución del Ministerio
  [530/1272] DECRETO 44 art 20: 1/1 válidas
        El Panel → presentar · plazo: antes del 30 de septiembre
  [531/1272] DECRETO 44 art 21: 1/1 válidas
        El presupuesto del Panel → deberá comprender
  [532/1272] DECRETO 44 art 22: 1/1 válidas
        la Subsecretaría → solicitar · plazo: en el plazo y en la forma 
  [533/1272] DECRETO 44 art 23: 1/1 válidas
        La Subsecretaría → aprobar el presupuesto anual del Panel · plazo: antes del 31 de octubre de
  [534/1272] DECRETO 44 art 24: 1/1 válidas
        el Panel → presentar · plazo: Dentro de los primeros cua
  [535/1272] DECRETO 44 art 25: 4/4 válidas
        usuarios finales, libres y sujetos → pagar
        empresa distribuidora → efectuar el pago
  [536/1272] DECRETO 44 art 26: 7/7 válidas
        Las empresas distribuidoras y sumi → informar · plazo: a más tardar el día 10 de 
        El Coordinador → consolidar · plazo: dentro de los cinco días s
  [537/1272] DECRETO 44 art 31: 4/5 válidas
        Las discrepancias y conflictos → presentarse · plazo: quince días
        El Coordinado → enviar · plazo: el día de su presentación
  [538/1272] DECRETO 44 art 32: 8/8 válidas
        las discrepancias → recaer sobre materias de competencia del Panel
        las discrepancias → presentarse dentro del plazo que corresponda
  [539/1272] DECRETO 44 art 33: 6/6 válidas
        el secretario abogado → poner en conocimiento · plazo: veinticuatro horas
        el Panel de Expertos → notificar · plazo: tres días
  [540/1272] DECRETO 44 art 34: 5/5 válidas
        El Panel de Expertos → acordará un programa de trabajo
        El programa de trabajo → contemplará la comunicación de la discrepancia a las · plazo: siete días contados desde 
  [542/1272] DECRETO 57 art 9º: 3/3 válidas
        los miembros de la agrupación → estar conectados a las redes de distribución del mis
        los miembros de la agrupación → acreditar la propiedad conjunta del Equipamiento de 
  [543/1272] DECRETO 57 art 10º: 1/1 válidas
        Los miembros de la agrupación → suscribir un contrato de propiedad conjunta
  [545/1272] DECRETO 57 art 12º: 5/5 válidas
        las Empresas Distribuidoras → mantener a disposición
        las Empresas Distribuidoras → mantener a disposición
  [546/1272] DECRETO 57 art 13º: 3/3 válidas
        Usuario Final o el representante d → presentar una SCR
        Empresa Distribuidora → requerir fundadamente al solicitante · plazo: 5 días contado desde la re
  [547/1272] DECRETO 57 art 14º: 1/1 válidas
        La Empresa Distribuidora → evaluar · plazo: 20 días
  [548/1272] DECRETO 57 art 15º: 4/5 válidas
        la Empresa Distribuidora → deberá responder la SCR · plazo: 5 días
        la Empresa Distribuidora → deberá responder la SCR · plazo: 10 días
  [549/1272] DECRETO 57 art 16º: 2/2 válidas
        La Empresa Distribuidora → deberá responder · plazo: 20 días contado desde su p
        La Empresa Distribuidora → deberá responder · plazo: 40 días contados desde la 
  [550/1272] DECRETO 57 art 17º: 3/4 válidas
        La respuesta a la SCR de la Empres → deberá incluir
        El modelo de contrato → deberá estar disponible públicamente
  [551/1272] DECRETO 57 art 18º: 1/1 válidas
        la Empresa Distribuidora → deberá acreditar
  [552/1272] DECRETO 57 art 19º: 2/2 válidas
        La Empresa Distribuidora → valorización de las actividades necesarias para efec
        El Usuario Final → manifestar a la Empresa Distribuidora su conformidad · plazo: 20 días contado desde la f
  [553/1272] DECRETO 57 art 20º: 3/4 válidas
        El Usuario Final → aumentar o disminuir la Capacidad Instalada del Equi
        El Usuario Final → comunicar a la Empresa Distribuidora la modificación
  [554/1272] DECRETO 57 art 22º: 3/3 válidas
        La Empresa Distribuidora → emitir una respuesta a la SCR · plazo: 10 días contado desde la f
        El Usuario Final → manifestar su conformidad · plazo: 10 días desde la fecha de 
  [555/1272] DECRETO 57 art 24º: 5/5 válidas
        El Usuario Final → presente la NC
        El Usuario Final → presente a la Empresa Distribuidora la solicitud de 
  [556/1272] DECRETO 57 art 25º: 1/1 válidas
        La instalación de un Equipamiento  → deberá ejecutarse · plazo: dentro del plazo estableci
  [557/1272] DECRETO 57 art 26º: 4/4 válidas
        La energización del Equipamiento d → deberá ser informada
        Al mismo trámite → deberán someterse
  [558/1272] DECRETO 57 art 27º: 2/2 válidas
        Usuario Final → presentar una NC · plazo: Dentro del plazo estableci
        Empresa Distribuidora → verificar que el contrato de propiedad conjunta cont
  [559/1272] DECRETO 57 art 28º: 3/3 válidas
        Empresa Distribuidora → verificar
        Usuario Final → corregir o complementar · plazo: 5 días
  [560/1272] DECRETO 57 art 29º: 11/11 válidas
        La Empresa Distribuidora → efectuar o supervisar la conexión del Equipamiento d
        La Empresa Distribuidora → acordar la fecha y hora de conexión · plazo: 5 días
  [561/1272] DECRETO 57 art 30º: 1/1 válidas
        Las Empresas Distribuidoras → disponer de un modelo de contrato de conexión
  [562/1272] DECRETO 57 art 31º: 4/4 válidas
        Usuario Final → adjuntar · plazo: no mayor a 30 días
        Usuario Final → acompañar · plazo: no mayor a 30 días
  [563/1272] DECRETO 57 art 32º: 2/2 válidas
        La Empresa Distribuidora → comunicar · plazo: 5 días contado desde el in
        La Empresa Distribuidora → remitir
  [564/1272] DECRETO 57 art 33º: 3/3 válidas
        La Empresa Distribuidora → realizar las modificaciones respectivas en las factu
        El representante de los propietari → enviar a la Empresa Distribuidora una copia de la mo · plazo: 20 días
  [565/1272] DECRETO 57 art 34º: 1/1 válidas
        El Usuario Final o el representant → presentar una nueva NC · plazo: una vez dentro del mismo a
  [566/1272] DECRETO 57 art 35º: 1/1 válidas
        Empresa Distribuidora → responder a dicha solicitud · plazo: 20 días
  [567/1272] DECRETO 57 art 36º: 2/2 válidas
        la Superintendencia → resolver
        la Empresa Distribuidora → modificación del contrato de conexión y del contrato · plazo: 20 días
  [568/1272] DECRETO 57 art 37º: 4/4 válidas
        Toda modificación a las caracterís → ser informada
        La Empresa Distribuidora → comunicar
  [569/1272] DECRETO 57 art 38º: 1/1 válidas
        Cualquier modificación al Equipami → deberá someterse
  [570/1272] DECRETO 57 art 39º: 1/1 válidas
        La Empresa Distribuidora → justificar
  [571/1272] DECRETO 57 art 40º: 8/8 válidas
        El propietario de esta última inst → solventar
        La Comisión → emitir un informe técnico
  [572/1272] DECRETO 57 art 41º: 8/8 válidas
        La Empresa Distribuidora → señalar detalladamente aquellas Obras Adicionales, A
        La Empresa Distribuidora → establecer un plazo de ejecución conjunto para reali
  [573/1272] DECRETO 57 art 42º: 3/3 válidas
        la Empresa Distribuidora → estimar el valor presente del costo de inversión de  · plazo: 10 años a contar del año s
        la Empresa Distribuidora → estimar el valor presente del costo de inversión de  · plazo: el mismo periodo utilizado
  [574/1272] DECRETO 57 art 43º: 3/3 válidas
        La Empresa Distribuidora → informar anualmente · plazo: anualmente
        La Empresa Distribuidora → identificar
  [575/1272] DECRETO 57 art 45º: 4/4 válidas
        La Empresa Distribuidora → establecer
        La Empresa Distribuidora → considerar
  [576/1272] DECRETO 57 art 46º: 1/1 válidas
        Las SCR de los Usuarios Finales → deberán ser evaluadas
  [577/1272] DECRETO 57 art 47º: 5/5 válidas
        La Capacidad Instalada Permitida y → serán calculadas
        El cálculo → deberá considerar
  [578/1272] DECRETO 57 art 48º: 5/5 válidas
        la Empresa Distribuidora → calcular un límite agregado a la Capacidad Instalada
        la Empresa Distribuidora → realizar estudios
  [579/1272] DECRETO 57 art 50º: 9/9 válidas
        La Empresa Distribuidora → obtener las medidas de las inyecciones de energía el
        La Empresa Distribuidora → dejar una constancia de esta situación mediante una 
  [580/1272] DECRETO 57 art 51º: 1/1 válidas
        La Empresa Distribuidora → remitir · plazo: dos meses
  [583/1272] DECRETO 57 art 56º: 1/1 válidas
        Las inyecciones de energía valoriz → deberán ser descontadas
  [584/1272] DECRETO 57 art 57º: 1/1 válidas
        Las inyecciones de energía valoriz → deberán ser descontadas
  [585/1272] DECRETO 57 art 59º: 5/6 válidas
        Las Empresas Distribuidoras → instalar un medidor general bidireccional en el empa
        La Empresa Distribuidora → ser responsable de la recolección de los datos de to
  [586/1272] DECRETO 57 art 60º: 1/1 válidas
        La Empresa Distribuidora → remite · plazo: dentro del plazo acordado 
  [587/1272] DECRETO 57 art 61º: 4/4 válidas
        La Empresa Distribuidora → informar
        La Empresa Distribuidora → considerar
  [588/1272] DECRETO 57 art 63º: 1/1 válidas
        La Empresa Distribuidora → informar
  [589/1272] DECRETO 57 art 64º: 1/1 válidas
        la Empresa Distribuidora → verificar nuevamente el cumplimiento de las condicio
  [590/1272] DECRETO 57 art 65º: 2/2 válidas
        Las Empresas Distribuidoras → comunicar · plazo: el último día hábil del me
        Las Empresas Distribuidoras → informar
  [591/1272] DECRETO 57 art 67º: 1/1 válidas
        los remanentes no descontados ante → ser incorporados
  [592/1272] DECRETO 57 art 69º: 3/3 válidas
        la Empresa Distribuidora que corre → remitirá
        la Empresa Distribuidora → remitirá · plazo: 10 días antes de la fecha 
  [593/1272] DECRETO 57 art 70º: 3/3 válidas
        El Cliente → convenir
        Una copia autorizada del respectiv → entregarse
  [594/1272] DECRETO 57 art 72º: 1/1 válidas
        La Empresa Distribuidora → remitir una copia
  [595/1272] DECRETO 57 art 73º: 1/1 válidas
        el solicitante, el Usuario Final o → presentar una nueva SCR
  [596/1272] DECRETO 57 art 74º: 1/1 válidas
        Las Empresas Distribuidoras → permitir la conexión del Equipamiento de Generación
  [597/1272] DECRETO 57 art 75º: 3/3 válidas
        El Usuario Final → solicitar
        La Empresa Distribuidora → responder
  [598/1272] DECRETO 57 art 76º: 4/4 válidas
        Las Empresas Distribuidoras → no podrán imponer a los Usuarios Finales que deseen 
        Las Empresas Distribuidoras → velar por que la conexión del Equipamiento de Genera
  [599/1272] DECRETO 57 art 77º: 2/2 válidas
        Las Empresas Distribuidoras → poner a disposición
        Las Empresas Distribuidoras → acompañar
  [600/1272] DECRETO 57 art 79º: 1/1 válidas
        Empresa Distribuidora → corrija su respuesta · plazo: 5 días contados desde el r
  [601/1272] DECRETO 57 art 80º: 4/4 válidas
        Los Equipamientos de Generación de → no podrán inyectar sus excedentes de energía a la re
        Los Sistemas de Autogeneración → no podrán inyectar sus excedentes a la red de distri
  [603/1272] DECRETO 61 art primero transitorio: 1/1 válidas
        los pagos de peajes → se deberán efectuar provisionalmente
  [606/1272] DECRETO 62 art 3º: 1/1 válidas
        Los Participantes del Balance de P → deberán estar en condiciones de satisfacer, en cada  · plazo: en cada año
  [607/1272] DECRETO 62 art 4º: 4/4 válidas
        El Coordinador → comunicará · plazo: a más tardar el último día
        El Coordinador → comunicará · plazo: a más tardar el último día
  [608/1272] DECRETO 62 art 5°: 3/3 válidas
        Las reliquidaciones → deberán ser pagadas
        El interés → se entenderá devengado
  [609/1272] DECRETO 62 art 6°: 1/1 válidas
        El Coordinador → realizados · plazo: en los plazos que se señal
  [610/1272] DECRETO 62 art 7º: 2/2 válidas
        cada Unidad Generadora o sistema d → se le asignará una Potencia de Suficiencia definitiv
        cada Participante del Balance de P → deberá contar con un contrato de suministro
  [611/1272] DECRETO 62 art 8º: 2/4 válidas
        Las empresas que no participen de  → solicitar al Coordinador ser incluidas en las transf
        Las empresas que no participen de  → aportar todos los antecedentes e información · plazo: de acuerdo a los plazos se
  [612/1272] DECRETO 62 art 9º: 1/1 válidas
        Coordinador → adoptar simplificaciones o agrupaciones
  [614/1272] DECRETO 62 art 14: 7/7 válidas
        los Participantes del Balance de P → proporcionar
        los Participantes del Balance de P → proporcionar
  [615/1272] DECRETO 62 art 15: 1/1 válidas
        los Participantes del Balance de P → proporcionar
  [616/1272] DECRETO 62 art 20: 1/4 válidas
        el correspondiente Participante de → solicitar · plazo: 15 días corridos
  [617/1272] DECRETO 62 art 22: 5/5 válidas
        El Coordinador → realizará una verificación de la Potencia Máxima · plazo: Durante cada año
        El Coordinador → realizar la verificación para la central o grupo de 
  [618/1272] DECRETO 62 art 23: 1/1 válidas
        Los criterios y condiciones → deberán ser transparentes, no arbitrarios ni discrim
  [619/1272] DECRETO 62 art 24: 1/1 válidas
        para dicha Unidad Generadora o Sis → se deberá emplear
  [620/1272] DECRETO 62 art 25: 3/3 válidas
        El Coordinador → llevar un control estadístico de los estados operati
        El Coordinador → establecer Estados Disponibles, Estados No Disponibl
  [621/1272] DECRETO 62 art 25 bis: 5/5 válidas
        El Coordinador → evaluar la solicitud · plazo: 20 días hábiles contado de
        El Coordinador → verificar · plazo: 20 días hábiles contado de
  [622/1272] DECRETO 62 art 25 quinquies: 4/4 válidas
        El Coordinador → analizar · plazo: mensualmente
        El Coordinador → determinar
  [624/1272] DECRETO 62 art 28: 2/2 válidas
        los respectivos Participantes del  → acreditar
        dichos participantes → contar
  [625/1272] DECRETO 62 art 30: 7/7 válidas
        Las unidades generadoras → declarar capacidad de respaldo
        La declaración de capacidad de res → deberá ser acompañada de una certificación emitida p
  [627/1272] DECRETO 62 art 34 bis: 1/1 válidas
        el Coordinador → calcular su potencia inicial
  [629/1272] DECRETO 62 art 36: 4/4 válidas
        Unidades Generadoras → hacer uso de la información disponible
        La Potencia Inicial → ser determinada
  [630/1272] DECRETO 62 art 37 bis: 1/1 válidas
        propietario de la instalación → declarar
  [632/1272] DECRETO 62 art 44: 2/2 válidas
        Unidades Generadoras → comprobar
        Unidades Generadoras → colocar
  [633/1272] DECRETO 62 art 48: 1/1 válidas
        el caudal afluente de cada unidad  → deberá considerar adecuadamente
  [634/1272] DECRETO 62 art 49: 1/1 válidas
        el Coordinador → utilizar
  [638/1272] DECRETO 62 art 53º bis: 3/3 válidas
        Coordinador → realizar una verificación de su disponibilidad efect · plazo: cada 2 años
        Participante del Balance de Potenc → enviar al Coordinador una actualización de esta disp · plazo: inmediatamente
  [640/1272] DECRETO 62 art 55: 1/1 válidas
        Entre el segundo y cuarto año de i → la indisponibilidad forzada se obtendrá como el prom
  [642/1272] DECRETO 62 art 57: 1/1 válidas
        se deberán → utilizar criterios de proporcionalidad
  [643/1272] DECRETO 62 art 58: 3/3 válidas
        Unidades Generadoras y Sistemas de → calcularse
        La potencia → igualar
  [644/1272] DECRETO 62 art 58 bis: 1/1 válidas
        Unidades Generadoras térmicas que  → contar con sistemas de información y comunicación
  [645/1272] DECRETO 62 art 60: 1/1 válidas
        Se deberá verificar → verificar
  [646/1272] DECRETO 62 art 62: 3/3 válidas
        El Coordinador → determinar el Margen de Potencia para cada uno de lo
        El Coordinador → comunicar los Márgenes de Potencia
  [647/1272] DECRETO 62 art 63 bis: 7/7 válidas
        Comisión → determinar los periodos de control de punta
        Comisión → realizar un informe técnico de periodo de control de · plazo: cada cuatro años
  [648/1272] DECRETO 62 art 64: 1/1 válidas
        El Coordinador → llevar un registro
  [649/1272] DECRETO 62 art 66: 1/1 válidas
        El Coordinador → establecer un balance físico
  [652/1272] DECRETO 62 art 71: 1/1 válidas
        El precio → serán valorizadas
  [655/1272] DECRETO 62 art 75: 1/1 válidas
        Las empresas con saldo neto negati → pagarán dicha cantidad · plazo: en doce mensualidades, dur
  [656/1272] DECRETO 62 art segundo: 1/1 válidas
        El CDEC → enviar anualmente a la Comisión · plazo: anualmente
  [657/1272] DECRETO 62 art 1 transitorio: 1/1 válidas
        La primera aplicación de DTO 44, E → será realizada
  [658/1272] DECRETO 62 art 5º transitorio: 1/1 válidas
        la DO → determinar · plazo: 90 días después de que se 
  [659/1272] DECRETO 7 art segundo: 2/2 válidas
        El pago de esta cuota correspondie → deberá ser cancelada · plazo: dentro de los quince días 
        Las Direcciones de Peajes del CDEC → deberán calcular
  [660/1272] DECRETO 7 art tercero: 2/2 válidas
        las empresas de subtransmisión → abonar o cargar a los usuarios · plazo: entre el 1º de enero de 20
        Las Direcciones de Peajes del CDEC → calcular las reliquidaciones · plazo: en conformidad a lo dispue
  [662/1272] DECRETO 70 art segundo transitorio: 1/1 válidas
        La Comisión Nacional de Energía → publicar · plazo: dentro del primer semestre
  [663/1272] DECRETO 8 art tercero: 2/2 válidas
        las empresas de transmisión tronca → abonar o cargar a los usuarios las diferencias · plazo: entre el 1 de enero de 201
        Las Direcciones de Peajes del CDEC → calcular las reliquidaciones
  [664/1272] DECRETO 88 art 2º: 3/4 válidas
        Aquellos Medios de generación de p → comunicar · plazo: en un plazo de 48 meses si
        Una vez vencido el plazo de 48 mes → comunicar · plazo: dentro de los 10 días sigu
  [665/1272] DECRETO 88 art 3º: 4/4 válidas
        La Empresa Distribuidora → deberá poner a disposición · plazo: diez días contado desde la
        La Empresa Distribuidora → deberá indicar · plazo: diez días contado desde la
  [666/1272] DECRETO 88 art 4º: 3/3 válidas
        la Empresa Distribuidora → emitir el ICC respectivo · plazo: cuatro meses contado desde
        la Empresa Distribuidora → realizar observaciones
  [667/1272] DECRETO 88 art 5º: 6/6 válidas
        Interesados → presentar
        Interesados → presentar · plazo: seis meses
  [668/1272] DECRETO 88 art 6º: 1/1 válidas
        Los Interesados de proyectos PMGD  → presentar · plazo: dentro de los dos meses si
  [669/1272] DECRETO 88 art 8º: 1/1 válidas
        La Empresa Distribuidora o el Inte → deberá considerar
  [671/1272] DECRETO 88 art 12°: 3/3 válidas
        Todo propietario u operador de un  → deberá optar por vender la energía que inyecte al si
        El propietario u operador del MGPE → deberá comunicar · plazo: al menos un mes de antelac
  [672/1272] DECRETO 88 art 13°: 1/1 válidas
        el Coordinador → considerar
  [673/1272] DECRETO 88 art 14°: 10/10 válidas
        El Coordinador → valorizar
        El Coordinador → valorizar
  [674/1272] DECRETO 88 art 14° bis: 1/1 válidas
        Coordinador → garantizar el cumplimiento de la obligación dispuest
  [675/1272] DECRETO 88 art 15º: 1/1 válidas
        el Coordinador → valorizar sus Excedentes de Potencia
  [676/1272] DECRETO 88 art 16º: 1/1 válidas
        El propietario u operador del MGPE → informar
  [677/1272] DECRETO 88 art 17º: 6/6 válidas
        El Ministerio de Energía → fijar
        la Comisión → calcular
  [678/1272] DECRETO 88 art 27º: 5/5 válidas
        Los MGPE → contar con los equipos de medida y facturación sufic
        El propietario u operador de un MG → poner a disposición del Coordinador
  [679/1272] DECRETO 88 art 28º: 3/3 válidas
        Los propietarios u operadores de u → participar de las transferencias de energía y potenc
        el Coordinador → incluir al MGPE en el respectivo balance de transfer
  [680/1272] DECRETO 88 art 29° bis: 4/4 válidas
        Los retiros que el Medio de genera → deberán ser valorizados
        Todos los retiros que realicen de  → deberán ser valorizados
  [682/1272] DECRETO 88 art 32º: 3/3 válidas
        La Empresa Distribuidora → deberá adjuntar
        La Empresa Distribuidora → deberá indicar
  [684/1272] DECRETO 88 art 34º: 1/1 válidas
        La Empresa Distribuidora → poner a disposición · plazo: diez días
  [685/1272] DECRETO 88 art 37º: 2/2 válidas
        Las Empresas Distribuidoras → garantizar el acceso de los PMGD a su red
        La Empresa Distribuidora → priorizar los retiros de los clientes finales por so
  [686/1272] DECRETO 88 art 39º: 1/1 válidas
        un PMGD → contar con el o los equipamientos de medida necesari
  [687/1272] DECRETO 88 art 40º: 1/1 válidas
        La Empresa Distribuidora → remitir copia de las comunicaciones y sus correspond
  [688/1272] DECRETO 88 art 41º: 4/4 válidas
        Los Interesados → informar inmediatamente
        la Empresa Distribuidora → informar · plazo: dentro de los cinco días s
  [689/1272] DECRETO 88 art 42º: 11/12 válidas
        Los propietarios u operadores de l → sujetarse a los procedimientos específicos
        Los propietarios u operadores de u → seguir los procedimientos específicos
  [690/1272] DECRETO 88 art 43°: 4/4 válidas
        Todo interesado → presentar
        El interesado → indicar
  [691/1272] DECRETO 88 art 44º: 3/4 válidas
        El cronograma de ejecución del pro → deberá presentarse
        El cronograma de ejecución del pro → deberá contemplar
  [692/1272] DECRETO 88 art 45º: 1/1 válidas
        La señalada devolución → deberá realizarse · plazo: quince días
  [693/1272] DECRETO 88 art 46º: 1/1 válidas
        La Empresa Distribuidora → declarar inadmisible la SCR · plazo: cinco días
  [694/1272] DECRETO 88 art 47º: 2/2 válidas
        El interesado → responder a la solicitud de complementación o rectif · plazo: dentro de los cinco días s
        El Interesado → solicitar a la Empresa Distribuidora que rectifique, · plazo: desde la notificación de l
  [695/1272] DECRETO 88 art 50º: 1/1 válidas
        la Empresa Distribuidora → dar respuesta al Interesado · plazo: quince días
  [696/1272] DECRETO 88 art 51º: 2/2 válidas
        La Empresa Distribuidora → informar un nuevo orden de prelación · plazo: dentro de los cinco días s
        La Empresa Distribuidora → informar · plazo: dentro de los cinco días s
  [697/1272] DECRETO 88 art 52º: 1/1 válidas
        La Empresa Distribuidora → informarle al momento de revisar la SCR inmediatamen
  [698/1272] DECRETO 88 art 53º: 4/4 válidas
        El Interesado → notificar su conformidad con la respuesta a la SCR · plazo: diez días contado desde la
        El Interesado → solicitar una nueva revisión · plazo: diez días contado desde la
  [699/1272] DECRETO 88 art 54º: 1/1 válidas
        La NTCO → establecerá
  [700/1272] DECRETO 88 art 86º: 3/4 válidas
        la Empresa Distribuidora → clasificar el proyecto PMGD como de impacto no signi · plazo: dentro de los cinco días s
        El Interesado → actualizar el cronograma de ejecución de proyecto · plazo: en un plazo de cinco días 
  [701/1272] DECRETO 88 art 55º: 4/4 válidas
        El interesado → realizar los estudios
        El Interesado → realizar los estudios por su propia cuenta
  [702/1272] DECRETO 88 art 58°: 6/6 válidas
        La Empresa Distribuidora → actualizar o emitir un ICC
        La Empresa Distribuidora → entregar al interesado las versiones finales de esto
  [703/1272] DECRETO 88 art 59°: 10/10 válidas
        La Empresa Distribuidora o del int → Elaboración de los estudios de conexión y obtención  · plazo: dentro del transcurso del 
        la contraparte respectiva → Revisión de los resultados preliminares · plazo: dentro del transcurso del 
  [704/1272] DECRETO 88 art 60°: 1/1 válidas
        PMGD → cumplan · plazo: dos meses
  [705/1272] DECRETO 88 art 62°: 9/9 válidas
        el interesado → manifestar su conformidad con éste o solicitar a la  · plazo: treinta días
        la Empresa Distribuidora → respondidas por la señalada empresa dentro de los ve · plazo: veinte días
  [706/1272] DECRETO 88 art 63º: 6/6 válidas
        La Empresa Distribuidora → poner a disposición · plazo: quince días
        La Empresa Distribuidora → poner a disposición
  [707/1272] DECRETO 88 art 62º: 1/1 válidas
        El Interesado → informar y acreditar · plazo: a más tardar dentro del me
  [708/1272] DECRETO 88 art 65°: 3/3 válidas
        Empresa Distribuidora → notificar · plazo: diez días
        Empresa Distribuidora → comunicar · plazo: diez días
  [709/1272] DECRETO 88 art 64° bis: 4/4 válidas
        el interesado → solicitar
        el interesado → señalar
  [710/1272] DECRETO 88 art 65º: 1/2 válidas
        El Interesado → presentar · plazo: treinta días
  [711/1272] DECRETO 88 art 66º: 1/1 válidas
        La Comisión → informar · plazo: dentro de los diez días si
  [712/1272] DECRETO 88 art 67°: 1/1 válidas
        el interesado → comunicar
  [713/1272] DECRETO 88 art 68º: 1/1 válidas
        propietarios u operadores de PMGD → presentar
  [714/1272] DECRETO 88 art 69°: 3/3 válidas
        los propietarios u operadores de l → ingresar su solicitud
        los propietarios u operadores de l → subsana las observaciones · plazo: quince días
  [715/1272] DECRETO 88 art 71°: 5/5 válidas
        El propietario u operador de un pr → informar
        El propietario u operador → especificar detalladamente
  [716/1272] DECRETO 88 art 73º: 1/1 válidas
        La instalación de un PMGD → deberá ejecutarse · plazo: durante la vigencia del IC
  [718/1272] DECRETO 88 art 76°: 2/2 válidas
        El propietario u operador del PMGD → realizar la declaración de interconexión de las inst · plazo: una vez concluida la const
        El propietario u operador del PMGD → realizar la declaración de interconexión
  [719/1272] DECRETO 88 art 77°: 5/5 válidas
        El propietario u operador del PMGD → presentar
        El Coordinador → realizar · plazo: treinta días
  [720/1272] DECRETO 88 art 78°: 1/1 válidas
        el propietario u operador del PMGD → presentar · plazo: Dentro del plazo de vigenc
  [721/1272] DECRETO 88 art 79º: 2/2 válidas
        Empresa Distribuidora → requerir fundadamente · plazo: cinco días, contado desde 
        propietario u operador del PMGD → corregir o complementar · plazo: cinco días contado desde l
  [723/1272] DECRETO 88 art 81º: 5/5 válidas
        la Empresa Distribuidora → informar · plazo: no superior a cinco días d
        el Interesado y la Empresa Distrib → fijar de común acuerdo un cronograma de puesta en se
  [724/1272] DECRETO 88 art 82°: 10/10 válidas
        Empresa Distribuidora → efectuar o supervisar
        Empresa Distribuidora → realizar los Ajustes necesarios
  [725/1272] DECRETO 88 art 83º: 1/1 válidas
        el propietario u operador del PMGD → enviar · plazo: veinte días
  [726/1272] DECRETO 88 art 84º: 2/2 válidas
        el propietario u operador del PMGD → notificar · plazo: dentro de los cinco días s
        el propietario u operador del PMGD → comunicar · plazo: dentro de los cinco días s
  [727/1272] DECRETO 88 art 85º: 3/4 válidas
        La NTCO → establecerá criterios técnicos, metodologías de cálc
        La Empresa Distribuidora → calcular un valor de capacidad instalada y un valor 
  [728/1272] DECRETO 88 art 87°: 2/3 válidas
        La Empresa Distribuidora → monitorear el cumplimiento de las condiciones de ope
        Los PMGD que cuenten con un equipo → reportar los registros necesarios para la supervisió · plazo: por los medios y plazos qu
  [729/1272] DECRETO 88 art 88°: 4/5 válidas
        La Empresa Distribuidora → determinar las modificaciones a la red necesarias
        La Empresa Distribuidora → notificar de dicha situación · plazo: en los plazos, formatos y 
  [730/1272] DECRETO 88 art 89°: 6/6 válidas
        Las Empresas Distribuidoras → ejecutar
        Las Empresas Distribuidoras → consignar
  [731/1272] DECRETO 88 art 91º: 1/1 válidas
        La Empresa Distribuidora y el Inte → acordar
  [732/1272] DECRETO 88 art 91° bis: 4/4 válidas
        La Empresa Distribuidora → entregar
        La Empresa Distribuidora → responder · plazo: dentro de los cinco días s
  [733/1272] DECRETO 88 art 92º: 1/1 válidas
        La Empresa Distribuidora → utilizar
  [734/1272] DECRETO 88 art 93°: 3/4 válidas
        El propietario u operador del PMGD → determinar la potencia y energía a inyectar o retira
        El propietario u operador del PMGD → acordar con la Empresa Distribuidora la limitación h
  [735/1272] DECRETO 88 art 94°: 3/3 válidas
        Empresa Distribuidora → operará
        Empresa Distribuidora → implementar
  [736/1272] DECRETO 88 art 95º: 1/1 válidas
        Todo PMGD → coordinar la operación e intervención de sus instala
  [737/1272] DECRETO 88 art 96°: 4/4 válidas
        Todo PMGD → contar con los medios de comunicación
        Todo PMGD → comunicar toda la información relevante
  [738/1272] DECRETO 88 art 97º: 1/1 válidas
        El Coordinador → suministrar
  [739/1272] DECRETO 88 art 98º: 1/1 válidas
        propietarios u operadores de los P → suministrar
  [740/1272] DECRETO 88 art 99°: 2/2 válidas
        el propietario u operador de un PM → enviar un informe de su operación mensual · plazo: A más tardar, el día 25 de
        los PMGD → enviar al Coordinador y a la Empresa Distribuidora l
  [741/1272] DECRETO 88 art 100º: 1/1 válidas
        El propietario u operador de un PM → informar
  [742/1272] DECRETO 88 art 101º: 2/2 válidas
        Los propietarios u operadores de P → declarar
        Los propietarios u operadores de P → declarar
  [743/1272] DECRETO 88 art 102°: 4/4 válidas
        el Coordinador → limitar dichas inyecciones
        el Coordinador → limitar las inyecciones
  [744/1272] DECRETO 88 art 104º: 3/4 válidas
        Coordinador → informar anualmente
        Comisión → solicitar · plazo: dentro de los cinco días s
  [745/1272] DECRETO 88 art 107º: 1/1 válidas
        El Coordinador → publicar
  [746/1272] DECRETO 88 art 111º: 1/1 válidas
        Todo propietario u operador de un  → coordinar la operación e intervención de sus instala
  [747/1272] DECRETO 88 art 112°: 2/2 válidas
        Todo PMG → contar con los medios de comunicación
        Todo PMG → comunicar toda la información relevante relacionada 
  [749/1272] DECRETO 88 art 114º: 1/1 válidas
        El propietario u operador de un PM → acatar
  [750/1272] DECRETO 88 art 115º: 1/1 válidas
        El Coordinador → remitir · plazo: anualmente
  [751/1272] DECRETO 88 art 116º: 1/1 válidas
        los propietarios u operadores de l → suministrar
  [752/1272] DECRETO 88 art 117°: 2/2 válidas
        el propietario u operador de un PM → enviar un informe de su operación mensual · plazo: A más tardar, el día 25 de
        los PMG → enviar al Coordinador los pronósticos de sus inyecci
  [753/1272] DECRETO 88 art 118º: 2/2 válidas
        El propietario u operador de un PM → informar
        El propietario u operador de un PM → informar
  [754/1272] DECRETO 88 art 119º: 2/2 válidas
        Los propietarios u operadores de P → declarar
        Los propietarios u operadores de P → declarar
  [755/1272] DECRETO 88 art 120º: 2/2 válidas
        el Coordinador → limitar dichas inyecciones
        el Coordinador → limitar las inyecciones
  [756/1272] DECRETO 88 art 121º: 1/1 válidas
        La Superintendencia → resolver fundadamente
  [757/1272] DECRETO 88 art 122º: 4/4 válidas
        El reclamo ante la Superintendenci → presentarse · plazo: veinte días
        La solicitud → ser fundada
  [758/1272] DECRETO 900 art 2°: 8/9 válidas
        El Ministerio de Obras Públicas → realizar las actuaciones preparatorias
        El Ministerio de Obras Públicas → resolver las postulaciones · plazo: un año
  [759/1272] DECRETO 900 art 22 D: 1/1 válidas
        el Ministerio de Desarrollo Social → emitir
  [760/1272] DECRETO 900 art 101 D: 1/1 válidas
        los proyectos → contar con la aprobación del Ministerio de Hacienda
  [761/1272] DECRETO 900 art 6º bis: 4/4 válidas
        El Ministerio de Obras Públicas → efectuar un llamado a precalificación de licitantes
        El Ministerio de Obras Públicas → comunicar los contenidos adicionales o ajustes que s · plazo: dentro del plazo fijado en
  [763/1272] DECRETO 900 art 8°: 1/1 válidas
        El Ministerio de Obras Públicas → resolver
  [764/1272] DECRETO 900 art 11°: 2/2 válidas
        El concesionario → no estará obligado a establecer exenciones en favor 
        El Ministerio de Obras Públicas → deberá poner inmediatamente en conocimiento de las e · plazo: inmediatamente
  [765/1272] DECRETO 900 art 13°: 1/1 válidas
        el concesionario → constituir la garantía de explotación
  [767/1272] DECRETO 900 art 16°: 1/1 válidas
        el concesionario → restablecerlas
  [768/1272] DECRETO 900 art 19: 4/4 válidas
        El Ministerio de Obras Públicas → modificar
        El Ministerio de Obras Públicas → compensar económicamente
  [769/1272] DECRETO 900 art 94 D: 4/4 válidas
        el Ministerio de Obras Públicas → modificar las características de las obras y servici
        el Ministerio de Obras Públicas → señalar las razones de interés público debidamente f
  [770/1272] DECRETO 900 art 20: 3/4 válidas
        El Ministerio de Obras Públicas y  → acordar la modificación de las características de la
        Las bases de licitación → establecer el monto máximo de la inversión
  [772/1272] DECRETO 900 art 21°: 4/4 válidas
        las concesionarias → presentar · plazo: mensualmente
        las concesionarias → publicar · plazo: mensualmente
  [773/1272] DECRETO 900 art 22°: 6/6 válidas
        El concesionario → gozará los derechos y obligaciones del beneficiario 
        El concesionario → hacer frente a cuantos desembolsos fueren precisos h
  [774/1272] DECRETO 900 art 23°: 5/6 válidas
        El concesionario → conservar las obras, sus accesos, señalización y ser
        La continuidad de la prestación de → Facilitarlo en condiciones de absoluta normalidad, s
  [775/1272] DECRETO 900 art 24°: 1/1 válidas
        El concesionario → velar por la perfecta aplicación de las normas y reg
  [776/1272] DECRETO 900 art 25°: 5/5 válidas
        Las concesiones → tendrán el plazo de duración que determine el decret
        El plazo → se computará de acuerdo a lo establecido en las base
  [777/1272] DECRETO 900 art 28: 10/10 válidas
        El Ministerio de Obras Públicas → solicitar
        El Ministerio de Obras Públicas → designar
  [778/1272] DECRETO 900 art 28 ter: 4/4 válidas
        El decreto supremo → señalará
        El concesionario → tendrá derecho a una indemnización
  [779/1272] DECRETO 900 art 29: 2/3 válidas
        Las bases de licitación → indicar explícitamente los niveles de servicio exigi
        El Ministerio → imponer al concesionario las sanciones y multas que 
  [780/1272] DECRETO 900 art 30 bis: 3/3 válidas
        el Ministerio de Obras Públicas → requerir
        el Ministerio de Obras Públicas → requerir
  [782/1272] DECRETO 900 art 32°: 1/1 válidas
        Las concesiones de bienes de uso p → se otorgarán
  [783/1272] DECRETO 900 art 36 ter: 2/3 válidas
        El concesionario → solicitar la suspensión de los efectos del acto admi
        La Comisión Arbitral → no podrá autorizar o disponer la paralización de la  · plazo: sesenta días
  [784/1272] DECRETO 900 art 37°: 5/7 válidas
        La Comisión → conocer · plazo: 3 días hábiles
        La Comisión → resolver · plazo: 3 días hábiles
  [785/1272] DECRETO 900 art 38°: 1/4 válidas
        La primera junta ordinaria de acre → pronunciarse
  [786/1272] DECRETO 900 art 1 D: 6/6 válidas
        Las concesionarias de obras viales → crear, implementar, mantener y administrar
        El sitio electrónico unificado → deberá ajustarse a los requerimientos técnicos opera
  [787/1272] DECRETO 900 art 44: 5/5 válidas
        el concesionario de obras viales q → permitir el acceso al Ministerio Público a la inform
        el concesionario de obras viales q → permitir el acceso a las policías, de forma automati
  [788/1272] DFL 12 art 6°: 2/2 válidas
        Comisión Nacional de Energía → traspaso · plazo: ciento veinte días siguien
        Comisión Nacional de Energía → Transfiérense · plazo: a contar de la fecha en qu
  [789/1272] DFL 12 art Primero: 1/1 válidas
        El Subsecretario de Energía → dar cumplimiento a lo establecido en el artículo 6°  · plazo: dentro de los ciento veint
  [790/1272] DFL 12 art Segundo: 2/2 válidas
        El incremento por desempeño colect → se determinará
        El Subsecretario de Energía → deberá determinar · plazo: dentro de los ciento veint
  [791/1272] DFL 4 art 7: 4/4 válidas
        Las empresas operadoras o propieta → estar constituidas como sociedades anónimas abiertas
        Las empresas operadoras o propieta → no poder dedicarse, por sí, ni a través de personas 
  [792/1272] DFL 4 art 8 bis: 2/2 válidas
        Todo propietario, arrendatario, us → constituir sociedades de giro de generación eléctric
        Todo propietario, arrendatario, us → constituir una sociedad con domicilio en el país
  [793/1272] DFL 4 art 8 ter: 3/4 válidas
        Las empresas concesionarias de ser → constituirse como sociedades anónimas abiertas o cer
        Las empresas concesionarias de ser → someterse a las obligaciones de información y public
  [794/1272] DFL 4 art 10: 1/1 válidas
        Los reglamentos → indicarán
  [795/1272] DFL 4 art 10-6: 1/1 válidas
        un sistema eléctrico → cumplir con los requerimientos que exija la regulaci
  [796/1272] DFL 4 art 19: 3/3 válidas
        La Superintendencia → tendrá un plazo de quince días · plazo: quince días
        El solicitante → deberá acompañarlos o complementarlos · plazo: quince días
  [797/1272] DFL 4 art 20: 7/7 válidas
        el solicitante → publicar · plazo: quince días
        el solicitante → comunicar un extracto de la solicitud · plazo: quince días
  [798/1272] DFL 4 art 21: 3/5 válidas
        La Superintendencia → publicar
        La Superintendencia → fijar
  [799/1272] DFL 4 art 25: 8/8 válidas
        El interesado → acreditar · plazo: antes de la emisión del in
        El solicitante → acompañar · plazo: quince días, contado desde
  [800/1272] DFL 4 art 26: 1/1 válidas
        El Ministro de Energía → realizará una licitación pública por los derechos de
  [801/1272] DFL 4 art 27: 3/3 válidas
        el solicitante → poner en conocimiento de los dueños de las propiedad
        el solicitante → entregar un documento informativo elaborado por la S
  [802/1272] DFL 4 art 27 bis: 6/6 válidas
        El solicitante → publicar · plazo: Dentro de los quince días 
        El solicitante → comunicar · plazo: Estos mensajes deberán emi
  [803/1272] DFL 4 art 27 ter: 7/7 válidas
        Los dueños de las propiedades afec → notificados en conformidad al inciso primero del art · plazo: treinta días contado desde
        Los dueños de las propiedades afec → solicitar a la Superintendencia una copia de los pla · plazo: quince días contado desde 
  [804/1272] DFL 4 art 29: 5/5 válidas
        El Ministro de Energía → resolver fundadamente · plazo: quince días contado desde 
        la Superintendencia → dispondrá · plazo: sesenta días, contados des
  [805/1272] DFL 4 art 34: 1/1 válidas
        La construcción de las obras de un → deberá ejecutarse con sujeción a los planos presenta
  [806/1272] DFL 4 art 34 bis: 6/6 válidas
        el concesionario → consignar en la cuenta corriente del tribunal caució · plazo: dentro del plazo de tres d
        el concesionario → consignar dentro de los quince días hábiles siguient · plazo: dentro de los quince días 
  [807/1272] DFL 4 art 35: 1/1 válidas
        Los permisos → solicitarse
  [808/1272] DFL 4 art 39: 2/2 válidas
        concesionario → iniciaren los trabajos · plazo: dentro de los plazos señal
        concesionario → hubiesen ejecutado por lo menos los dos tercios de l · plazo: dentro de los plazos estab
  [809/1272] DFL 4 art 40: 1/1 válidas
        el ex concesionario → levantar y retirar
  [810/1272] DFL 4 art 43: 6/6 válidas
        El Presidente de la República → declarar caducada una concesión de servicio público 
        Esta licitación → verificarse · plazo: un año
  [811/1272] DFL 4 art 47: 3/3 válidas
        El Ministerio de Energía → deberá tener presente
        El Ministerio de Energía → deberá propender a que
  [812/1272] DFL 4 art 52: 1/1 válidas
        Los propietarios de líneas eléctri → permitir el uso de sus postes, torres y otras instal
  [813/1272] DFL 4 art 54: 3/3 válidas
        El propietario del predio atravesa → puede exigir
        El dueño de las líneas → deberá variar
  [814/1272] DFL 4 art 56: 2/2 válidas
        El dueño del predio sirviente → permitir la entrada de inspectores y trabajadores de
        El dueño del predio sirviente → permitir la entrada de los materiales necesarios par
  [815/1272] DFL 4 art 62: 1/1 válidas
        Las gestiones → deberán iniciarse · plazo: seis meses
  [816/1272] DFL 4 art 63: 7/8 válidas
        Superintendente → designará
        Superintendente → designará
  [817/1272] DFL 4 art 63 bis: 5/5 válidas
        La Superintendencia → llevar un Registro
        La Superintendencia → publicar los nombres de sus integrantes
  [818/1272] DFL 4 art 64: 2/2 válidas
        La comisión tasadora → reunirse
        La comisión tasadora → evacuar el informe · plazo: veinte días
  [819/1272] DFL 4 art 67: 4/5 válidas
        el juez → decretar el auxilio de la fuerza pública
        el juez → ordenar que previamente se notifique al dueño del pr
  [820/1272] DFL 4 art 69: 1/1 válidas
        el concesionario → extender la servidumbre
  [821/1272] DFL 4 art 72-1: 5/5 válidas
        La operación de las instalaciones  → coordinarse
        el Coordinador → realizar la programación de la operación de los sist
  [822/1272] DFL 4 art 72-2: 5/5 válidas
        Todo propietario, arrendatario, us → sujetarse a la coordinación del sistema que efectúe 
        Los Coordinados → proporcionar oportunamente al Coordinador y actualiz
  [823/1272] DFL 4 art 72-3: 1/1 válidas
        Coordinador → coordinación y determinación de las transferencias e
  [824/1272] DFL 4 art 72-4: 1/1 válidas
        el Coordinador → definir procedimientos internos
  [825/1272] DFL 4 art 72-5: 5/5 válidas
        el Coordinador → autorizar la conexión a los sistemas de transmisión  · plazo: dentro de los plazos defin
        el Coordinador → verificando el cumplimiento de los requisitos y exig · plazo: dentro de los plazos defin
  [826/1272] DFL 4 art 72-6: 2/2 válidas
        El Coordinador → exigir
        El Coordinador → instruir
  [827/1272] DFL 4 art 72-7: 9/9 válidas
        Los coordinados → poner a disposición
        el Coordinador → instruir la implementación obligatoria
  [828/1272] DFL 4 art 72-8: 3/3 válidas
        El Coordinador → implementar sistemas de información pública
        El Coordinador → contener, al menos, la siguiente información
  [829/1272] DFL 4 art 72-9: 4/4 válidas
        Los coordinados → presentar · plazo: treinta días contado desde
        El Coordinador → realizar auditorías
  [830/1272] DFL 4 art 72-10: 1/1 válidas
        El Coordinador → monitoreará permanentemente
  [831/1272] DFL 4 art 72-11: 2/2 válidas
        Coordinador → adoptar las medidas pertinentes
        Coordinador → informar en tiempo y forma
  [832/1272] DFL 4 art 72-12: 1/1 válidas
        El Coordinador → ser responsable de la coordinación de la operación t
  [833/1272] DFL 4 art 72-13: 6/6 válidas
        el coordinador → efectuar un análisis crítico permanente de su quehac
        el coordinador → analizar y considerar la incorporación de nuevas tec
  [834/1272] DFL 4 art 72-15: 10/10 válidas
        El Coordinador → elaborar reportes periódicos del desempeño del siste
        La elaboración de los reportes → ser al menos anual
  [835/1272] DFL 4 art 72-16: 1/1 válidas
        Superintendencia → fiscalización
  [836/1272] DFL 4 art 72-17: 7/8 válidas
        Los propietarios u operadores de n → presentar una solicitud
        Los titulares de estas instalacion → cumplir cabalmente los plazos informados
  [837/1272] DFL 4 art 72-18: 3/3 válidas
        El retiro, modificación relevante, → comunicarse por escrito · plazo: veinticuatro meses en el c
        tratándose de instalaciones del si → su retiro, modificación relevante, desconexión, o el
  [838/1272] DFL 4 art 72-19: 9/9 válidas
        La Comisión → analizar permanentemente los requerimientos normativ
        La Comisión → fijará, mediante resolución exenta, las normas técni
  [841/1272] DFL 4 art 79: 7/8 válidas
        Los propietarios, arrendatarios, u → no podrán negar el acceso al servicio de transporte 
        Los señalados propietarios, arrend → deberán permitir la conexión a sus instalaciones a q
  [842/1272] DFL 4 art 80: 7/7 válidas
        El o los propietarios, arrendatari → informar
        El propietario, arrendatario, usuf → poner en conocimiento
  [843/1272] DFL 4 art 82: 8/8 válidas
        El Ministerio de Energía → otorgar
        El decreto supremo → definir
  [844/1272] DFL 4 art 83: 4/4 válidas
        El Ministerio de Energía → desarrollar un proceso de planificación energética d · plazo: Cada cinco años
        El Ministerio de Energía → incluir, según corresponda, escenarios de proyección
  [845/1272] DFL 4 art 84: 3/3 válidas
        el Ministerio → dar inicio al proceso · plazo: Al menos veinticuatro mese
        el Ministerio → emitir un informe preliminar de planificación energé · plazo: Dentro de los ocho meses s
  [846/1272] DFL 4 art 84 bis: 4/4 válidas
        El Ministerio de Energía → dictar
        Los planes estratégicos de energía → aplicar
  [847/1272] DFL 4 art 85: 3/3 válidas
        El Ministerio → identificar
        El Ministerio → elaborar
  [848/1272] DFL 4 art 86: 1/1 válidas
        el Ministerio → elaborará escenarios energéticos posibles para el ho
  [849/1272] DFL 4 art 87: 2/2 válidas
        la Comisión → llevar a cabo un proceso de planificación de la tran
        el Ministerio de Energía → remitir a la Comisión · plazo: dentro del primer trimestr
  [850/1272] DFL 4 art 88: 1/2 válidas
        El Coordinador → informar · plazo: con la periodicidad que de
  [852/1272] DFL 4 art 90: 5/5 válidas
        La Comisión → abrirá un registro de participación ciudadana
        El reglamento → especificar el procedimiento o trámite a través del 
  [853/1272] DFL 4 art 91: 13/13 válidas
        El Coordinador → enviar · plazo: Dentro de los primeros qui
        Los proyectos de transmisión prese → contener
  [854/1272] DFL 4 art 92: 2/2 válidas
        El Ministro de Energía → fijará las obras de ampliación de los sistemas de tr · plazo: quince días
        El Ministro de Energía → fijará las obras nuevas de los sistemas de transmisi · plazo: sesenta días
  [855/1272] DFL 4 art 93: 9/10 válidas
        El Ministerio → dar inicio al Estudio de Franja
        El Ministerio → someter el estudio preliminar de franja al proceso d
  [856/1272] DFL 4 art 94: 6/6 válidas
        El Consejo de Ministros para la Su → acordar el uso de la propuesta de franja
        El Ministerio → dictar un decreto exento expedido bajo la fórmula "p
  [857/1272] DFL 4 art 95: 11/11 válidas
        La Comisión → fijar
        El Coordinador → elaborar
  [858/1272] DFL 4 art 96: 3/3 válidas
        El Coordinador o las empresas prop → resolver la licitación y adjudicarán los derechos de
        Asimismo, comunicarán → comunicarán el resultado de la licitación
  [859/1272] DFL 4 art 97: 5/5 válidas
        El adjudicatario de los derechos d → someter al sistema de evaluación de impacto ambienta
        El Ministerio → dictar un decreto exento suscrito bajo la fórmula "p
  [860/1272] DFL 4 art 98: 4/4 válidas
        el titular del mismo → solicitar en forma fundada la aprobación del Ministe
        el proyecto → sujetarse a lo dispuesto en la ley Nº19.300, sobre B
  [861/1272] DFL 4 art 99: 6/6 válidas
        El propietario de la obra de ampli → pagar
        El propietario de la obra de ampli → recibir
  [862/1272] DFL 4 art 99 bis: 11/11 válidas
        El Ministerio de Energía → disponer que la Comisión elabore una propuesta de ex
        Esta propuesta → cumplir con los objetivos establecidos en los artícu
  [863/1272] DFL 4 art 100: 5/5 válidas
        La Comisión → determinar · plazo: cuatrienalmente
        La Comisión → incorporar
  [864/1272] DFL 4 art 101: 5/5 válidas
        la Comisión → emitir un informe técnico preliminar · plazo: noventa días corridos
        los participantes y usuarios e ins → presentar sus observaciones · plazo: quince días
  [866/1272] DFL 4 art 104: 9/9 válidas
        La Comisión → comunicará
        La Comisión → publicará
  [867/1272] DFL 4 art 105: 1/1 válidas
        la Comisión → dar inicio al o los estudios de valorización de las  · plazo: Dentro del plazo señalado 
  [868/1272] DFL 4 art 107: 6/6 válidas
        la Comisión → enviar · plazo: A más tardar veinticuatro 
        los participantes y usuarios e ins → presentar · plazo: dentro del plazo de quince
  [869/1272] DFL 4 art 108: 4/4 válidas
        Comisión → llamar a licitación pública internacional
        El o los estudios de valorización → ser adjudicados y supervisados
  [870/1272] DFL 4 art 109: 1/1 válidas
        Las empresas de transmisión nacion → concurrir al pago del o los estudios de valorización
  [871/1272] DFL 4 art 110: 1/1 válidas
        Los resultados del o los estudios  → especificar y distinguir
  [872/1272] DFL 4 art 111: 1/1 válidas
        La Comisión → convocará a una audiencia pública · plazo: cinco días
  [873/1272] DFL 4 art 112: 6/7 válidas
        la Comisión → elaborar un informe técnico preliminar · plazo: dentro del plazo de tres m
        la Comisión → emitir y comunicar el informe técnico final de valor · plazo: Dentro de los veinte días 
  [874/1272] DFL 4 art 113: 3/3 válidas
        las empresas de transmisión → reajustar · plazo: quince días
        las diferencias → abonadas o cargadas
  [875/1272] DFL 4 art 114: 4/4 válidas
        Las empresas propietarias de las i → percibir anualmente el valor anual de la transmisión
        los propietarios de las instalacio → percibir de los clientes regulados la proporción cor
  [876/1272] DFL 4 art 114 bis: 2/4 válidas
        el Coordinador → efectuar una reasignación de la componente de ingres
        el Coordinador → Identificar las instalaciones de transmisión
  [877/1272] DFL 4 art 115: 3/3 válidas
        Los cargos únicos → serán calculados semestralmente · plazo: semestralmente
        Las boletas o facturas a usuarios  → deberán agrupar los cobros por concepto de transmisi
  [878/1272] DFL 4 art 117: 1/1 válidas
        El Coordinador → realizar todos los cálculos necesarios para la repar
  [879/1272] DFL 4 art 118: 6/6 válidas
        La Comisión → calcular · plazo: cada cuatro años
        La Comisión → considerar
  [880/1272] DFL 4 art 119: 3/3 válidas
        la Comisión → licitar un estudio que defina la metodología de cálc · plazo: Antes de cinco meses del p
        la Comisión → emitir un informe técnico con la tasa de descuento
  [881/1272] DFL 4 art 120: 4/4 válidas
        Los concesionarios de servicio púb → prestar el servicio de transporte, permitiendo el ac
        Quienes transporten electricidad y → pagar al concesionario un peaje igual al valor agreg
  [882/1272] DFL 4 art 122: 2/2 válidas
        la empresa de transmisión → dar cumplimiento
        la empresa transmisora → notificar
  [883/1272] DFL 4 art 128: 4/4 válidas
        Las empresas de transmisión → reembolsar
        Las empresas generadoras y distrib → reembolsar
  [884/1272] DFL 4 art 131: 5/5 válidas
        Las concesionarias de servicio púb → disponer permanentemente del suministro de energía
        Las concesionarias de servicio púb → contar con contratos de suministro
  [885/1272] DFL 4 art 131 ter: 4/4 válidas
        La Comisión → deberá responder de manera fundada todas las observa · plazo: treinta días
        La Comisión → deberá notificar el referido informe por medios elec
  [886/1272] DFL 4 art 132: 6/6 válidas
        La Comisión → dispondrá la convocatoria de la licitación
        La Comisión → elaborará las bases de licitación
  [887/1272] DFL 4 art 133: 3/3 válidas
        Las empresas distribuidoras → deberán contar
        Las empresas eléctricas de distrib → deberán garantizar
  [888/1272] DFL 4 art 134: 13/13 válidas
        Las empresas concesionarias de dis → adjudicar la licitación a aquellas ofertas más econó
        Las empresas concesionarias de dis → comunicar a la Comisión la evaluación y la adjudicac
  [889/1272] DFL 4 art 135: 1/1 válidas
        La Comisión → fijar
  [890/1272] DFL 4 art 135 ter: 11/11 válidas
        Las bases de licitación → establecer
        Las bases de licitación → exigir
  [891/1272] DFL 4 art 135 quáter: 1/1 válidas
        Las distribuidoras → convenir
  [892/1272] DFL 4 art 135 quinquies: 3/3 válidas
        La Comisión → implementar
        El Coordinador → llevar una contabilización
  [893/1272] DFL 4 art 139: 2/2 válidas
        todo concesionario de servicio púb → mantener las instalaciones en buen estado y en condi
        Las instalaciones de energía eléct → encontrarse en iguales condiciones de seguridad
  [894/1272] DFL 4 art 141: 3/4 válidas
        El concesionario → suspender el suministro · plazo: 45 días
        Tanto los consumidores como los co → acatar las resoluciones
  [895/1272] DFL 4 art 142: 1/1 válidas
        los concesionarios → adaptar por su cuenta a las nuevas condiciones los m
  [896/1272] DFL 4 art 143: 3/3 válidas
        Las empresas concesionarias de ser → efectuar · plazo: una vez al año
        Las empresas concesionarias de ser → efectuar
  [897/1272] DFL 4 art 146 bis: 3/3 válidas
        Superintendencia → hacerse parte
        juez → disponer que la notificación al demandado sea coetán
  [899/1272] DFL 4 art 148: 8/8 válidas
        Los generadores → convenir con éstos, reducciones o aumentos temporale
        Los generadores → ofrecer y/o convenir con los consumidores de menos d
  [900/1272] DFL 4 art 149: 5/5 válidas
        Los concesionarios de servicio púb → permitir la conexión a sus instalaciones de distribu
        Los propietarios de los sistemas d → ejecutar las obras adicionales que sean necesarias p
  [901/1272] DFL 4 art 149 ter: 1/1 válidas
        Las empresas distribuidoras → informar · plazo: tras cinco años desde el a
  [902/1272] DFL 4 art 149 quáter: 3/3 válidas
        la respectiva concesionaria de ser → remitirá · plazo: anualmente, y cada vez que
        la respectiva concesionaria de ser → remitirá
  [903/1272] DFL 4 art 149 quinquies: 2/2 válidas
        Las concesionarias de servicio púb → emitir las facturas
        El Servicio de Impuestos Internos → establecer mediante resolución, la forma y plazo
  [904/1272] DFL 4 art 150 bis: 7/7 válidas
        Cada empresa eléctrica que efectúe → acreditar ante el Coordinador, que una cantidad de e
        La empresa eléctrica → entregar una copia autorizada del respectivo conveni
  [905/1272] DFL 4 art 151: 2/2 válidas
        El subsidio a que se refiere el in → será descontado
        las empresas concesionarias de ser → deberán acreditar
  [906/1272] DFL 4 art 157: 4/5 válidas
        Los concesionarios de servicio púb → traspasar
        El reglamento → establecer
  [907/1272] DFL 4 art 158: 4/4 válidas
        Los concesionarios de servicio púb → pagarán a sus suministradores los niveles de precios
        Los concesionarios de servicio púb → pagarán a sus suministradores los precios del corres
  [908/1272] DFL 4 art 159: 4/4 válidas
        los precios de nudo → deberán reflejar
        los precios de nudo → se calcularán
  [909/1272] DFL 4 art 160: 2/2 válidas
        Los precios de nudo de corto plazo → deberán ser fijados · plazo: semestralmente
        Las notificaciones y comunicacione → podrán efectuarse
  [910/1272] DFL 4 art 162: 4/4 válidas
        los precios de nudo de corto plazo → se calcularán
        los costos marginales de energía d → se calculan
  [911/1272] DFL 4 art 165: 1/1 válidas
        la Comisión → poner en conocimiento · plazo: Dentro de los primeros qui
  [912/1272] DFL 4 art 166: 2/4 válidas
        Las empresas y entidades, a que se → comunicarán a la Comisión · plazo: en los plazos que se estab
        Cada empresa → informar a la Comisión · plazo: antes del último día de ca
  [913/1272] DFL 4 art 167: 1/1 válidas
        La Comisión → multiplicar todos los precios de nudo de corto plazo
  [914/1272] DFL 4 art 169: 1/1 válidas
        La Comisión → comunicar
  [915/1272] DFL 4 art 171: 4/4 válidas
        El Ministro de Energía → fijará los precios de nudo de corto plazo y sus fórm · plazo: dentro de los diez días de
        las empresas eléctricas que sumini → abonar o cargar a las empresas distribuidoras y clie · plazo: por todo el período transc
  [916/1272] DFL 4 art 172: 2/2 válidas
        La Comisión → calcular y comunicar · plazo: quince días
        Las empresas suministradoras → publicar · plazo: quince días
  [917/1272] DFL 4 art 173: 3/3 válidas
        La planificación de los sistemas m → deberá propender al desarrollo óptimo de las inversi
        La Comisión → podrá considerar inversiones para transformar genera
  [918/1272] DFL 4 art 173 bis: 3/3 válidas
        empresa generadora o de sistema de → operarse todas las instalaciones interconectadas en 
        Comité Coordinador → establecer las normas que se requieran para cumplir 
  [919/1272] DFL 4 art 174: 1/1 válidas
        La Comisión → dirigir y coordinar
  [920/1272] DFL 4 art 174 bis: 1/1 válidas
        Los planes de expansión de las ins → contemplar
  [923/1272] DFL 4 art 176 bis: 4/4 válidas
        La Comisión → crear y administrar un registro electrónico
        los promotores de proyectos → presentar los antecedentes y respaldos técnicos, eco
  [924/1272] DFL 4 art 176 ter: 1/1 válidas
        Las empresas distribuidoras y quie → informar
  [925/1272] DFL 4 art 176 quáter: 5/5 válidas
        El reglamento → especificar el procedimiento o trámite a través del 
        El reglamento → establecer los medios y la forma en que la Comisión 
  [926/1272] DFL 4 art 177: 5/5 válidas
        La Comisión → poner en conocimiento · plazo: A más tardar veinticuatro 
        La Comisión → acoger o rechazar fundadamente · plazo: dentro de los quince días 
  [927/1272] DFL 4 art 177 bis: 5/6 válidas
        La Comisión → realizará el llamado a licitación
        La Comisión → procederá a la adjudicación
  [928/1272] DFL 4 art 177 ter: 1/1 válidas
        Las empresas que operen en los sis → concurrir al pago del estudio de planificación y tar
  [929/1272] DFL 4 art 177 quáter: 5/5 válidas
        La empresa adjudicataria del estud → presentará sus resultados
        La empresa adjudicataria del estud → indicará
  [930/1272] DFL 4 art 177 quinquies: 7/7 válidas
        La Comisión → dispondrá del plazo de tres meses para revisar el es
        La Comisión → deberá remitir, a través de medios electrónicos, el 
  [931/1272] DFL 4 art 178: 3/3 válidas
        Comisión → remitir · plazo: Dentro de los cinco días s
        Ministro de Energía → fijar · plazo: Dentro de los siguientes t
  [932/1272] DFL 4 art 179: 1/1 válidas
        Los planes de expansión de los seg → tendrán carácter de obligatorios, y deberán ejecutar · plazo: conforme al tipo, dimensio
  [933/1272] DFL 4 art 180-1: 3/3 válidas
        El Coordinador → otorgar permiso de conexión
        Las empresas que operen instalacio → permitir la conexión de nuevos proyectos
  [934/1272] DFL 4 art 180-2: 2/2 válidas
        El Coordinador → otorgar permiso de conexión
        El Panel de Expertos → dictaminar · plazo: quince días hábiles
  [935/1272] DFL 4 art 180-3: 3/3 válidas
        Toda unidad generadora o sistema d → comunicar por escrito · plazo: seis meses
        En el caso de las instalaciones de → cumplir
  [936/1272] DFL 4 art 180-4: 3/4 válidas
        La Comisión → incorporar
        los proyectos → ser incorporados
  [937/1272] DFL 4 art 180-5: 5/5 válidas
        la Comisión → elaborar un informe técnico
        El Ministerio → dictar el correspondiente decreto bajo la fórmula "p
  [938/1272] DFL 4 art 180-7: 1/1 válidas
        La Comisión → deberá considerar
  [939/1272] DFL 4 art 180-8: 4/4 válidas
        Las concesionarias de servicio púb → realizar observaciones de carácter técnico · plazo: quince días
        la Comisión → dar respuesta fundada · plazo: treinta días
  [940/1272] DFL 4 art 180-9: 5/5 válidas
        La Comisión → elaborar
        La Comisión → remitir
  [941/1272] DFL 4 art 180-10: 1/1 válidas
        Comisión → fijar
  [942/1272] DFL 4 art 180-11: 5/5 válidas
        Las empresas concesionarias de dis → adjudicar la licitación
        Las empresas concesionarias de dis → comunicar a la Comisión
  [943/1272] DFL 4 art 180-12: 3/3 válidas
        El total de la energía que deberán → ser igual a la energía efectivamente inyectada por d
        El precio medio que resulte de la  → ser traspasado a los clientes finales de los sistema
  [944/1272] DFL 4 art 180-13: 1/1 válidas
        Las nuevas plantas de generación c → deberán incorporarse
  [945/1272] DFL 4 art 182 bis: 2/2 válidas
        La Comisión → deberá licitar un estudio · plazo: antes de los cinco meses d
        La Comisión → emitirá un informe técnico · plazo: Finalizado el estudio seña
  [946/1272] DFL 4 art 183: 4/5 válidas
        La Comisión → fijará · plazo: dentro de los treinta mese
        La Comisión → encargará
  [947/1272] DFL 4 art 185: 7/7 válidas
        La Comisión → estructurará un conjunto de tarifas básicas prelimin
        La Comisión → emitir un informe preliminar
  [948/1272] DFL 4 art 187: 3/3 válidas
        La Comisión → estructurará fórmulas indexadas
        La Comisión → efectuar un nuevo estudio
  [949/1272] DFL 4 art 190: 3/3 válidas
        El Ministerio de Energía → fijará las fórmulas tarifarias
        la Comisión → hacer públicos, por un medio electrónico, los conten · plazo: dentro de los treinta días
  [950/1272] DFL 4 art 191: 2/2 válidas
        las empresas distribuidoras → comunicar los nuevos valores
        las empresas concesionarias de dis → proporcionar toda la información
  [951/1272] DFL 4 art 191 bis: 1/1 válidas
        Los referidos descuentos → deberán ser contabilizados
  [952/1272] DFL 4 art 192: 4/4 válidas
        Las empresas distribuidoras → abonar o cargar a la cuenta de los usuarios
        Las reliquidaciones → reajustadas
  [953/1272] DFL 4 art 194: 4/4 válidas
        El concesionario → presentará
        El concesionario → dará cuenta
  [954/1272] DFL 4 art 195: 4/4 válidas
        el concesionario → comunicará · plazo: antes del treinta de junio
        la Superintendencia → fijará · plazo: en el plazo de tres meses
  [955/1272] DFL 4 art 196: 1/1 válidas
        La Superintendencia → establecerá
  [956/1272] DFL 4 art 203: 1/1 válidas
        Los Alcaldes → informarán · plazo: con un mes de anticipación
  [957/1272] DFL 4 art 206: 1/1 válidas
        la Comisión → calculará e informará · plazo: por un período de cuatro a
  [958/1272] DFL 4 art 207: 1/1 válidas
        El Alcalde → informará
  [959/1272] DFL 4 art 207-2: 5/5 válidas
        Las empresas concesionarias del se → llevar un registro de personas electrodependientes c
        Se registrarán → las personas electrodependientes que cuenten con un 
  [960/1272] DFL 4 art 207-2 bis: 2/2 válidas
        Las empresas concesionarias → mantener actualizado el registro de clientes electro · plazo: quincenalmente
        Las empresas → habilitar y mantener operativa una línea telefónica  · plazo: garantizando su disponibil
  [961/1272] DFL 4 art 207-3: 3/3 válidas
        Las empresas concesionarias → implementar, en forma eficaz y oportuna, las mejores
        Las empresas concesionarias → entregar, sin costo para el usuario, un sistema de r
  [962/1272] DFL 4 art 207-4: 2/2 válidas
        las empresas concesionarias → priorizar el restablecimiento del servicio
        la empresa concesionaria → informar dicha situación · plazo: al menos cinco días hábile
  [963/1272] DFL 4 art 207-5: 1/1 válidas
        Las empresas concesionarias → descontarán el consumo de energía asociado al funcio
  [964/1272] DFL 4 art 207-7: 1/1 válidas
        Las empresas concesionarias de dis → instalar · plazo: a más tardar el 1 de marzo
  [965/1272] DFL 4 art 207-8: 1/1 válidas
        la empresa concesionaria → ofrecer un plan de reprogramación de dicha deuda · plazo: en 24 cuotas mensuales
  [966/1272] DFL 4 art 209: 10/10 válidas
        El panel de expertos → estar integrado por siete profesionales, cinco de lo
        El concurso público para conformar → ser publicado, a lo menos, en un diario de cada regi
  [967/1272] DFL 4 art 210: 3/3 válidas
        El secretario abogado → Recibir, registrar y certificar el ingreso de las di
        El secretario abogado → Efectuar el examen de admisibilidad formal de las di
  [968/1272] DFL 4 art 211: 6/6 válidas
        El Panel de Expertos → notificar a las partes, a la Comisión y a la Superin · plazo: dentro de tercero día
        El Panel de Expertos → convocar a una sesión especial · plazo: dentro de tercero día
  [969/1272] DFL 4 art 212: 4/4 válidas
        El Panel → presentar · plazo: antes del 30 de septiembre
        El Panel → comprender
  [970/1272] DFL 4 art 212-2: 7/7 válidas
        El Coordinador → mantener a disposición permanente del público, a tra
        El Coordinador → incorporar a sus sitios electrónicos en forma comple
  [971/1272] DFL 4 art 212-3: 5/5 válidas
        El Consejo Directivo → representación judicial y extrajudicial del organism
        El Consejo Directivo → delegar parte de sus facultades
  [972/1272] DFL 4 art 212-4: 3/3 válidas
        Consejo Directivo → velar por el cumplimento de las funciones del Coordi
        Consejo Directivo → adoptar las medidas que sean necesarias para asegura
  [973/1272] DFL 4 art 212-5: 2/2 válidas
        El Consejo Directivo → deberá sesionar
        El Consejo Directivo → deberá celebrar
  [974/1272] DFL 4 art 212-6: 3/3 válidas
        Las personas → renunciar
        El consejero → perder el derecho
  [976/1272] DFL 4 art 212-8: 4/4 válidas
        El Director Ejecutivo → deberá ser elegido y removido por el voto favorable 
        El Director Ejecutivo → responde personalmente de la ejecución de los acuerd
  [977/1272] DFL 4 art 212-9: 11/11 válidas
        El Consejo Directivo → ejerce las funciones que la ley y la normativa eléct
        Los consejeros → actuar en el ejercicio de sus funciones con el cuida
  [978/1272] DFL 4 art 212-11: 7/7 válidas
        El Consejo Directivo del Coordinad → presentar · plazo: antes del 30 de septiembre
        La Comisión → aprobar · plazo: antes del 19 noviembre de 
  [979/1272] DFL 4 art 212-12: 1/1 válidas
        Los ingresos → deberán imputarse · plazo: al ejercicio de cálculo de
  [980/1272] DFL 4 art 212-13: 7/8 válidas
        La Comisión → fijar anualmente · plazo: antes del 19 de noviembre 
        El Coordinador → repartir los ingresos recaudados
  [981/1272] DFL 4 art 212-14: 9/9 válidas
        La Tesorería General de la Repúbli → emitir reportes mensuales
        El Fondo → ser objeto de una auditoría externa
  [982/1272] DFL 4 art 214: 3/3 válidas
        El autor de los hechos que hubiere → reparar
        la reposición del suministro eléct → serán siempre y a todo evento de cargo del concesion
  [983/1272] DFL 4 art 219: 1/1 válidas
        Las instalaciones destinadas a la  → ajustarse
  [984/1272] DFL 4 art 222: 1/1 válidas
        El propietario de las líneas aérea → dar aviso por carta certificada · plazo: diez días
  [985/1272] DFL 4 art 223: 4/4 válidas
        propietarios → comunicar
        propietarios → cumplir
  [986/1272] Ley 20776 art 7º: 8/9 válidas
        La Comisión → Analizar técnicamente la estructura y nivel de los p
        La Comisión → Fijar las normas técnicas y de calidad indispensable
  [987/1272] Ley 20776 art 12: 3/3 válidas
        funcionarios que dispongan de dich → proporcionarlos · plazo: en el más breve plazo
        Las entidades o empresas requerida → exceptuarse de entregar la información solicitada
  [989/1272] LEY 18045 art 5°: 2/7 válidas
        Los emisores de valores de oferta  → inscribir
        Los emisores → no estarán obligados a ofrecer los valores inscritos · plazo: un año
  [991/1272] LEY 18410 art 3°: 11/11 válidas
        Superintendencia de Electricidad y → Otorgar las concesiones provisionales de plantas pro
        Superintendencia de Electricidad y → Emitir informes respecto de las solicitudes de conce
  [992/1272] LEY 18410 art 1º D: 9/13 válidas
        Superintendente de Electricidad y  → resolver en calidad de árbitro arbitrador
        Superintendente de Electricidad y  → dictar instrucciones relativas a la aplicación de la
  [993/1272] LEY 18410 art 3º A: 3/3 válidas
        Las personas o empresas → informar · plazo: a más tardar dentro de los
        Las personas o empresas → entregar
  [995/1272] LEY 18410 art 3º C: 3/3 válidas
        El Superintendente → citara a declarar
        La Superintendencia → pedir declaración por escrito
  [996/1272] LEY 18410 art 3º D: 2/3 válidas
        Los funcionarios señalados en el i → tendrán libre acceso a las centrales, subestaciones,
        En el ejercicio de su cometido → deberán cumplir las normas y procedimientos de segur
  [997/1272] LEY 18410 art 3º E: 1/2 válidas
        El Superintendente y los funcionar → no podrán tener negocios ni prestar servicios
  [998/1272] LEY 18410 art 6°: 9/9 válidas
        Asesoría jurídica → realizar los estudios e informar respecto de las cue
        Asesoría jurídica → asesorar al Superintendente en todas las materias le
  [999/1272] LEY 18410 art 7°: 8/9 válidas
        Superintendente → Planificar, organizar, dirigir, coordinar y controla
        Superintendente → Establecer oficinas regionales
  [1000/1272] LEY 18410 art 17: 4/4 válidas
        La Superintendencia → dar lugar a las medidas probatorias que solicite el 
        La Superintendencia → pronunciarse sobre las alegaciones y defensas del im · plazo: dentro de los 30 días de e
  [1001/1272] LEY 18410 art 18: 1/2 válidas
        El monto de las multas impuestas p → ser de beneficio fiscal y deberá ser pagado · plazo: diez días, contado desde l
  [1002/1272] LEY 18410 art 19: 4/5 válidas
        La Corte de Apelaciones → dar traslado · plazo: diez días hábiles
        La Superintendencia → formular observaciones · plazo: diez días hábiles
  [1003/1272] LEY 18410 art 20: 1/1 válidas
        La Superintendencia → ordenar su devolución
  [1007/1272] LEY 19496 art 3º bis: 1/1 válidas
        El proveedor → devolverle las sumas abonadas · plazo: cuarenta y cinco días
  [1008/1272] LEY 19613 art 16: 5/5 válidas
        concesionario → compensación
        concesionario → abonar
  [1009/1272] LEY 19613 art 99 bis: 6/6 válidas
        El Ministerio de Economía, Fomento → dictar un decreto de racionamiento
        El decreto que se dicte → dispondrá las medidas que, dentro de sus facultades, · plazo: en el más breve plazo prud
  [1011/1272] LEY 19657 art 11: 1/1 válidas
        Las solicitudes de concesión de en → deberán contener y acompañar
  [1012/1272] LEY 19657 art 12: 1/1 válidas
        Las autoridades cuyo informe se so → evacuarlo · plazo: sesenta días corridos
  [1013/1272] LEY 19657 art 13: 5/5 válidas
        Un extracto de la solicitud de con → deberá ser publicado · plazo: del mes siguiente a la fec
        El mismo aviso destacado → deberá publicarse · plazo: dentro del mes siguiente a
  [1014/1272] LEY 19657 art 15: 1/3 válidas
        el Ministerio de Energía → resolver, otorgándola o denegándola
  [1016/1272] LEY 19657 art 17: 1/4 válidas
        La convocatoria a licitación → deberá publicarse
  [1017/1272] LEY 19657 art 18: 3/4 válidas
        los dueños de los terrenos superfi → formular al Ministerio de Energía las reclamaciones  · plazo: cuarenta y cinco días corr
        El Ministerio de Energía → poner en conocimiento del peticionario las reclamaci · plazo: sesenta días corridos
  [1019/1272] LEY 19657 art 20: 1/1 válidas
        Ministerio de Energía → llevará un catástro público
  [1020/1272] LEY 19657 art 24: 4/4 válidas
        Las concesiones de energía geotérm → ser transferidas a terceros, total o parcialmente
        La transferencia → efectuarse mediante escritura pública
  [1021/1272] LEY 19657 art 25: 1/1 válidas
        Los herederos → comunicar · plazo: sesenta días corridos
  [1022/1272] LEY 19657 art 26: 2/3 válidas
        los predios superficiales donde se → estar sujetos a las siguientes servidumbres
        Para que las servidumbres de que t → ser oponibles a terceros
  [1023/1272] LEY 19657 art 27: 4/4 válidas
        El titular de la concesión de ener → tiene el derecho de aprovechamiento consuntivo y de 
        El concesionario de energía geotér → deberá informar
  [1024/1272] LEY 19657 art 28: 2/2 válidas
        los titulares de ellas → realizar, a su exclusivo cargo, las obras necesarias
        el titular de la concesión de ener → realizar, a su exclusivo cargo, las obras necesarias
  [1025/1272] LEY 19657 art 29: 1/1 válidas
        el titular de la concesión de expl → comunicar
  [1026/1272] LEY 19657 art 32: 4/4 válidas
        El pago de la patente → será anticipado · plazo: en el curso del mes de mar
        El pago de la patente → tendrá un recargo del 10% de su valor más un 5% adic · plazo: Vencido el plazo indicado 
  [1027/1272] LEY 19657 art 33: 1/1 válidas
        El Servicio de Tesorerías → pondrá a disposición · plazo: dentro del mes subsiguient
  [1029/1272] LEY 19657 art 35: 1/1 válidas
        El concesionario de exploración → informar · plazo: anualmente, en el mes de m
  [1030/1272] LEY 19657 art 36: 1/1 válidas
        El Ministerio de Energía → otorgará la prórroga o la denegará fundadamente · plazo: dentro de un plazo que no 
  [1031/1272] LEY 19657 art 37: 1/1 válidas
        El concesionario de explotación → informar · plazo: en el curso del mes de mar
  [1032/1272] LEY 19657 art 38: 1/1 válidas
        los respectivos concesionarios → acordar los procedimientos técnicos de la explotació
  [1033/1272] LEY 19657 art 40: 2/3 válidas
        El juez → declarar extinguida la concesión de explotación
        El juez → conocer y resolver
  [1036/1272] LEY 19882 art primero: 1/1 válidas
        Las personas traspasadas → conservarán
  [1037/1272] LEY 19882 art segundo: 2/2 válidas
        El jefe de servicio → definirá · plazo: en el curso del primer sem
        El jefe de servicio → suscribirá · plazo: Dentro de este mismo plazo
  [1038/1272] LEY 19882 art 6°: 1/1 válidas
        Los organismos de la administració → proporcionar
  [1040/1272] LEY 19882 art 20 bis: 8/8 válidas
        jefe superior del servicio → informar
        jefe superior del servicio → efectuar · plazo: Dentro de los 30 días ante
  [1041/1272] LEY 20257 art 1° transitorio: 3/3 válidas
        La obligación contemplada en el ar → regirá · plazo: a contar del 1 de enero de
        El cumplimiento de la obligación r → deberá efectuarse
  [1042/1272] LEY 20257 art 2 D: 1/1 válidas
        las empresas eléctricas → efectúen retiros
  [1043/1272] LEY 20257 art 4° transitorio: 1/1 válidas
        Las empresas eléctricas → acreditar
  [1044/1272] LEY 20365 art 3º: 2/4 válidas
        La empresa constructora → presentar
        La empresa constructora → presentar
  [1045/1272] LEY 20365 art 6º: 1/1 válidas
        Las empresas constructoras → informar
  [1046/1272] LEY 20365 art 8º: 1/1 válidas
        El propietario primer vendedor de  → deberá responder por los daños y perjuicios
  [1047/1272] LEY 20365 art 11: 2/4 válidas
        Comisión Nacional de Energía → informará · plazo: Durante el primer semestre
        Ministerio de Energía → publicará · plazo: en el mes de diciembre del
  [1048/1272] LEY 20365 art 13: 5/6 válidas
        El Ministerio de la Vivienda y Urb → establecer un programa de subsidio complementario a 
        El Ministerio de la Vivienda y Urb → determinar anualmente mediante decreto los valores m
  [1049/1272] LEY 20365 art 14: 1/1 válidas
        Presidente de la República → establezca un mecanismo destinado al financiamiento 
  [1050/1272] LEY 20402 art 10: 5/5 válidas
        La Superintendencia → fiscalizará el debido cumplimiento de las funciones 
        Los productos, máquinas, instrumen → no podrán comercializarse en el país sin contar con 
  [1051/1272] LEY 20402 art primero: 9/9 válidas
        Presidente de la República → establecer
        Presidente de la República → establecer · plazo: el plazo en que se llevará
  [1052/1272] LEY 20402 art segundo: 7/7 válidas
        El Presidente de la República → conformará
        El Presidente de la República → traspasará
  [1053/1272] LEY 20402 art cuarto: 8/8 válidas
        la Comisión Nacional de Energía, r → participen en la formación y constitución de una per
        estos organismos → participen en la disolución y liquidación de dicha e
  [1054/1272] LEY 20410 art 3º: 4/4 válidas
        Los funcionarios autorizados → enviarán una constancia de la misma por medio de arc
        El Director de la Unidad de Admini → comunicará la constancia al infractor
  [1055/1272] LEY 20410 art primero transitorio: 4/4 válidas
        los concesionarios → opten · plazo: los tres meses siguientes 
        los concesionarios → suscribir un convenio complementario
  [1056/1272] LEY 20416 art Tercero: 8/8 válidas
        El Ministerio de Economía, Fomento → impulsar el desarrollo de las empresas de menor tama
        La Subsecretaría de Economía, Fome → generar coordinaciones para que, en conjunto con los
  [1057/1272] LEY 20416 art Cuarto: 7/7 válidas
        El Consejo → asesorar al Ministerio de Economía, Fomento y Recons
        El Consejo → proponer al Ministerio de Economía, Fomento y Recons
  [1058/1272] LEY 20416 art Quinto: 3/3 válidas
        Todos los ministerios u organismos → deberán mantener a disposición permanente del públic
        Las normas jurídicas generales ind → serán informadas al Ministerio de Economía, Fomento  · plazo: previamente a su dictación
  [1059/1272] LEY 20416 art Sexto: 1/1 válidas
        Los servicios públicos → deberán mantener publicados
  [1060/1272] LEY 20416 art Séptimo: 3/3 válidas
        Los servicios públicos → otorgar permisos provisorios
        Los servicios públicos → otorgar permisos provisorios
  [1061/1272] LEY 20416 art Octavo: 6/6 válidas
        El titular o representante legal d → declarar voluntariamente
        La autoridad → eximir de la aplicación de las multas respectivas
  [1062/1272] LEY 20416 art 33 D: 1/1 válidas
        micro y pequeñas empresas → aplicar
  [1063/1272] LEY 20416 art 3º: 2/2 válidas
        las empresas representadas por las → notificadas
        las empresas representadas por las → manifestar su voluntad · plazo: treinta días contado desde
  [1064/1272] LEY 20416 art 7º: 1/1 válidas
        la autoridad competente → deberá considerar
  [1065/1272] LEY 20416 art 8º: 3/3 válidas
        el organismo fiscalizador competen → emitirá las resoluciones y dictará las instrucciones
        Los organismos públicos competente → velarán por el cumplimiento
  [1066/1272] LEY 20416 art 4°: 4/5 válidas
        El Superintendente → señalar en cada oportunidad y con la debida anticipa
        Toda empresa deudora → tener la facultad de elegir el asesor que estime con
  [1067/1272] LEY 20416 art 5°: 1/1 válidas
        Un reglamento suscrito por los Min → complementará la regulación sobre el sistema volunta
  [1069/1272] LEY 20416 art 8°: 3/3 válidas
        El asesor excluido del registro → entregar · plazo: de inmediato
        La Superintendencia → dar a conocer · plazo: inmediatamente
  [1070/1272] LEY 20416 art 10: 1/1 válidas
        Todo asesor → mantener una garantía de fiel desempeño de su activi
  [1071/1272] LEY 20416 art 11: 3/3 válidas
        El asesor → no podrá actuar directa o indirectamente en gestione
        El acreedor → deberá declararlo a los demás acreedores
  [1072/1272] LEY 20416 art 15: 5/5 válidas
        Superintendencia → Llevar un registro de asesores
        Superintendencia → Fiscalizar las actuaciones de los asesores
  [1073/1272] LEY 20416 art 16: 3/3 válidas
        La persona que se encuentre en cua → presentar
        Si se tratare de una persona juríd → acompañar
  [1074/1272] LEY 20416 art 17: 10/10 válidas
        el asesor → aceptar la nominación formalmente
        el asesor → comunicarle este hecho a la Superintendencia
  [1075/1272] LEY 20416 art 19: 3/3 válidas
        el deudor → presentar
        el deudor → presentar
  [1076/1272] LEY 20416 art 22: 6/6 válidas
        El asesor → llevar a cabo un estudio de la situación económica, 
        El asesor → señalar el giro de los negocios del deudor, las caus
  [1077/1272] LEY 20416 art 23: 7/7 válidas
        el asesor → citara a los acreedores y al deudor
        el asesor → exponer la situación del deudor
  [1078/1272] LEY 20416 art 24: 7/7 válidas
        Los acuerdos → deben ser protocolizados · plazo: dentro del plazo de la sus
        El acuerdo → debe indicar · plazo: una vez extinguido el plaz
  [1079/1272] LEY 20416 art 26: 1/1 válidas
        El Fisco → pagará
  [1080/1272] LEY 20416 art 27: 2/2 válidas
        El Servicio de Impuestos Internos → informar · plazo: cada 30 de junio
        cada contribuyente → entregar
  [1081/1272] LEY 20571 art 149 ter: 4/4 válidas
        la concesionaria de servicio públi → remitir
        la concesionaria de servicio públi → remitir · plazo: anualmente
  [1082/1272] LEY 20571 art 149 quinquies: 2/2 válidas
        Las concesionarias de servicio púb → emitir las facturas
        El Servicio de Impuestos Internos → establecer mediante resolución
  [1084/1272] LEY 20698 art 2º: 11/13 válidas
        la obligación aludida en el inciso → ser del 5% · plazo: para los años 2010 a 2014
        la obligación aludida en el inciso → aumentándose en el 0,5% anual · plazo: a partir del año 2015
  [1085/1272] LEY 20701 art único: 5/6 válidas
        La Superintendencia → revisar · plazo: quince días
        La Superintendencia → declarar admisible
  [1086/1272] LEY 20720 art 3º: 3/3 válidas
        Los jueces titulares y secretarios → deberán estar capacitados
        Cada Corte de Apelaciones → adoptará las medidas pertinentes
  [1087/1272] LEY 20720 art 4º: 4/4 válidas
        Las resoluciones judiciales → serán susceptibles de los recursos que siguen
        deberá interponerse → interponerse · plazo: tres días
  [1088/1272] LEY 20720 art 6º: 3/4 válidas
        el Veedor, el Liquidador o la Supe → realizar · plazo: dentro de los dos días sig
        la Superintendencia → establecer
  [1089/1272] LEY 20776 art 3º: 1/1 válidas
        El personal a contrata de la Subse → no podrán exceder del 14% en el caso de la Subsecret
  [1090/1272] LEY 20776 art tercero: 1/1 válidas
        Subsecretaría de Energía → disponer de los bienes inventariables, muebles · plazo: Durante el año 2014
  [1091/1272] LEY 20805 art segundo: 1/1 válidas
        se deberá dictar un reglamento → dictar un reglamento · plazo: noventa días
  [1092/1272] LEY 20886 art 2º: 3/4 válidas
        Todas las actuaciones del proceso → se registrarán y conservarán íntegramente y en orden
        Los sistemas informáticos de trami → deberán ser actualizados
  [1093/1272] LEY 20886 art 3º: 6/6 válidas
        Los jueces, auxiliares de la admin → utilizar y a registrar
        Para el registro de las resolucion → aplicar adecuadamente las nomenclaturas pertinentes
  [1094/1272] LEY 20886 art 4º: 3/3 válidas
        Los jueces y los demás funcionario → serán personalmente responsables de la firma electró
        Las resoluciones suscritas por los → no requerirán de la firma ni de la autorización del 
  [1095/1272] LEY 20886 art 6º: 4/5 válidas
        Los documentos cuyo formato origin → presentarse materialmente en el tribunal
        Los documentos y títulos ejecutivo → acompañarse con una copia en formato digital
  [1096/1272] LEY 20886 art 7º: 3/5 válidas
        Si el patrocinio se otorgare por f → ratificarse ante el ministro de fe del tribunal por 
        Si el mandato se otorgare por firm → ratificarse por el mandante y el mandatario de confo
  [1097/1272] LEY 20886 art 9º: 5/5 válidas
        los receptores judiciales → registrarse
        Los receptores → agregar a la carpeta electrónica un testimonio dando · plazo: dentro de los dos días háb
  [1098/1272] LEY 20886 art 10: 4/4 válidas
        Los exhortos que se dirijan entre  → ser remitidos, diligenciados y devueltos
        Toda carta rogatoria nacional → ser derivada
  [1099/1272] LEY 20886 art 13: 4/4 válidas
        Los secretarios de los tribunales  → llevarán electrónicamente un registro público de int
        Los secretarios → estarán a cargo de la confección de los siguientes r
  [1100/1272] LEY 20897 art 2º: 2/4 válidas
        Los titulares o propietarios de la → consignar la caución
        La celebración de actos o contrato → cumplir con las exigencias
  [1101/1272] LEY 20897 art 3º: 2/2 válidas
        La Empresa → deberá dar estricto cumplimiento
        La Empresa → deberá velar
  [1102/1272] LEY 20928 art primero: 1/1 válidas
        el Ministro de Energía → dictar bajo la fórmula "por orden del Presidente de 
  [1103/1272] LEY 20936 art primero: 4/4 válidas
        La Comisión → establecer · plazo: dentro del primer mes de p
        La Comisión → prestar
  [1104/1272] LEY 20936 art segundo: 10/10 válidas
        La Comisión → velar por el uso eficiente de los recursos consignad
        El Consejo Directivo → revisar dicho presupuesto y efectuar los ajustes cor
  [1105/1272] LEY 20936 art tercero: 2/2 válidas
        El cargo único por servicio públic → deberá ser incorporado
        El Panel → enviar · plazo: a más tardar el 30 de juni
  [1106/1272] LEY 20936 art cuarto: 1/1 válidas
        Los miembros del Directorio del CD → renunciar
  [1107/1272] LEY 20936 art sexto: 4/4 válidas
        los CDEC → ceder
        Cualquier donación → no deberá sujetarse
  [1108/1272] LEY 20999 art 29 ter: 8/8 válidas
        la empresa original → transferir sus instalaciones muebles que estén dentr
        la empresa original → desconectarlas y retirarlas · plazo: en los plazos y condicione
  [1109/1272] LEY 20999 art 33 ter: 8/8 válidas
        Las empresas concesionarias → informar · plazo: antes del 31 de marzo de c
        Las empresas concesionarias → presentar
  [1110/1272] LEY 20999 art 39: 1/1 válidas
        El cambio a un régimen de libertad → deberá ser comunicado · plazo: seis meses
  [1111/1272] LEY 20999 art 40: 1/1 válidas
        la empresa concesionaria respectiv → proporcionar
  [1112/1272] LEY 20999 art 3: 5/5 válidas
        los propietarios de las instalacio → inscribirlas
        el nuevo propietario → registrar dicho evento
  [1113/1272] LEY 20999 art segundo: 1/1 válidas
        la Comisión Nacional de Energía → dar inicio al proceso de tarificación del servicio d · plazo: sesenta días
  [1114/1272] LEY 20999 art tercero: 3/3 válidas
        la Comisión → emitir los informes técnicos preliminares · plazo: 31 de julio de 2017
        las empresas concesionarias → informar a la Comisión · plazo: 31 de enero de 2017
  [1115/1272] LEY 20999 art sexto: 1/1 válidas
        las empresas concesionarias → informar
  [1116/1272] LEY 20999 art séptimo: 1/1 válidas
        las empresas concesionarias → informar
  [1117/1272] LEY 20999 art duodécimo: 5/5 válidas
        La Comisión → verificará
        La Comisión → determinará
  [1118/1272] LEY 20999 art decimotercero: 5/5 válidas
        la Comisión → verificará
        la Comisión → determinará
  [1119/1272] LEY 21044 art 22 ter: 4/4 válidas
        Director General de Concesiones de → Someter a la aprobación del Ministro de Obras Públic
        Director General de Concesiones de → Presentar al Ministro de Obras Públicas, para su apr
  [1121/1272] LEY 21044 art 4: 1/1 válidas
        El Ministro de Obras Públicas → determinar · plazo: anualmente
  [1122/1272] LEY 21044 art primero: 1/1 válidas
        La Dirección General de Concesione → comunicarlo
  [1123/1272] LEY 21044 art segundo: 3/3 válidas
        El Presidente de la República → nombrar · plazo: un año
        El primer nombramiento de los carg → realizarse · plazo: un año
  [1124/1272] LEY 21044 art tercero: 11/11 válidas
        Presidente de la República → establezca · plazo: seis meses, contado desde 
        Presidente de la República → determinar
  [1125/1272] LEY 21044 art cuarto: 5/5 válidas
        El personal que a la fecha de inic → puede optar a modificar su calidad jurídica de honor
        El personal señalado en el inciso  → cumplir con los requisitos respectivos y dar su cons
  [1126/1272] LEY 21076 art primero: 1/1 válidas
        la concesionaria del servicio públ → asumir íntegramente el costo del retiro o desmantela
  [1127/1272] LEY 21083 art 88 bis: 8/8 válidas
        Al Ministerio de Transportes y Tel → definir y regular
        el o los Ministerios → emitir instrumentos o mecanismos
  [1128/1272] LEY 21083 art 88 ter: 6/6 válidas
        Carabineros de Chile, los inspecto → retener o solicitar la inutilización del instrumento
        Carabineros de Chile, los inspecto → consignar los datos de la persona que, sin ser el ti
  [1129/1272] LEY 21083 art 2°: 2/2 válidas
        El Secretario del Tribunal → individualizará
        La Tesorería Municipal → informará · plazo: dentro de los sesenta días
  [1130/1272] LEY 21083 art segundo: 3/3 válidas
        El Ministerio de Transportes y Tel → deberán ser ejercidas
        El referido ministerio → contrate
  [1131/1272] LEY 21118 art primero: 1/1 válidas
        la concesionaria → remitir
  [1132/1272] LEY 21118 art tercero: 1/1 válidas
        Ministerio de Energía → evaluar · plazo: Durante el tercer año desd
  [1133/1272] LEY 21118 art cuarto: 1/1 válidas
        se → dictar · plazo: ocho meses contado desde l
  [1134/1272] LEY 21304 art 207: 4/4 válidas
        Las empresas concesionarias del se → llevar un registro de personas electrodependientes c
        Se → registrarán las personas electrodependientes que cue
  [1135/1272] LEY 21305 art 2°: 12/12 válidas
        El Ministro de Energía → establecer
        todas aquellas empresas que hayan  → reportar
  [1136/1272] LEY 21305 art 3°: 6/6 válidas
        Las viviendas, edificios de uso pú → deberán contar con una calificación energética
        El Director de Obras → deberá dejar constancia en el permiso de edificación
  [1137/1272] LEY 21305 art 4°: 7/7 válidas
        El Registro → regirá
        El Ministerio de Vivienda y Urbani → establecerán
  [1138/1272] LEY 21305 art 5°: 9/9 válidas
        Las municipalidades, gobiernos reg → velar por el buen uso de la energía en los inmuebles
        Las municipalidades, gobiernos reg → reportar al Ministerio de Energía los consumos de to
  [1139/1272] LEY 21305 art 7°: 3/3 válidas
        El Ministerio de Energía → fijar estándares de eficiencia energética · plazo: veinticuatro meses desde s
        El Ministerio de Energía → publicar el nivel de cumplimiento del estándar de ef · plazo: anualmente
  [1140/1272] LEY 21305 art primero: 3/3 válidas
        El Ministerio de Energía → someter al Consejo de Ministros para la Sustentabili · plazo: dieciocho meses
        El Plan referido en el inciso prec → establecer una meta de reducción de la intensidad en
  [1141/1272] LEY 21305 art segundo: 4/4 válidas
        El Ministro de Energía → dictar el decreto supremo · plazo: seis meses
        El Ministerio de Energía → dictar el reglamento · plazo: doce meses
  [1142/1272] LEY 21472 art 1: 1/1 válidas
        Las empresas distribuidoras → informar
  [1144/1272] LEY 21472 art 3: 2/3 válidas
        las concesionarias de servicio púb → traspasar
        la distribuidora → identificar
  [1145/1272] LEY 21472 art 4: 1/1 válidas
        la empresa de distribución → determinar el Beneficio a Cliente Final
  [1146/1272] LEY 21472 art 5: 5/5 válidas
        Comisión Nacional de Energía → contabilizará
        Comisión Nacional de Energía → incorporar
  [1148/1272] LEY 21472 art 7: 3/4 válidas
        las concesionarias de servicio púb → pagarán a sus suministradores
        las distribuidoras → informarán
  [1149/1272] LEY 21472 art 10: 6/8 válidas
        Las concesionarias de distribución → transferir el monto de dinero recaudado con ocasión 
        La Tesorería General de la Repúbli → llevar un registro contable que permita identificar 
  [1150/1272] LEY 21472 art 13: 2/2 válidas
        La Comisión Nacional de Energía → establecerá las reglas necesarias para la implementa
        el Coordinador → establecerá un procedimiento interno que determine l
  [1151/1272] LEY 21472 art 15: 3/3 válidas
        Los clientes sometidos a regulació → participar de este mecanismo de estabilización · plazo: a partir de la vigencia de
        los clientes libres sujetos a peaj → financiar la Componente NT del Cargo MPC
  [1152/1272] LEY 21472 art 16: 4/4 válidas
        las micro y pequeñas empresas → acreditar · plazo: en la forma, plazo, y suje
        la empresa de distribución → exceptuar
  [1153/1272] LEY 21472 art 17: 1/1 válidas
        El Ministerio de Energía → presentar · plazo: cada seis meses desde la p
  [1154/1272] LEY 21472 art primero: 1/1 válidas
        el Ministerio de Hacienda → dictar el reglamento · plazo: seis meses
  [1155/1272] LEY 21472 art cuarto: 1/1 válidas
        Ministerio de Hacienda → efectuará un aporte · plazo: durante el año 2022
  [1156/1272] LEY 21472 art séptimo: 1/1 válidas
        el Ministerio de Energía y la Teso → remitir · plazo: Semestralmente
  [1157/1272] LEY 21499 art 3: 6/6 válidas
        El Ministerio → establecerá, mediante resolución exenta, las especif
        El Ministerio → requerir la opinión de las instituciones y organismo
  [1158/1272] LEY 21499 art 4: 1/1 válidas
        Los Centros de Procesamiento de Bi → inscribirse
  [1159/1272] LEY 21499 art 5: 2/2 válidas
        Los Centros de Procesamiento de Bi → sujetarse a una certificación realizada por un Organ
        Los Centros de Procesamiento de Bi → exhibir en un lugar visible al público el sello de c
  [1160/1272] LEY 21499 art 6: 1/1 válidas
        Los conductores de los vehículos m → exhibir
  [1161/1272] LEY 21499 art 11: 4/4 válidas
        La Superintendencia → requerir
        La Superintendencia → emitir
  [1162/1272] LEY 21499 art 14: 1/1 válidas
        La Superintendencia → implementar y administrar
  [1163/1272] LEY 21499 art 17: 4/4 válidas
        La Superintendencia → sancionar
        Las sanciones → deberán ser proporcionales
  [1164/1272] LEY 21499 art 20: 3/3 válidas
        El Ministerio → elaborará un Plan Nacional para la Modernización del · plazo: Cada cinco años
        El Ministerio → abrirá un proceso de participación ciudadana
  [1165/1272] LEY 21499 art primero: 1/1 válidas
        se → dictar · plazo: diez meses
  [1166/1272] LEY 21499 art segundo: 1/1 válidas
        La Superintendencia de Electricida → establecerá los requisitos · plazo: seis meses contado desde l
  [1167/1272] LEY 21667 art primero: 3/3 válidas
        La Tesorería General de la Repúbli → destinar los recursos del Fondo de Estabilización de
        La Tesorería General de la Repúbli → realizar el pago de los saldos adeudados en represen
  [1168/1272] LEY 21667 art segundo: 13/13 válidas
        Comisión Nacional de Energía → emitirá el informe técnico preliminar · plazo: quince días contado desde 
        empresas suministradoras y distrib → realizar observaciones al informe técnico preliminar · plazo: cinco días contado desde s
  [1169/1272] LEY 21667 art sexto: 3/3 válidas
        el Ministerio de Hacienda → realizará aportes anuales · plazo: Durante los años 2024, 202
        el Ministerio de Energía → remitirán · plazo: Durante la vigencia del su
  [1170/1272] LEY 21711 art único: 1/1 válidas
        Los aprovechamientos someros que h → deberán inscribirse
  [1171/1272] LEY 21711 art cuarto: 1/1 válidas
        El Ministerio de Energía → informar anualmente los resultados de la implementac · plazo: a más tardar el último día
  [1172/1272] LEY 21750 art único: 1/1 válidas
        El concesionario de obras viales → deberá adoptar medidas de protección y seguridad al 
  [1173/1272] LEY 21755 art 2: 2/2 válidas
        entidades emisoras de tarjetas de  → reportar
        se → reportar
  [1174/1272] LEY 21755 art 10: 4/4 válidas
        el contribuyente → presentar · plazo: sesenta días antes del pla
        el contribuyente → suscrito
  [1175/1272] LEY 21755 art 12: 1/1 válidas
        La Subsecretaría de Educación → determinará el momento a partir del cual se reconoce
  [1176/1272] LEY 21755 art 13: 5/5 válidas
        Secretarías Regionales Ministerial → autorizar el funcionamiento excepcional de determina · plazo: 2025
        Secretarías Regionales Ministerial → recibir y tramitar estas solicitudes
  [1177/1272] LEY 21755 art 16: 1/1 válidas
        el Presidente del tribunal → autorizadas
  [1179/1272] LEY 21755 art 21: 3/3 válidas
        Los Servicios de Vivienda y Urbani → recepcionar · plazo: dentro del plazo de seis m
        Los Servicios de Vivienda y Urbani → informar
  [1180/1272] LEY 21755 art 22: 3/3 válidas
        el cual → deberá ocurrir · plazo: dentro del tercer año cont
        el cual → deberá ocurrir · plazo: dentro del tercer año cont
  [1181/1272] LEY 21755 art 31: 1/1 válidas
        El reglamento → dictarse · plazo: dentro de los seis meses d
  [1183/1272] LEY 21770 art 8: 5/5 válidas
        Los órganos sectoriales → elaborarán
        El órgano sectorial → evacuar · plazo: dentro del plazo indicado 
  [1184/1272] LEY 21770 art 10: 4/4 válidas
        El contenido de los avisos y decla → serán establecidos
        El reglamento → determinará
  [1185/1272] LEY 21770 art 11: 3/3 válidas
        La presentación de los avisos y la → se realizará
        El certificado → se entenderá emitido · plazo: a más tardar el día siguie
  [1186/1272] LEY 21770 art 14: 2/2 válidas
        Toda solicitud de iniciación de un → se presentará de forma digital
        Dichos formularios → deberán estar disponibles
  [1187/1272] LEY 21770 art 16: 4/4 válidas
        El órgano sectorial → requerir fundadamente a la persona solicitante la pr
        El órgano sectorial → citación del precepto que exige la información o fun
  [1188/1272] LEY 21770 art 17: 4/4 válidas
        El órgano sectorial → resolver el término anticipado del procedimiento
        La resolución que disponga el térm → dictarse dentro de la primera mitad del plazo total 
  [1189/1272] LEY 21770 art 18: 4/4 válidas
        Los órganos de la Administración c → evacuarlo · plazo: veinte días
        El órgano requirente → ampliar el plazo para evacuar el informe · plazo: una sola vez
  [1190/1272] LEY 21770 art 26: 7/7 válidas
        Los órganos sectoriales, sus autor → resolver las solicitudes de autorización · plazo: dentro del plazo máximo es
        Los órganos sectoriales, sus autor → evacuar los informes · plazo: dentro del plazo otorgado 
  [1191/1272] LEY 21770 art 27: 2/2 válidas
        la Contraloría General de la Repúb → aplicar
        Los tiempos de respuesta de cada ó → determinar · plazo: semestralmente
  [1192/1272] LEY 21770 art 30: 5/5 válidas
        Los órganos sectoriales o los mini → reconocer a profesionales y entidades técnicamente i
        Los órganos sectoriales o los mini → contar con un registro público de profesionales o en
  [1193/1272] LEY 21770 art 32: 7/8 válidas
        Los reglamentos que se dicten en c → deberán considerar
        Los profesionales como las entidad → deberán tener
  [1194/1272] LEY 21770 art 35: 9/9 válidas
        El respectivo órgano → tomar directamente conocimiento de los hechos
        Las denuncias → contener una descripción de los hechos concretos que
  [1195/1272] LEY 21770 art 36: 1/4 válidas
        el órgano o ministerio sectorial c → examinar el mérito de los antecedentes
  [1196/1272] LEY 21770 art 37: 4/4 válidas
        La resolución → ser fundada y resolver todas las cuestiones plantead
        La resolución final → dictarse · plazo: dentro de los treinta días
  [1198/1272] LEY 21770 art 40: 8/8 válidas
        la Oficina → velar por el correcto funcionamiento del Sistema par
        la Oficina → promover la incorporación en la regulación sectorial
  [1199/1272] LEY 21770 art 45: 2/2 válidas
        El personal de la Oficina → guardar absoluta reserva y secreto
        El personal de la Oficina → comunicación
  [1200/1272] LEY 21770 art 49: 6/6 válidas
        la Oficina → convocar · plazo: al menos una vez al año
        El Comité → definir
  [1201/1272] LEY 21770 art 51: 4/4 válidas
        La Oficina → prestar
        La Jefatura de la Oficina → actuar
  [1202/1272] LEY 21770 art 52: 4/4 válidas
        La Oficina → se coordinará
        La Oficina → deberá adoptar
  [1203/1272] LEY 21770 art 54: 5/5 válidas
        La plataforma digital → deberá incluir, como mínimo, los siguientes contenid
        La plataforma digital → deberá asegurar a las personas que participen como i
  [1204/1272] LEY 21770 art 57: 3/4 válidas
        El acceso, uso y funcionamiento de → se sujetará
        el Ministerio de Economía, Fomento → establecer
  [1205/1272] LEY 21770 art 58: 4/4 válidas
        El Sistema de Información Unificad → dispondrá de un canal reservado para recibir reclamo
        La Oficina de Autorizaciones Secto → elaborará trimestralmente, con fines informativos y  · plazo: trimestralmente
  [1206/1272] LEY 21770 art 61: 3/3 válidas
        Los órganos sectoriales → examinar
        El órgano sectorial → proponer
  [1207/1272] LEY 21770 art 62: 3/3 válidas
        La Oficina de Autorizaciones Secto → establecerá los lineamientos sobre el contenido espe
        La Oficina → identificará anualmente los órganos sectoriales que 
  [1208/1272] LEY 21770 art 63: 5/5 válidas
        El órgano sectorial → elaborar un informe
        El órgano sectorial → determinar justificadamente y con precisión los caso
  [1209/1272] LEY 21770 art 64: 1/1 válidas
        Los órganos → evacuar el informe · plazo: treinta días corridos
  [1210/1272] LEY 21770 art 65: 1/1 válidas
        La Oficina → elaborará un Reporte para la Modernización de Autori
  [1211/1272] LEY 21770 art 66: 3/3 válidas
        La Oficina → someterá dicha medida a consulta ciudadana · plazo: hasta treinta días corrido
        La Oficina → establecer los mecanismos que aseguren la participac · plazo: no exceda el plazo estable
  [1212/1272] LEY 21770 art 67: 3/3 válidas
        El Comité → definirá o actualizará
        El Comité → justificar
  [1213/1272] LEY 21770 art 68: 3/3 válidas
        Los ministerios u órganos sectoria → impulsar las modificaciones normativas e implementar
        el ministerio u órgano sectorial c → justificarlo
  [1214/1272] LEY 21770 art 69: 2/2 válidas
        El ministerio respectivo → remite
        El ministerio → sintetizará
  [1215/1272] LEY 21770 art 70: 1/1 válidas
        las asociaciones de municipalidade → remitirán
  [1216/1272] LEY 21770 art 72: 1/1 válidas
        El ministerio de origen → comunicar
  [1217/1272] LEY 21770 art 73: 4/4 válidas
        La Oficina de Autorizaciones Secto → evaluará cada cinco años los resultados de la implem · plazo: cada cinco años
        La Oficina de Autorizaciones Secto → elaborará un informe de ello
  [1218/1272] LEY 21770 art 74: 6/6 válidas
        La Oficina de Autorizaciones Secto → deberá convocar
        La Oficina → deberá informar
  [1219/1272] LEY 21770 art 75: 1/1 válidas
        Un reglamento establecido por decr → establecerá los requisitos para la postulación de in
  [1220/1272] LEY 21770 art 76: 3/3 válidas
        Las personas titulares de las inic → acompañar a la solicitud correspondiente una declara
        El órgano sectorial competente → comunicar al solicitante
  [1221/1272] LEY 21770 art 77: 1/1 válidas
        El órgano sectorial → resolver conforme a las disposiciones vigentes a la 
  [1222/1272] LEY 21770 art 78: 8/8 válidas
        El Ministerio → Reconocer profesionales y entidades técnicas
        El Ministerio → Establecer, a través de un reglamento, los supuestos
  [1223/1272] LEY 21770 art 83: 6/6 válidas
        El Ministerio → consultará
        El Ministerio → solicitará
  [1224/1272] LEY 21770 art 84: 3/4 válidas
        Superintendencia → Revisar la regulación aplicable a los proyectos o ac
        Superintendencia → formular un diagnóstico y propuestas para su perfecc
  [1225/1272] LEY 21770 art 86: 3/6 válidas
        el interesado → publicarlo · plazo: siete días
        los nuevos interesados → entregar · plazo: sesenta días
  [1226/1272] LEY 21770 art 87: 8/8 válidas
        Ministerio de Vivienda y Urbanismo → especificar en la Ordenanza General de Urbanismo y C
        Ministerio → solicitar a la Oficina de Autorizaciones Sectoriales
  [1227/1272] LEY 21770 art 89: 6/6 válidas
        El solicitante → presentar
        El solicitante → acompañar
  [1228/1272] LEY 21770 art 90: 1/1 válidas
        Los Servicios de Vivienda y Urbani → inspeccionar, certificar y recepcionar
  [1229/1272] LEY 21770 art 91: 7/7 válidas
        El Ministerio → consultará a los órganos sectoriales dependientes o 
        El Ministerio → solicitará a la Oficina de Autorizaciones Sectoriale
  [1230/1272] LEY 21770 art 92: 6/6 válidas
        Superintendencia → Revisar la regulación aplicable a los proyectos o ac
        Superintendencia → Revisar que las autorizaciones que sean de su compet
  [1231/1272] LEY 21770 art 93: 3/3 válidas
        Comisión Chilena de Energía Nuclea → Revisar la regulación aplicable a los proyectos o ac
        Comisión Chilena de Energía Nuclea → Contratar a profesionales y entidades técnicamente i
  [1232/1272] LEY 21770 art 94: 20/20 válidas
        El solicitante → acompañarlos o complementarlos · plazo: quince días
        El solicitante → acompañarlos o complementarlos · plazo: quince días
  [1233/1272] LEY 21770 art 96: 4/4 válidas
        El diagnóstico y las propuestas re → serán presentadas
        Contratar a profesionales y entida → contratar
  [1234/1272] LEY 21770 art 98: 6/6 válidas
        El Ministerio → consultar
        El Ministerio → solicitar
  [1235/1272] LEY 21770 art 100: 9/9 válidas
        Ministerio de Transportes y Teleco → Establecer a través de un reglamento los supuestos d
        Ministerio → consultar a los órganos sectoriales dependientes o r
  [1236/1272] LEY 21770 art 101: 4/4 válidas
        Revisar → Revisar
        Revisar → Revisar
  [1237/1272] LEY 21770 art 102: 4/4 válidas
        El titular → presentar
        El titular → presentar
  [1238/1272] LEY 21770 art 104: 6/6 válidas
        Revisar → Revisar
        Revisar → Revisar
  [1239/1272] LEY 21770 art 105: 2/2 válidas
        El diagnóstico y las propuestas re → serán presentadas
        El registro que disponga para esto → deberá mantenerse actualizado y publicado
  [1240/1272] LEY 21770 art 107: 5/5 válidas
        Revisar la regulación aplicable a  → Revisar la regulación aplicable a los proyectos o ac
        En el ejercicio de esta función de → revisar que las autorizaciones que sean de su compet
  [1241/1272] LEY 21770 art 109: 3/3 válidas
        El diagnóstico y las propuestas re → serán presentadas
        Contratar → a profesionales y entidades técnicamente idóneas
  [1242/1272] LEY 21770 art 110: 6/6 válidas
        El Ministerio → consultará
        El Ministerio → solicitará
  [1243/1272] LEY 21770 art 112: 9/9 válidas
        El Ministerio → Establecer a través de un reglamento los supuestos d
        El Ministerio → consultará a los órganos sectoriales dependientes o 
  [1244/1272] LEY 21770 art 114: 1/1 válidas
        El titular → suscriba una declaración jurada
  [1245/1272] LEY 21770 art 115: 3/3 válidas
        La Comisión → resolver las solicitudes para autorizar el emplazami · plazo: doscientos cuarenta días h
        La Comisión → resolver las demás solicitudes a las que se refiere  · plazo: ciento veinte días hábiles
  [1246/1272] LEY 21770 art 118: 2/3 válidas
        Dirección General de Aeronáutica C → Revisará la regulación aplicable a los proyectos o a
        Dirección General de Aeronáutica C → propondrá, cuando corresponda, su eliminación o reem
  [1247/1272] LEY 21770 art 120: 2/2 válidas
        las propuestas de programas de mej → deberán considerar
        las propuestas de convenios de des → deberán considerar
  [1249/1272] LEY 21770 art segundo: 3/4 válidas
        el Ministerio de Economía, Fomento → remitirá · plazo: un mes contado desde la pu
        el Ministerio de Economía, Fomento → determinará · plazo: cuatro meses contado desde
  [1250/1272] LEY 21770 art tercero: 10/10 válidas
        Presidente o la Presidenta de la R → establezca · plazo: un año, contado desde la f
        Presidente o la Presidenta de la R → fijar · plazo: un año contado desde la pu
  [1251/1272] LEY 21770 art séptimo: 1/1 válidas
        Dicho reglamento → dictarse · plazo: un año contado desde la pu
  [1252/1272] LEY 21770 art noveno: 1/1 válidas
        El Presidente o la Presidenta de l → nombrar · plazo: por el plazo máximo de un 
  [1253/1272] LEY 21770 art décimo: 2/2 válidas
        El Título VI → entrará en vigencia · plazo: el primer día del mes subs
        El referido reglamento → deberá dictarse · plazo: en el plazo de nueve meses
  [1254/1272] LEY 21770 art undécimo: 3/3 válidas
        Los órganos sectoriales que cuente → disponer los medios electrónicos para la presentació
        Los órganos sectoriales que cuente → proporcionará a la persona solicitante un certificad
  [1255/1272] RESOLUCIÓN 149 art segundo: 1/1 válidas
        Coordinador Independiente del Sist → publicar · plazo: 2024
  [1256/1272] RESOLUCIÓN 237 art tercero: 1/1 válidas
        La presente resolución → deberá estar disponible · plazo: a más tardar el día hábil 
  [1257/1272] RESOLUCIÓN 583 art segundo: 1/1 válidas
        La presente resolución → deberá estar disponible · plazo: a más tardar el día hábil 
  [1259/1272] RESOLUCIÓN 711 art 4°: 1/1 válidas
        La Planificación de la Transmisión → deberá considerar
  [1260/1272] RESOLUCIÓN 711 art 5°: 6/6 válidas
        La Planificación de la Transmisión → deberá considerar
        La Planificación de la Transmisión → deberá realizarse considerando
  [1261/1272] RESOLUCIÓN 711 art 6°: 1/1 válidas
        El proceso de planificación → contemplar
  [1263/1272] RESOLUCIÓN 711 art 8°: 1/1 válidas
        La Comisión → considerar
  [1264/1272] RESOLUCIÓN 711 art 9°: 1/1 válidas
        el Ministerio → remitir · plazo: dentro del primer trimestr
  [1265/1272] RESOLUCIÓN 711 art 10°: 1/1 válidas
        la Comisión → individualizarla
  [1266/1272] RESOLUCIÓN 711 art 12°: 1/1 válidas
        La Planificación de la Transmisión → deberá considerar
  [1267/1272] RESOLUCIÓN 711 art 14°: 2/2 válidas
        la Comisión → aplicar la metodología
        la Comisión → utilizar la información y los antecedentes
  [1269/1272] RESOLUCIÓN 711 art 16°: 5/5 válidas
        El proceso de planificación → se iniciará con una etapa de Análisis Preliminar
        se procederá → a realizar un Análisis de Suficiencia
  [1270/1272] RESOLUCIÓN 711 art 24°: 5/5 válidas
        Las expansiones de instalaciones p → no podrán degradar el desempeño de las instalaciones
        Las expansiones de instalaciones p → deberán considerar los costos asociados y/o los even
  [1271/1272] RESOLUCIÓN 711 art 26°: 6/6 válidas
        La Comisión → considerará en la Planificación de la Transmisión lo
        La Comisión → incorporar en la planificación de la transmisión, co
  [1272/1272] RESOLUCIÓN 711 art tercero: 1/1 válidas
        La presente resolución → deberá estar disponible · plazo: a más tarde el día hábil s

=== propuestas 3658 · VÁLIDAS 3489 · descartadas 169 GUARDADAS ===
   descartadas por evidencia no es cita literal: 108
   descartadas por sujeto no aparece: 46
   descartadas por plazo inventado: 15
