artículos candidatos: 1437
  [1/1437] DECRETO 10 art 6: 1/1 válidas
        La Comisión → determinar cuatrienalmente el conjunto de instalacio · plazo: cuatrienalmente
  [2/1437] DECRETO 10 art 7: 2/2 válidas
        La Comisión → determinar
        Las líneas y subestaciones eléctri → sujetarse
  [3/1437] DECRETO 10 art 8: 4/4 válidas
        La Comisión → incorporar
        La Comisión → incorporar
  [4/1437] DECRETO 10 art 9: 2/2 válidas
        la Comisión → incorporará · plazo: dentro de los primeros cin
        la Comisión → incorporar · plazo: dentro del mismo plazo
  [5/1437] DECRETO 10 art 11: 1/1 válidas
        la Comisión → agrupar una o más áreas territoriales para conformar · plazo: por tres periodos tarifari
  [6/1437] DECRETO 10 art 12: 1/1 válidas
        la Comisión → definir
  [7/1437] DECRETO 10 art 13: 1/1 válidas
        el Coordinador → remitir · plazo: veintisiete meses antes de
  [8/1437] DECRETO 10 art 14: 1/1 válidas
        la Comisión → emitir y comunicar · plazo: noventa días corridos
  [9/1437] DECRETO 10 art 16: 2/3 válidas
        los Participantes y los Usuarios e → presentar sus discrepancias al Panel de Expertos · plazo: diez días
        la Comisión → aprobar el Informe de Calificación definitivo con la · plazo: quince días
  [11/1437] DECRETO 10 art 18: 6/6 válidas
        El Coordinador → entregar
        la Comisión → considerar
  [12/1437] DECRETO 10 art 21: 3/3 válidas
        La Comisión → realizará una revisión y estudio
        La Comisión → identificar
  [13/1437] DECRETO 10 art 22: 1/1 válidas
        La Comisión → calificar
  [17/1437] DECRETO 10 art 32: 3/5 válidas
        La Comisión → compararlo
        El caso base → definirse
  [19/1437] DECRETO 10 art 34: 4/4 válidas
        La Comisión → calificará los Tramos de Transporte
        La Comisión → detallar
  [20/1437] DECRETO 10 art 35: 1/1 válidas
        La Comisión → realizar el señalado ejercicio de prescindencia
  [21/1437] DECRETO 10 art 36: 4/4 válidas
        la Comisión → identificará
        la Comisión → determinará
  [22/1437] DECRETO 10 art 38: 1/1 válidas
        La Comisión → aplicar
  [23/1437] DECRETO 10 art 40: 1/1 válidas
        La Comisión → calificar como pertenecientes al Sistema de Transmis
  [24/1437] DECRETO 10 art 41: 1/1 válidas
        La Comisión → efectuar un análisis
  [25/1437] DECRETO 10 art 42: 1/1 válidas
        La Comisión → considerar e identificar
  [28/1437] DECRETO 10 art 47: 4/4 válidas
        la Comisión → utilizar
        la Comisión → determinar
  [29/1437] DECRETO 10 art 49: 5/5 válidas
        El C.O.M.A. → se determinará
        A partir del C.O.M.A. total de la  → se determinarán las asignaciones asociadas a cada Tr
  [30/1437] DECRETO 10 art 52: 9/9 válidas
        La Comisión → valorizar
        La Comisión → remunerar
  [31/1437] DECRETO 10 art 53: 5/5 válidas
        El V.A.T.T. → se aplicará · plazo: veinte años
        estas instalaciones → deberán ser valorizadas · plazo: transcurridos los cuales
  [32/1437] DECRETO 10 art 54: 1/1 válidas
        Los Estudios de Valorización → calcular el V.A.T.T. · plazo: dentro del siguiente perio
  [33/1437] DECRETO 10 art 58: 1/1 válidas
        La Comisión → comunicará · plazo: seis meses antes del envío
  [34/1437] DECRETO 10 art 59: 1/1 válidas
        los Participantes y los Usuarios e → realizar observaciones · plazo: veinte días
  [35/1437] DECRETO 10 art 60: 4/4 válidas
        los Participantes y los Usuarios e → presentar sus discrepancias · plazo: diez días contados desde l
        El Panel → resolver las discrepancias · plazo: veinte días contados desde
  [36/1437] DECRETO 10 art 61: 5/5 válidas
        La Comisión → establecerá las categorías de elementos de transmisi
        La Comisión → establecer un conjunto de vidas útiles estándares y 
  [37/1437] DECRETO 10 art 62: 1/1 válidas
        La Comisión → calcular · plazo: cada cuatro años
  [39/1437] DECRETO 10 art 66: 1/1 válidas
        La información nacional o internac → deberá permitir
  [40/1437] DECRETO 10 art 67: 1/1 válidas
        la Comisión → licitar un estudio · plazo: Antes de cinco meses del p
  [41/1437] DECRETO 10 art 68: 5/5 válidas
        La valorización de las instalacion → deberá incluir en su V.I. el valor correspondiente a
        Para las instalaciones de transmis → el valor referido en el inciso anterior corresponder
  [42/1437] DECRETO 10 art 69: 1/1 válidas
        los Coordinados → presentar · plazo: treinta días contado desde
  [43/1437] DECRETO 10 art 76: 1/1 válidas
        El Coordinador → calcular el V.A.T.T.
  [44/1437] DECRETO 10 art 77: 4/4 válidas
        El Coordinador → asignar
        La Comisión → deducir
  [45/1437] DECRETO 10 art 78: 1/1 válidas
        el Coordinador → utilizar · plazo: A contar del informe del C
  [46/1437] DECRETO 10 art 79: 1/1 válidas
        las diferencias encontradas en las → ajustarse
  [47/1437] DECRETO 10 art 81: 1/1 válidas
        La Comisión → dar inicio al o los Estudios de Valorización · plazo: veinticuatro meses antes d
  [48/1437] DECRETO 10 art 82: 3/3 válidas
        Las Bases técnicas preliminares → deberán contener
        Las Bases técnicas preliminares → deberán indicar
  [51/1437] DECRETO 10 art 85: 1/1 válidas
        Los proponentes → presentar garantías de seriedad de la Propuesta
  [52/1437] DECRETO 10 art 86: 1/1 válidas
        Las Bases → establecerán
  [53/1437] DECRETO 10 art 87: 1/1 válidas
        Las garantías entregadas por los p → deberán ser emitidas
  [54/1437] DECRETO 10 art 88: 3/3 válidas
        los Participantes y los Usuarios e → presentar sus observaciones · plazo: quince días
        la Comisión → comunicar las Bases definitivas · plazo: quince días
  [55/1437] DECRETO 10 art 89: 2/2 válidas
        El Panel → emitir su dictamen · plazo: treinta días contados desd
        La Comisión → formalizar las Bases definitivas · plazo: quince días
  [56/1437] DECRETO 10 art 91: 1/1 válidas
        El consultor → dar respuesta
  [57/1437] DECRETO 10 art 95: 8/10 válidas
        La designación del representante d → se realizará directamente por el Ministro de Energía
        La designación de los demás integr → se realizará de común acuerdo por los miembros de su
  [58/1437] DECRETO 10 art 96: 1/1 válidas
        Comisión → publicarse
  [59/1437] DECRETO 10 art 97: 1/1 válidas
        Los representantes que formen part → dejar de pertenecer, por cualquier circunstancia, a 
  [60/1437] DECRETO 10 art 98: 1/1 válidas
        se → proceder
  [61/1437] DECRETO 10 art 100: 1/1 válidas
        El Comité → designar un secretario de actas
  [62/1437] DECRETO 10 art 101: 5/6 válidas
        La primera sesión del Comité → deberá realizarse · plazo: dentro de los veinte días 
        El Comité → deberá establecer
  [63/1437] DECRETO 10 art 104: 15/15 válidas
        Comité → adjudicar
        Comité → supervisar
  [64/1437] DECRETO 10 art 105: 2/2 válidas
        El Comité → adjudicar el o los Estudios de Valorización · plazo: veinte días contados desde
        La Comisión → formalizar la adjudicación del o los Estudios de Val · plazo: tres días siguientes a la 
  [65/1437] DECRETO 10 art 106: 1/1 válidas
        El proponente que resulte adjudica → suscribirá
  [66/1437] DECRETO 10 art 107: 1/1 válidas
        El contrato → se deberá suscribir · plazo: veinte días
  [67/1437] DECRETO 10 art 109: 1/1 válidas
        El o los Estudios de Valorización → deberán realizarse · plazo: ocho meses
  [68/1437] DECRETO 10 art 110: 3/3 válidas
        Las empresas de los Sistemas de Tr → concurrir al pago del o los Estudios de Valorización
        El Coordinador → determinar e informar las proporciones · plazo: quince días
  [69/1437] DECRETO 10 art 111: 1/1 válidas
        la Comisión → fijar el monto definitivo a pagar por las empresas · plazo: Dentro de los diez días si
  [70/1437] DECRETO 10 art 112: 3/3 válidas
        Las empresas de los Sistemas de Tr → depositar · plazo: diez días contado desde la
        La Comisión → informar · plazo: con anterioridad a la fech
  [71/1437] DECRETO 10 art 114: 1/1 válidas
        Los resultados del o los Estudios  → especificar y distinguir
  [72/1437] DECRETO 10 art 115: 5/5 válidas
        La Comisión → convocará a los Participantes y a los Usuarios e Ins · plazo: cinco días
        La Comisión → señalará el lugar, hora y fecha en la que ésta se re
  [73/1437] DECRETO 10 art 118: 1/1 válidas
        la Comisión → publicará · plazo: Dentro de los tres días si
  [74/1437] DECRETO 10 art 119: 1/1 válidas
        la Comisión → elaborar un Informe Técnico de Valorización prelimin · plazo: tres meses
  [75/1437] DECRETO 10 art 123: 2/2 válidas
        la Comisión → remitir · plazo: dentro de los tres días si
        la Comisión → remitir · plazo: veinte días desde la comun
  [76/1437] DECRETO 10 art 126: 1/1 válidas
        las diferencias → deberán ser abonadas o cargadas · plazo: con ocasión del cálculo se
  [77/1437] DECRETO 10 art 128: 1/1 válidas
        Los abonos o cargos → deberán ser incorporados
  [78/1437] DECRETO 10 art 129: 1/1 válidas
        Coordinador → establecer los pagos
  [79/1437] DECRETO 10 art 130: 1/1 válidas
        La Comisión → resguardar que no se conformen dobles pagos
  [80/1437] DECRETO 10 art 132: 1/1 válidas
        La Comisión → enviar un informe técnico preliminar · plazo: treinta días
  [81/1437] DECRETO 10 art 135: 3/3 válidas
        Las Empresas Transmisoras de las i → percibir anualmente el V.A.T.T. correspondiente a ca · plazo: anualmente
        los propietarios de las instalacio → percibir de los clientes regulados la proporción cor
  [82/1437] DECRETO 10 art 136: 5/5 válidas
        El transporte por sistemas dedicad → se regirá por lo previsto en los respectivos contrat
        El pago por uso → se deberá calcular en base a un valor de transmisión
  [83/1437] DECRETO 10 art 142: 1/1 válidas
        deberá incluirse → incluirse
  [84/1437] DECRETO 10 art 143: 1/1 válidas
        La Comisión → calcular · plazo: a más tardar el 20 de juni
  [85/1437] DECRETO 10 art 144: 5/5 válidas
        la Comisión → emitir una versión preliminar del informe técnico de · plazo: a más tardar el 20 de mayo
        la Comisión → publicar el informe
  [86/1437] DECRETO 10 art 145: 2/2 válidas
        Los cargos únicos por uso → serán recaudados
        Las boletas o facturas a usuarios  → deberán agrupar los cobros por concepto de transmisi
  [87/1437] DECRETO 10 art 146: 2/2 válidas
        los suministradores → efectuar los cobros · plazo: Mensual o bimestralmente
        los suministradores → efectuar los cobros · plazo: mensualmente
  [88/1437] DECRETO 10 art 147: 2/2 válidas
        Los montos facturados por los resp → ser traspasados
        los suministradores → informar · plazo: el día 25 de cada mes
  [89/1437] DECRETO 10 art 148: 2/2 válidas
        el Coordinador → calculará los Ingresos Tarifarios Reales de cada Tra · plazo: Mensualmente
        el Coordinador → calcular un costo marginal en el límite fronterizo
  [90/1437] DECRETO 10 art 149: 1/1 válidas
        El Coordinador → enviar · plazo: a más tardar el día 25 de 
  [91/1437] DECRETO 10 art 150: 3/3 válidas
        El Coordinador → calcular las prorratas asignables a cada generador q
        El Coordinador → referir las capacidades instaladas de generación a l
  [93/1437] DECRETO 10 art 155: 3/4 válidas
        Los ajustes a los cargos únicos → deberán considerar
        Las diferencias señaladas preceden → serán determinadas · plazo: con ocasión del envío de i
  [94/1437] DECRETO 10 art 156: 1/1 válidas
        El Coordinador → efectuar una reasignación
  [95/1437] DECRETO 10 art 158: 3/3 válidas
        El Coordinador → Identificar
        El Coordinador → Cuantificar y diferenciar
  [96/1437] DECRETO 10 art 159: 5/5 válidas
        El Coordinador → establecerá mensualmente los periodos en que se haya
        El Coordinador → calcular los niveles normales referenciales de ingre
  [97/1437] DECRETO 10 art 162: 1/1 válidas
        El monto total → deberá ser asignado
  [99/1437] DECRETO 10 art 164: 2/2 válidas
        Comisión → abonar o descontar · plazo: en el semestre siguiente
        Coordinador → realizar todos los cálculos necesarios para la repar
  [100/1437] DECRETO 10 art 165: 6/6 válidas
        El Coordinador → efectuar una revisión de los ingresos asignados a ca · plazo: dentro de los primeros cin
        El Coordinador → informar los resultados de la revisión · plazo: dentro de los primeros cin
  [101/1437] DECRETO 10 art segundo: 1/1 válidas
        La Comisión → considerar
  [102/1437] DECRETO 113 art 2º: 7/7 válidas
        La Superintendencia de Electricida → llevará un registro electrónico
        Las personas interesadas en formar → inscribirse mediante un formulario electrónico
  [103/1437] DECRETO 113 art 3º: 2/2 válidas
        La Superintendencia → revisará el cumplimiento
        la Superintendencia → deberá indicársele · plazo: cinco días
  [104/1437] DECRETO 113 art 7º: 3/3 válidas
        cualquiera de ellos → solicitar al Superintendente la designación de una o
        La solicitud para que se designe u → presentarse a la Superintendencia
  [105/1437] DECRETO 113 art 8º: 7/7 válidas
        Superintendente → designar por sorteo público
        Superintendencia → velar por la publicidad del procedimiento
  [106/1437] DECRETO 113 art 9º: 5/5 válidas
        la comisión tasadora → constituirse · plazo: en el plazo que al efecto 
        la comisión tasadora → designar a su presidente · plazo: dentro de los cinco días s
  [107/1437] DECRETO 113 art 11: 3/3 válidas
        Los honorarios → serán de cargo del concesionario
        Los honorarios → deberán ser pagados · plazo: dentro de los 30 días sigu
  [108/1437] DECRETO 125 art primero: 1/1 válidas
        Coordinador → aplicar
  [109/1437] DECRETO 125 art 5: 1/1 válidas
        La operación de las instalaciones  → coordinarse
  [110/1437] DECRETO 125 art 6: 1/1 válidas
        La coordinación → deberá efectuarse
  [111/1437] DECRETO 125 art 8: 1/1 válidas
        Coordinador → coordinar la operación del Sistema Eléctrico Naciona
  [112/1437] DECRETO 125 art 9: 1/1 válidas
        El Coordinador → será responsable de la coordinación de la operación 
  [113/1437] DECRETO 125 art 11: 1/1 válidas
        éste y la empresa que opere o expl → comunicar este hecho
  [114/1437] DECRETO 125 art 12: 5/5 válidas
        Todos los Coordinados → sujetarse a la coordinación del Sistema Eléctrico Na
        El Coordinador → coordinar la operación de las instalaciones señalada
  [115/1437] DECRETO 125 art 13: 1/1 válidas
        Autoproductores y SGC → demostrar
  [116/1437] DECRETO 125 art 15: 3/3 válidas
        Los Coordinados → proporcionar oportunamente
        El Coordinador → disponer de plataformas informáticas
  [117/1437] DECRETO 125 art 16: 3/3 válidas
        Toda Empresa Generadora o SGC → deberá constituir sociedades de giro de generación e
        todo Coordinado de instalaciones p → deberá constituir una sociedad con domicilio en el p
  [118/1437] DECRETO 125 art 17: 1/1 válidas
        Toda nueva instalación de generaci → deberá previamente haber sido declarada en construcc
  [119/1437] DECRETO 125 art 21: 3/3 válidas
        Comisión → dictará una resolución · plazo: dentro de los últimos cinc
        Comisión → notificada
  [120/1437] DECRETO 125 art 22: 1/1 válidas
        La Comisión → deberá incluir en la resolución mensual de declaraci
  [121/1437] DECRETO 125 art 23: 6/6 válidas
        El titular de un proyecto declarad → informar a la Comisión el cumplimento del avance de 
        El titular → especificar detalladamente aquellas obras cuya ejecu
  [122/1437] DECRETO 125 art 24: 2/2 válidas
        el titular del proyecto → señalar la fecha estimada de interconexión al sistem
        El aviso de interconexión → ser efectuado · plazo: al menos, tres meses antes
  [123/1437] DECRETO 125 art 26: 4/4 válidas
        Los titulares de estas instalacion → cumplir cabalmente los plazos y fechas de interconex
        Los titulares de estas instalacion → informarse al Coordinador
  [124/1437] DECRETO 125 art 28: 4/4 válidas
        el interesado → acordar con el Coordinador un cronograma de puesta e
        el interesado → comunicar al Coordinador cualquier modificación de d
  [125/1437] DECRETO 125 art 29: 1/1 válidas
        Coordinado de la respectiva instal → presentar
  [127/1437] DECRETO 125 art 31: 2/2 válidas
        El retiro, modificación relevante, → comunicarse por escrito · plazo: 24 meses en el caso de uni
        Las modificaciones de instalacione → comunicarse por escrito · plazo: 30 días
  [128/1437] DECRETO 125 art 32: 1/1 válidas
        Comisión → emitir su pronunciamiento mediante una resolución · plazo: sesenta días contados desd
  [129/1437] DECRETO 125 art 33: 3/3 válidas
        El Coordinado respectivo → presentar a la Comisión una solicitud de exención de
        El Coordinado respectivo → enviar al Coordinador, con copia a la Comisión, una 
  [130/1437] DECRETO 125 art 34: 1/1 válidas
        Comisión → prorrogar · plazo: 12 meses
  [131/1437] DECRETO 125 art 35: 1/1 válidas
        El informe de seguridad elaborado  → evaluar y pronunciarse fundadamente respecto a la af
  [133/1437] DECRETO 125 art 36: 5/5 válidas
        El Coordinador → efectuar la programación de la operación de las inst
        La programación de la operación → garantizar la operación más económica para el conjun
  [134/1437] DECRETO 125 art 37: 1/1 válidas
        El Coordinador → calcular y utilizar el Costo de Oportunidad de la en
  [135/1437] DECRETO 125 art 38: 3/3 válidas
        El Coordinador → deberá considerar
        El Coordinador → deberá recalcular
  [136/1437] DECRETO 125 art 40: 1/1 válidas
        El Coordinador → actualizar la programación de la operación, incorpor
  [137/1437] DECRETO 125 art 42: 1/1 válidas
        El Coordinador → resguardar que el proceso de programación de la oper
  [138/1437] DECRETO 125 art 43: 1/1 válidas
        El Coordinador → definir la aplicación de las metodologías, los model
  [139/1437] DECRETO 125 art 45: 4/4 válidas
        el Coordinador → considerar
        el Coordinador → considerar
  [140/1437] DECRETO 125 art 45 bis: 4/4 válidas
        el Coordinador → realizar el ajuste limitando las inyecciones
        el Coordinador → determinar el ajuste
  [141/1437] DECRETO 125 art 47: 3/3 válidas
        El Coordinador → considerar para la programación de la operación todo
        Los Coordinados de centrales hidrá → disponer en el tiempo y forma que requiera el Coordi
  [142/1437] DECRETO 125 art 48: 2/3 válidas
        El Coordinador → determinar fundadamente y en conformidad a lo dispue
        El Coordinador → disponer en el sistema de información pública la det
  [143/1437] DECRETO 125 art 49: 1/1 válidas
        El Coordinador → deberá utilizar
  [144/1437] DECRETO 125 art 50: 5/5 válidas
        Los Coordinados de centrales termo → declarar su disponibilidad de combustibles para gene
        Cualquier cambio en la disponibili → deberá estar debidamente justificado e informado al 
  [145/1437] DECRETO 125 art 51: 3/3 válidas
        El Coordinador → elaborar estudios
        El Coordinador → realizar estudios de proyección de precios de combus
  [146/1437] DECRETO 125 art 52: 2/3 válidas
        el Coordinador → considerar un parque de instalaciones de generación, · plazo: al menos anualmente
        el Coordinador → considerar dicha información
  [147/1437] DECRETO 125 art 53: 3/3 válidas
        Los Pequeños Medios de Generación  → deberán ser incorporados por el Coordinador en la pr
        El Coordinado de un Pequeño Medio  → deberá enviar al Coordinador · plazo: en el tiempo y forma que e
  [148/1437] DECRETO 125 art 54: 2/2 válidas
        el Coordinador → proyectar caudales
        el Coordinador → realizar la previsión de caudales
  [149/1437] DECRETO 125 art 55: 4/4 válidas
        Los Coordinados de centrales hidro → entregar e informar
        Los Coordinados de centrales hidro → informar
  [150/1437] DECRETO 125 art 56: 2/2 válidas
        Los Coordinados → solicitar fundadamente al Coordinador el establecimi
        Los Coordinados → solicitar al Coordinador la cancelación de una condi
  [151/1437] DECRETO 125 art 57: 4/4 válidas
        El Coordinador → establecer
        El resultado de la programación de → contener
  [152/1437] DECRETO 125 art 59: 1/1 válidas
        El Coordinador → velar por la transparencia del proceso de programaci
  [153/1437] DECRETO 125 art 60: 1/1 válidas
        El Coordinador → publicar · plazo: al menos mensualmente
  [154/1437] DECRETO 125 art 62: 5/5 válidas
        Los Coordinados, que no operen con → declarar
        El Coordinador → resguardar
  [155/1437] DECRETO 125 art 63: 4/4 válidas
        Los Coordinados → declarar
        Los costos de partida y detención → no deberán ser considerados
  [156/1437] DECRETO 125 art 64: 1/1 válidas
        El Coordinador → elaborar un pronóstico centralizado de generación re
  [157/1437] DECRETO 125 art 66: 3/3 válidas
        El Coordinador → deberá considerar la proyección de los caudales aflu
        El Coordinador → deberá elaborar y utilizar una metodología para proy
  [158/1437] DECRETO 125 art 67: 11/11 válidas
        los Coordinados de unidades de gen → Disponer de equipamiento para realizar mediciones de
        los Coordinados de unidades de gen → Informar características de diseño de la instalación
  [159/1437] DECRETO 125 art 68: 1/1 válidas
        La norma técnica → establecerá los criterios y estándares
  [160/1437] DECRETO 125 art 70: 1/1 válidas
        el Coordinador → realizar o contratar la realización de estudios
  [161/1437] DECRETO 125 art 71: 1/1 válidas
        El Coordinador → analizar y evaluar
  [162/1437] DECRETO 125 art 75: 3/3 válidas
        El Coordinador → publicar el pronóstico centralizado de generación re
        El Coordinador → elaborar índices de error, tanto de los pronósticos 
  [163/1437] DECRETO 125 art 76: 1/1 válidas
        El Coordinador → incorporar
  [164/1437] DECRETO 125 art 77: 1/1 válidas
        El Coordinador → elaborar una proyección centralizada de demanda de C
  [166/1437] DECRETO 125 art 80: 1/1 válidas
        Las Empresas Distribuidoras, titul → enviar sus proyecciones de demanda
  [167/1437] DECRETO 125 art 83: 2/2 válidas
        El Coordinador → elaborar índices de desviaciones de las proyecciones
        El Coordinador → publicar reportes periódicos que den cuenta de estas
  [168/1437] DECRETO 125 art 84: 3/3 válidas
        El Coordinador → formulará los programas de mantenimientos de las ins
        El Coordinador → programar y coordinar las solicitudes de trabajos en
  [169/1437] DECRETO 125 art 85: 3/3 válidas
        El Coordinador → planificar y coordinar
        los Coordinados → presentar · plazo: en la oportunidad y forma 
  [170/1437] DECRETO 125 art 87: 3/3 válidas
        El Coordinador → comunicar
        El Coordinador → informar
  [171/1437] DECRETO 125 art 88: 3/3 válidas
        Los Coordinados → presentar
        El Coordinador → analizar, evaluar y coordinar
  [175/1437] DECRETO 125 art 100: 1/1 válidas
        Los saldos → serán de cargo
  [176/1437] DECRETO 125 art 103: 7/7 válidas
        El Coordinador → incorporar en la programación de la operación
        El Coordinador → determinar la colocación de la energía almacenada
  [178/1437] DECRETO 125 art 108: 1/1 válidas
        El Coordinado de un Sistema de Alm → informar
  [179/1437] DECRETO 125 art 109: 2/2 válidas
        Los Coordinados titulares de dicho → no participarán en los balances de transferencias po
        Las Empresas Generadoras o titular → traspasar los montos a los titulares de los Sistemas
  [182/1437] DECRETO 125 art 112: 2/2 válidas
        El Coordinador → incorporar en la programación de la operación a las 
        El titular → informar al Coordinador · plazo: antes del inicio de la pue
  [183/1437] DECRETO 125 art 115: 1/1 válidas
        El Coordinado de una Central Renov → informar
  [185/1437] DECRETO 125 art 116 bis: 1/1 válidas
        Las instalaciones → presentar
  [186/1437] DECRETO 125 art 116 ter: 3/3 válidas
        Coordinador → incorporar en la programación de la operación a los 
        Coordinador → autorizar
  [187/1437] DECRETO 125 art 117: 17/17 válidas
        El Coordinador → supervisar y coordinar en tiempo real la operación d
        El Coordinador → impartir a los Coordinados las instrucciones necesar
  [188/1437] DECRETO 125 art 117 bis: 8/8 válidas
        El Coordinador → hacer uso de herramientas automáticas de despacho ec
        Las herramientas automáticas → determinar los niveles de generación, carga e inyecc
  [189/1437] DECRETO 125 art 118: 4/4 válidas
        El Coordinador → adoptar las decisiones que se requieran para la apli
        El Coordinador → disponer de sistemas de información y comunicación q
  [190/1437] DECRETO 125 art 119: 5/5 válidas
        El Coordinador → realizar la supervisión y coordinación de la operaci
        El Coordinador → contar con, al menos, un CDC de respaldo ubicado en 
  [191/1437] DECRETO 125 art 120: 2/2 válidas
        Los Coordinados → asegurar que sus instalaciones sujetas a coordinació
        Los Centros de Control → cumplir los requerimientos técnicos
  [192/1437] DECRETO 125 art 121: 1/1 válidas
        los Coordinados correspondientes → presentar
  [193/1437] DECRETO 125 art 122: 1/1 válidas
        Los Coordinados → proporcionar
  [194/1437] DECRETO 125 art 123: 2/2 válidas
        los Coordinados → mantener debidamente informado
        Cualquier limitación no incluida e → ser comunicada
  [195/1437] DECRETO 125 art 124: 1/1 válidas
        El Coordinador → llevar el registro de eventos e informaciones releva
  [196/1437] DECRETO 125 art 125: 2/2 válidas
        Los Centros de Control → mantener permanentemente informado
        Los Centros de Control → informar
  [197/1437] DECRETO 125 art 126: 9/9 válidas
        El Coordinador → registrar las desviaciones que se produzcan entre la
        El Coordinador → adoptar las medidas correctivas que correspondan en 
  [198/1437] DECRETO 125 art 127: 2/2 válidas
        Cualquier Solicitud de Curso Forzo → deberá ser justificada y comunicada
        El Coordinador → podrá requerir
  [199/1437] DECRETO 125 art 128: 1/1 válidas
        Centro de Control de la instalació → solicitar
  [200/1437] DECRETO 125 art 129: 4/4 válidas
        El Coordinador → planificar y efectuar las acciones necesarias para e
        El Coordinador → coordinar y dar las instrucciones necesarias a los C
  [201/1437] DECRETO 125 art 129 bis: 6/6 válidas
        el Coordinador → planificar y ejecutar · plazo: cada dos años
        el Coordinador → contar con la participación de
  [202/1437] DECRETO 125 art 130: 1/1 válidas
        El Coordinador → efectuar la programación de la operación de las inst
  [203/1437] DECRETO 125 art 131: 1/1 válidas
        Las empresas que operen instalacio → proporcionar oportunamente al Coordinador y actualiz
  [204/1437] DECRETO 125 art 132: 1/1 válidas
        El Coordinador → definir
  [205/1437] DECRETO 125 art 133: 1/1 válidas
        Las Empresas Distribuidoras → informar
  [206/1437] DECRETO 125 art 134: 1/1 válidas
        Las Empresas Generadoras → informar
  [208/1437] DECRETO 125 art 136: 1/1 válidas
        La programación de la operación de → deberá ser actualizada
  [209/1437] DECRETO 125 art 137: 1/1 válidas
        El Coordinador → velar por la transparencia del proceso
  [210/1437] DECRETO 125 art 138: 1/1 válidas
        los respectivos propietarios, arre → operación en tiempo real de las instalaciones en est
  [211/1437] DECRETO 125 art 139: 7/7 válidas
        El Coordinador → determinar y coordinar las transferencias económicas
        El Coordinador → determinación y coordinación de los siguientes pagos
  [212/1437] DECRETO 125 art 140: 11/12 válidas
        El Coordinador → adoptar las medidas pertinentes que tiendan a garant
        El Coordinador → implementar las medidas establecidas en el presente 
  [213/1437] DECRETO 125 art 141: 1/1 válidas
        El Coordinador → coordinar el funcionamiento del Mercado de Corto Pla
  [214/1437] DECRETO 125 art 142: 4/4 válidas
        los Coordinados → Ser titulares de una instalación de generación, SGC,
        los Coordinados → Contar con el equipamiento de medida que permita reg
  [215/1437] DECRETO 125 art 143: 3/3 válidas
        El Coordinador → informar
        la Empresas Generadoras, titulares → solicitar
  [216/1437] DECRETO 125 art 143 bis: 4/7 válidas
        El Coordinador → notificar · plazo: dentro de los 5 días sigui
        El Coordinador → notificar · plazo: dentro de los 5 días sigui
  [217/1437] DECRETO 125 art 144: 3/3 válidas
        Empresa Generadora, titular de SGC → informar · plazo: 30 días
        Empresa Generadora, titular de SGC → informar · plazo: 30 días
  [218/1437] DECRETO 125 art 145: 2/2 válidas
        El Coordinador → valorizar las inyecciones y retiros de energía eléct
        El Coordinador → considerar únicamente la valorización de inyecciones
  [220/1437] DECRETO 125 art 147: 3/3 válidas
        El Coordinador → realizar un balance
        El Coordinador → determinar las transferencias económicas de energía
  [221/1437] DECRETO 125 art 148: 1/1 válidas
        El Coordinador → deberán incluir
  [222/1437] DECRETO 125 art 151: 7/7 válidas
        Empresas Generadoras, titulares de → contar con el equipamiento de medida necesario que p
        Clientes Libres conectados a un si → contar con el sistema de medida y enlace de comunica
  [223/1437] DECRETO 125 art 152: 2/2 válidas
        Las empresas eléctricas → deberán sujetarse a la coordinación
        Las empresas eléctricas → deberán efectuar los retiros necesarios
  [224/1437] DECRETO 125 art 153: 1/1 válidas
        Los balances del Mercado de Corto  → deberán efectuarse
  [225/1437] DECRETO 125 art 154: 3/3 válidas
        el Coordinador → deberá considerar la remuneración
        las empresas eléctricas → deberán remunerar
  [226/1437] DECRETO 125 art 155: 1/1 válidas
        El Coordinador → deberá mantener permanentemente actualizado
  [227/1437] DECRETO 125 art 156: 2/2 válidas
        El Coordinador → garantizar la continuidad de la cadena de pagos entr
        Las empresas → caucionar, al menos, tres meses de facturación de lo
  [228/1437] DECRETO 125 art 157: 3/3 válidas
        El Coordinador → determinar anualmente los montos correspondientes
        El Coordinador → efectuar una proyección de la operación del sistema 
  [229/1437] DECRETO 125 art 158: 1/1 válidas
        El Coordinador → velar que las garantías señaladas en el artículo 156
  [230/1437] DECRETO 125 art 159: 3/3 válidas
        El Coordinador → actualizará el monto de las garantías
        El Coordinador → actualizará el monto de las garantías
  [231/1437] DECRETO 125 art 160: 8/9 válidas
        Las Empresas Generadoras, titulare → dar aviso individualmente
        el Coordinador → requerir los antecedentes
  [232/1437] DECRETO 125 art 162: 2/2 válidas
        El Coordinador → dar aviso al respectivo cliente y proceder a su desc
        El Coordinador → proceder conforme a lo señalado en el artículo 135° 
  [233/1437] DECRETO 125 art 165: 1/1 válidas
        El Coordinador → calcular el costo marginal del sistema
  [234/1437] DECRETO 125 art 166: 1/1 válidas
        el Coordinador → deberá elaborar un informe
  [235/1437] DECRETO 125 art 166 bis: 1/1 válidas
        Empresas Generadoras, titulares de → retribuidas económicamente
  [236/1437] DECRETO 125 art 167: 1/1 válidas
        Empresas Generadoras, titulares de → retribuidas económicamente en sus Costos de Producci
  [237/1437] DECRETO 125 art 168: 1/1 válidas
        Empresas Generadoras, titulares de → retribuidas económicamente
  [238/1437] DECRETO 125 art 169: 1/1 válidas
        Empresa Generadora, titular del SG → retribuidas económicamente
  [239/1437] DECRETO 125 art 170: 1/1 válidas
        La determinación de los costos mar → deberán ser compatibles
  [240/1437] DECRETO 125 art 173: 1/1 válidas
        Las disposiciones técnicas, plazos → deberán ser establecidas
  [241/1437] DECRETO 125 art 174: 2/2 válidas
        El Coordinador → instruir la realización de auditorías
        El Coordinador → evaluar y responder la solicitud · plazo: 15 días
  [242/1437] DECRETO 125 art 175: 1/1 válidas
        El Coordinador → notificar
  [243/1437] DECRETO 125 art 176: 1/1 válidas
        El auditor técnico independiente → deberá ser una persona natural o jurídica, nacional 
  [244/1437] DECRETO 125 art 177: 2/2 válidas
        Toda auditoría → deberá considerar
        El informe final → deberá contener
  [245/1437] DECRETO 125 art 178: 2/2 válidas
        El costo de las auditorías → será de cargo del Coordinador
        los costos asociados a la operació → serán de cargo del Coordinado auditado
  [246/1437] DECRETO 125 art 179: 1/1 válidas
        Los antecedentes, notificaciones,  → deberán estar disponibles · plazo: dentro de los 15 días sigu
  [247/1437] DECRETO 125 art 180: 1/1 válidas
        el Coordinador → comunicar
  [248/1437] DECRETO 125 art 181: 2/2 válidas
        El Coordinador → elaborar reportes periódicos con indicadores de cort
        El Coordinador → generar reportes periódicos que den cuenta del grado
  [249/1437] DECRETO 125 art 182: 3/3 válidas
        La elaboración de los reportes → deberá ser al menos anual, iniciando en el mes de ma
        Los reportes → deberán ser publicados en el sistema de información 
  [250/1437] DECRETO 125 art 184: 5/5 válidas
        El Coordinador → verificar la completitud, calidad, exactitud y oport
        El Coordinador → publicar en su sitio web, los formatos de entrega de
  [251/1437] DECRETO 125 art 185: 14/14 válidas
        El Coordinador → monitoreará permanentemente
        El Coordinador → deberá considerar
  [252/1437] DECRETO 125 art 186: 1/1 válidas
        El Coordinador → elaborar, publicar en su sitio web y enviar · plazo: al menos anualmente e inic
  [253/1437] DECRETO 125 art 188: 1/1 válidas
        El Coordinador → tomar las medidas necesarias para resguardar, la con
  [254/1437] DECRETO 125 art 189: 3/3 válidas
        El Coordinador → poner en conocimiento
        El Coordinador → deberá poner a disposición
  [255/1437] DECRETO 125 art segundo: 1/1 válidas
        los Coordinados → informar · plazo: tres meses contados desde 
  [256/1437] DECRETO 125 art tercero: 1/1 válidas
        El Coordinador → disponer en el sistema de información pública · plazo: 60 días contados desde la 
  [257/1437] DECRETO 125 art cuarto: 2/2 válidas
        Las disposiciones establecidas en  → se deberán implementar
        Los índices y reportes a que se re → deberán ser consistentes
  [258/1437] DECRETO 125 art 46 bis: 1/1 válidas
        propietarios u operadores de PMGD → presentar
  [259/1437] DECRETO 125 art 46 ter: 3/3 válidas
        El Coordinador → informar anualmente a la Comisión
        La Comisión → dentro de los cinco días siguientes · plazo: dentro de los cinco días s
  [260/1437] DECRETO 125 art 15º bis: 1/1 válidas
        El Coordinador → definir los criterios y políticas para la programaci
  [261/1437] DECRETO 125 art 15º: 1/1 válidas
        El Comité Coordinador → deberá enviar · plazo: semanalmente
  [262/1437] DECRETO 125 art sexto: 1/1 válidas
        El Coordinador → calcular las garantías · plazo: el mes siguiente al que se
  [263/1437] DECRETO 125 art séptimo: 1/1 válidas
        La información → incorporarse · plazo: 6 meses
  [264/1437] DECRETO 125 art octavo: 1/1 válidas
        el Coordinador → realizar un estudio específico · plazo: 12 meses contado desde su 
  [268/1437] DECRETO 130 art 2º: 1/1 válidas
        Los propietarios, arrendatarios, u → prestar en el respectivo sistema eléctrico los servi
  [269/1437] DECRETO 130 art 5º: 1/1 válidas
        CDEC → identificar los recursos existentes y disponibles en
  [270/1437] DECRETO 130 art 6º: 4/4 válidas
        CDEC a través de la DO → elaborará un Informe de Definición y Programación de · plazo: dentro de los primeros tre
        CDEC a través de la DO → efectuar o actualizar, si correspondiere, la definic · plazo: dentro de los primeros tre
  [271/1437] DECRETO 130 art 8º: 1/1 válidas
        todo propietario, arrendatario, us → cumplir las instrucciones de operación de los servic
  [273/1437] DECRETO 130 art 13: 3/3 válidas
        CDEC → instruir la habilitación y/o instalación obligatoria
        CDEC → incluir en el Informe anual
  [274/1437] DECRETO 130 art 15: 6/6 válidas
        Las empresas coordinadas del respe → declarar los costos en que incurren por la prestació
        El CDEC a través de la DO → verificar que los costos declarados se enmarquen den
  [275/1437] DECRETO 130 art 17: 5/5 válidas
        CDEC → desarrollar un estudio de costos
        CDEC → desarrollar estudios complementarios
  [276/1437] DECRETO 130 art 18: 1/1 válidas
        Las empresas del sistema → declarar
  [277/1437] DECRETO 130 art 19: 2/2 válidas
        CDEC → determinará
        CDEC → determinará
  [278/1437] DECRETO 130 art 21: 2/2 válidas
        CDEC → determinar
        CDEC → determinar
  [279/1437] DECRETO 130 art 22: 1/1 válidas
        Las empresas del sistema → declarar
  [280/1437] DECRETO 130 art 23: 1/1 válidas
        CDEC → determinará
  [281/1437] DECRETO 130 art 25: 1/1 válidas
        Las empresas del sistema → declarar
  [282/1437] DECRETO 130 art 27: 1/1 válidas
        Las empresas del sistema → declarar
  [283/1437] DECRETO 130 art 28: 2/2 válidas
        CDEC → determinará
        CDEC → determinará
  [284/1437] DECRETO 130 art 31: 1/1 válidas
        distribuidoras → traspasar íntegramente el valor de la remuneración
  [285/1437] DECRETO 130 art 32: 2/2 válidas
        las empresas de generación eléctri → aportar
        todas las empresas que inyectaron  → aportar
  [286/1437] DECRETO 130 art 34: 2/3 válidas
        la empresa distribuidora → considerar criterios de no discriminación arbitraria
        las empresas de distribución → identificar y declarar a la DO aquellos clientes que
  [287/1437] DECRETO 130 art 38: 6/6 válidas
        El Procedimiento → contendrá los procedimientos necesarios para recabar
        El Procedimiento señalado → regular al menos
  [289/1437] DECRETO 130 art 40: 6/6 válidas
        El Procedimiento DO → contendrá los procedimientos mediante los cuales la 
        El Procedimiento señalado → regular al menos
  [290/1437] DECRETO 130 art 41: 4/4 válidas
        La DP del CDEC respectivo → ejecutar
        El Procedimiento señalado → regular
  [292/1437] DECRETO 130 art 43: 11/11 válidas
        la DO de los CDEC → elaborar anualmente un Informe de Definición y Progr
        la DO de los CDEC → contener la definición de los servicios
  [293/1437] DECRETO 130 art segundo: 5/5 válidas
        la DO → llevar un control estadístico
        la Potencia Inicial → se determinará
  [294/1437] DECRETO 130 art tercero: 1/1 válidas
        las centrales que se encuentren op → deberán ser retribuidas económicamente en sus costos
  [295/1437] DECRETO 130 art primero transitorio: 2/2 válidas
        los CDEC → remitir para su informe favorable a la Comisión · plazo: 90 días siguientes, contad
        los CDEC → emitir el correspondiente Informe de Definición y Pr · plazo: 30 días siguientes contado
  [296/1437] DECRETO 130 art segundo transitorio: 1/1 válidas
        Los procedimientos DO y DP existen → deberán ser reformulados
  [297/1437] DECRETO 14 art primero: 1/1 válidas
        Las centrales generadoras y las em → deberán pagar
  [298/1437] DECRETO 14 art quinto: 1/1 válidas
        Los peajes → deberán ser incorporados
  [300/1437] DECRETO 262 art 4: 15/15 válidas
        El Sitio Electrónico Unificado de  → Asegurar su compatibilidad y correcto funcionamiento
        El Sitio Electrónico Unificado de  → ser responsivo, es decir, que se adapte eficientemen
  [301/1437] DECRETO 262 art 5: 5/5 válidas
        El Sitio Electrónico Unificado de  → considerar mecanismos de soporte técnico integral y 
        El Sitio Electrónico Unificado de  → habilitar canales de comunicación ininterrumpida
  [302/1437] DECRETO 262 art 6: 1/1 válidas
        Sociedades Concesionarias → actualizada · plazo: cada tres días hábiles
  [303/1437] DECRETO 262 art 9: 3/3 válidas
        Cada Sociedad Concesionaria → otorgar acceso
        Cada Sociedad Concesionaria → otorgar acceso
  [304/1437] DECRETO 262 art 10: 1/1 válidas
        El Sitio Electrónico Unificado de  → deberá contar con
  [305/1437] DECRETO 262 art 11: 4/4 válidas
        El Sitio Electrónico Unificado de  → incorporará funcionalidades restringidas y accesible
        En las Bases de Licitación Sitio E → establecerá un procedimiento para la creación de cre
  [306/1437] DECRETO 262 art 12: 1/1 válidas
        el Sitio Electrónico Unificado de  → implementar
  [307/1437] DECRETO 262 art 13: 3/3 válidas
        El Director de la Unidad de Admini → informar
        El Administrador del Sitio → remitir
  [308/1437] DECRETO 262 art 14: 1/1 válidas
        Usuario Administrador Municipal → creación de un nombre de usuario y una contraseña
  [309/1437] DECRETO 262 art 15: 3/3 válidas
        cada Sociedad Concesionaria → informar
        El Administrador del Sitio → remitir
  [310/1437] DECRETO 262 art 17: 1/1 válidas
        El Sitio Electrónico Unificado de  → ofrecer
  [311/1437] DECRETO 262 art 18: 1/1 válidas
        El Sitio Electrónico Unificado de  → contar con la funcionalidad que permita actualizar l
  [312/1437] DECRETO 262 art 19: 21/21 válidas
        Usuario de Sitio Electrónico Unifi → tener acceso
        Usuario de Sistema Interoperable → solicitar copia
  [313/1437] DECRETO 262 art 20: 4/4 válidas
        Usuario Administrador Municipal → Crear credenciales para un Usuario Funcionario Munic
        Usuario Administrador Municipal → Administrar los perfiles del o de los Usuarios Funci
  [314/1437] DECRETO 262 art 21: 4/4 válidas
        Usuario Administrador Sociedad Con → Crear credenciales para un Usuario Sociedad Concesio
        Usuario Administrador Sociedad Con → Administrar los perfiles del o de los Usuarios Socie
  [315/1437] DECRETO 262 art 22: 4/4 válidas
        Usuario Funcionario Municipal → Realizar Consultas de Estado de Deuda de una persona
        Usuario Funcionario Municipal → Consultar si una persona natural o jurídica, a cuyo 
  [316/1437] DECRETO 262 art 23: 2/2 válidas
        Usuario Sociedad Concesionaria → permitir el almacenamiento de Convenios de Pago de D
        Usuario Sociedad Concesionaria → permitir el almacenamiento de la información sobre i
  [317/1437] DECRETO 262 art 24: 1/1 válidas
        Las municipalidades → informar · plazo: tres días hábiles
  [318/1437] DECRETO 262 art 25: 1/1 válidas
        Las Sociedades Concesionarias → informar · plazo: tres días hábiles
  [319/1437] DECRETO 262 art 26: 1/1 válidas
        Las municipalidades → informar · plazo: en el mes de enero de cada
  [320/1437] DECRETO 262 art 28: 2/2 válidas
        El Sitio Electrónico Unificado de  → permitir al Usuario de Sistema Interoperable, sin re
        El Sitio Electrónico Unificado de  → ofrecer al menos dos canales electrónicos de recauda
  [321/1437] DECRETO 262 art 29: 5/5 válidas
        El Sitio Electrónico Unificado de  → ofrecer al Usuario de Sistema Interoperable la posib
        El Sitio Electrónico Unificado de  → permitir omitir el pago por Sociedad Concesionaria o
  [323/1437] DECRETO 262 art 31: 1/1 válidas
        Las Sociedades Concesionarias → informar · plazo: tres días hábiles
  [324/1437] DECRETO 262 art 34: 5/5 válidas
        el titular del vehículo → cumplir con los siguientes requisitos
        el titular del vehículo → No estar en Mora con alguna de las Sociedades Conces
  [325/1437] DECRETO 262 art 35: 1/1 válidas
        La primera cuota → deberá pagarse
  [326/1437] DECRETO 262 art 36: 4/4 válidas
        El Usuario Funcionario Municipal → informar · plazo: tres días hábiles
        El Usuario Funcionario Municipal → almacenar
  [327/1437] DECRETO 262 art 37: 5/5 válidas
        El Administrador del Sitio → crear una base de datos
        El Administrador del Sitio → velar por la implementación y cumplimiento de todas 
  [328/1437] DECRETO 262 art 38: 2/2 válidas
        El Administrador del Sitio → velar por el cumplimiento de la obligación de notifi
        el Sitio Electrónico Unificado de  → enviar un correo electrónico informando de ello
  [329/1437] DECRETO 262 art 39: 1/1 válidas
        El Administrador del Sitio → informará
  [330/1437] DECRETO 262 art 40: 1/1 válidas
        La Política de Privacidad del Siti → informar
  [331/1437] DECRETO 262 art 41: 3/4 válidas
        las Sociedades Concesionarias → abstenerse de llevar a cabo instancias de reunión o 
        las Sociedades Concesionarias → abstenerse de llevar a cabo cualquier conducta, de m
  [332/1437] DECRETO 262 art 42: 1/1 válidas
        Las Sociedades Concesionarias → encargar a un tercero la creación, implementación, m
  [334/1437] DECRETO 262 art 45: 8/8 válidas
        Las Sociedades Concesionarias → suscribir un convenio
        El convenio → contemplar un mandato para la recepción de la boleta
  [335/1437] DECRETO 262 art 46: 10/11 válidas
        La Coordinadora para el Proceso de → realizar un proceso de licitación
        La Coordinadora para el Proceso de → ajustarse a las normas y estándares técnicos vigente
  [336/1437] DECRETO 262 art 47: 12/12 válidas
        La Coordinadora para el Proceso de → evaluación de las ofertas recibidas
        En las Bases de Licitación Sitio E → establecer factores de evaluación técnicos que sean 
  [337/1437] DECRETO 262 art 48: 2/2 válidas
        La Coordinadora para el Proceso de → declarar desierta
        La Coordinadora para el Proceso de → iniciar
  [338/1437] DECRETO 262 art 49: 1/1 válidas
        La Coordinadora para el Proceso de → informar · plazo: cinco días hábiles contado
  [339/1437] DECRETO 262 art 50: 1/1 válidas
        El Adjudicatario → suscribir el contrato · plazo: diez días hábiles
  [340/1437] DECRETO 262 art 51: 1/1 válidas
        La Coordinadora para el Proceso de → informar · plazo: cinco días hábiles contado
  [341/1437] DECRETO 262 art 52: 1/1 válidas
        La Coordinadora para el Proceso de → hacer entrega · plazo: ciento ochenta días hábile
  [342/1437] DECRETO 262 art primero: 3/3 válidas
        El plazo para el inicio de la oper → es de seis meses, contados desde la publicación del 
        Para el inicio de la operación del → se deberán encontrar habilitadas todas las funcional
  [343/1437] DECRETO 262 art segundo: 1/1 válidas
        La Dirección General de Concesione → comunicará
  [344/1437] DECRETO 262 art tercero: 1/1 válidas
        Las Bases de Licitación Sitio Elec → entregarse · plazo: 30 días hábiles contados d
  [347/1437] DECRETO 327 art 10: 1/1 válidas
        El decreto de concesión respectivo → otorgar
  [348/1437] DECRETO 327 art 17 bis: 1/1 válidas
        La Superintendencia → establecerá un sistema para la tramitación electróni
  [350/1437] DECRETO 327 art 21: 7/7 válidas
        Superintendencia → revisará los antecedentes presentados por el solicit · plazo: 15 días
        Superintendencia → declarará admisible la solicitud
  [351/1437] DECRETO 327 art 22: 4/6 válidas
        el solicitante → comunicar un extracto de la solicitud por medio de t · plazo: 15 días
        el representante legal del medio d → entregar al solicitante una constancia de la emisión
  [352/1437] DECRETO 327 art 23: 1/2 válidas
        la Superintendencia → poner al solicitante en conocimiento de dichas obser · plazo: 30 días
  [353/1437] DECRETO 327 art 25: 2/3 válidas
        La solicitud de prórroga → deberá presentarse · plazo: a lo menos seis meses ante
        La solicitud → deberá acompañarse
  [354/1437] DECRETO 327 art 30: 2/3 válidas
        Las solicitudes de concesión defin → se presentarán
        Al presentarse la solicitud de con → deberá acreditarse
  [355/1437] DECRETO 327 art 32: 3/3 válidas
        El solicitante → deberá acreditar
        El solicitante → deberá acreditar
  [356/1437] DECRETO 327 art 32 bis: 1/1 válidas
        el solicitante → acompañar un listado de los predios afectados
  [357/1437] DECRETO 327 art 32 ter: 1/1 válidas
        el solicitante → incorporar planos técnicos
  [358/1437] DECRETO 327 art 33: 4/4 válidas
        Los planos generales de obras → deberán indicar
        Las solicitudes de concesión de se → deberán indicar
  [359/1437] DECRETO 327 art 34: 2/2 válidas
        El solicitante → considerar las disposiciones contenidas en la normat
        El solicitante → adjuntar un presupuesto estimativo de inversión · plazo: dentro de los seis meses p
  [360/1437] DECRETO 327 art 35: 1/1 válidas
        Conjuntamente con la solicitud → presentar
  [361/1437] DECRETO 327 art 36: 7/8 válidas
        Superintendencia → declarar admisible la solicitud mediante resolución
        Superintendencia → comunicar al solicitante el incumplimiento de alguna
  [362/1437] DECRETO 327 art 37: 4/4 válidas
        El solicitante → publicar · plazo: Dentro de los 15 días sigu
        El solicitante → comunicar · plazo: dentro del plazo que se es
  [363/1437] DECRETO 327 art 40: 4/4 válidas
        El solicitante → demostrar la circunstancia de haberse efectuado la n · plazo: 15 días, contado desde la 
        El solicitante → remitiendo a la Superintendencia copia del certifica · plazo: 15 días, contado desde la 
  [364/1437] DECRETO 327 art 41: 6/6 válidas
        Los dueños de las propiedades afec → notificados en conformidad al inciso primero del art · plazo: 30 días, contado desde la 
        Los dueños de las propiedades afec → solicitar a la Superintendencia una copia de los pla · plazo: 15 días, contado desde la 
  [365/1437] DECRETO 327 art 44: 1/1 válidas
        Superintendencia → informar
  [366/1437] DECRETO 327 art 45: 1/1 válidas
        La Superintendencia → dispondrá de 60 días para evacuar su informe · plazo: 60 días
  [367/1437] DECRETO 327 art 49: 2/2 válidas
        El decreto → notificado
        El decreto → publicado · plazo: quince días
  [368/1437] DECRETO 327 art 51: 4/4 válidas
        el concesionario → consignar · plazo: tres días a contar de la f
        el concesionario → consignar · plazo: 15 días hábiles siguientes
  [369/1437] DECRETO 327 art 53: 1/1 válidas
        Las concesiones definitivas de ser → caducarán
  [370/1437] DECRETO 327 art 56: 3/3 válidas
        el ex concesionario → informar
        la Superintendencia → disponer · plazo: 15 días
  [371/1437] DECRETO 327 art 58: 1/1 válidas
        el Presidente de la República → ordenará a la Superintendencia intervenir la concesi
  [372/1437] DECRETO 327 art 59: 3/3 válidas
        el decreto respectivo → dispondrá la licitación de los bienes afectos a ella · plazo: un año
        la Superintendencia → propuestas
  [373/1437] DECRETO 327 art 62: 1/1 válidas
        el adquirente → cumplir · plazo: seis meses
  [374/1437] DECRETO 327 art 64: 1/1 válidas
        Los permisos → ser solicitados
  [375/1437] DECRETO 327 art 68: 5/5 válidas
        Los permisos → ser solicitados
        La solicitud de permiso para exten → cumplir con los requisitos señalados en el artículo 
  [376/1437] DECRETO 327 art 70: 2/2 válidas
        el peticionario → solicitar la concesión definitiva · plazo: dentro del plazo de vigenc
        el concesionario → efectuar el retiro de las instalaciones amparadas po · plazo: en el plazo que al efecto 
  [377/1437] DECRETO 327 art 72: 2/3 válidas
        el peticionario → confeccionar y adjuntar los planos especiales de las
        Para los efectos de este inciso → considerar actuales las condiciones existentes dentr · plazo: 6 meses
  [379/1437] DECRETO 327 art 74: 2/2 válidas
        En la notificación judicial o nota → deberá quedar constancia
        En el acto de notificación o certi → se entregará
  [381/1437] DECRETO 327 art 77: 4/4 válidas
        Los propietarios de líneas eléctri → permitir el uso de sus postes o torres, líneas, sube
        El interesado → detallar en su solicitud todos los antecedentes que 
  [382/1437] DECRETO 327 art 78: 1/1 válidas
        el propietario → emitir un informe sobre capacidad
  [383/1437] DECRETO 327 art 80: 2/2 válidas
        El interesado → concurrir con los demás usuarios
        El interesado → será también de cargo del interesado
  [384/1437] DECRETO 327 art 81: 1/1 válidas
        el dueño de las instalaciones → avisar · plazo: sesenta días
  [386/1437] DECRETO 327 art 91: 1/1 válidas
        El propietario de la central → deberá convenir peajes adicionales
  [388/1437] DECRETO 327 art 94: 2/2 válidas
        El titular de la servidumbre sobre → indemnizar
        El titular de la servidumbre sobre → concurrir al pago
  [389/1437] DECRETO 327 art 95: 1/1 válidas
        Los concesionarios → realizar anualmente los balances · plazo: anualmente
  [390/1437] DECRETO 327 art 96: 2/2 válidas
        El interesado → requerir
        La proposición → ser presentada · plazo: 60 días siguientes a la re
  [391/1437] DECRETO 327 art 100: 1/1 válidas
        sus propietarios → calcular los VNR y los costos de operación y manteni
  [392/1437] DECRETO 327 art 101: 3/3 válidas
        el interesado → será de su cargo el costo de los estudios, aclaracio
        el interesado → deberá pagar el monto de tales indemnizaciones y pea
  [393/1437] DECRETO 327 art 102: 4/4 válidas
        cualquiera de las partes → notificar
        la parte requerida → designar su árbitro · plazo: 5 días
  [394/1437] DECRETO 327 art 103: 1/1 válidas
        Los concesionarios de cualquier na → llevar a cabo la interconexión de sus instalaciones
  [395/1437] DECRETO 327 art 104: 1/1 válidas
        los propietarios de dichas instala → proporcionar periódicamente · plazo: en los períodos que fije l
  [396/1437] DECRETO 327 art 105: 3/3 válidas
        las empresas distribuidoras de ser → dar servicio
        las empresas distribuidoras → mantener a disposición del público la información té
  [397/1437] DECRETO 327 art 106: 3/3 válidas
        Las empresas concesionarias → mantener a disposición del público la lista de preci
        Las empresas concesionarias → entregar a la Superintendencia
  [398/1437] DECRETO 327 art 107: 3/3 válidas
        El concesionario → inspeccionar
        El concesionario → intervenirlos
  [399/1437] DECRETO 327 art 111: 3/3 válidas
        los concesionarios de servicio púb → cumplir los plazos · plazo: quince días corridos
        los concesionarios de servicio púb → cumplir los plazos · plazo: treinta días corridos
  [400/1437] DECRETO 327 art 112: 3/3 válidas
        Los concesionarios → construidos
        Los concesionarios → imponer
  [401/1437] DECRETO 327 art 113: 1/1 válidas
        Los concesionarios de servicio púb → exigir
  [402/1437] DECRETO 327 art 114: 1/1 válidas
        su dueño → comunicar previamente · plazo: 15 días
  [403/1437] DECRETO 327 art 115: 1/1 válidas
        Los decretos de fijación de tarifa → especificarán
  [404/1437] DECRETO 327 art 117: 1/2 válidas
        las empresas concesionarias → informar detalladamente a sus clientes acerca de las
  [405/1437] DECRETO 327 art 118: 1/1 válidas
        La concesionaria de servicio públi → informar a sus clientes · plazo: con no menos de tres meses
  [406/1437] DECRETO 327 art 119: 2/3 válidas
        el cliente → comunicar por escrito a la concesionaria su voluntad · plazo: con al menos 30 días de an
        Los clientes con opción tarifaria  → contratar esta tarifa a contar del primer mes del pe
  [407/1437] DECRETO 327 art 120: 3/3 válidas
        Las empresas concesionarias → aceptar
        El concesionario → exigir
  [408/1437] DECRETO 327 art 123: 1/1 válidas
        Los concesionarios de servicio púb → facturar
  [409/1437] DECRETO 327 art 124: 6/6 válidas
        Los medidores → serán instalados
        El organismo de certificación → informará, por escrito, los errores de cada medidor
  [410/1437] DECRETO 327 art 125: 5/5 válidas
        Los concesionarios → efectuar a su cargo, por medio de un organismo de ce
        el concesionario → continuar otorgando el servicio mientras dure la cal
  [411/1437] DECRETO 327 art 126: 1/1 válidas
        La facturación de los consumos → deberá hacerse
  [412/1437] DECRETO 327 art 127: 3/3 válidas
        El concesionario → extender la boleta o factura
        El concesionario → indicar la dirección del inmueble o instalación
  [413/1437] DECRETO 327 art 129: 4/5 válidas
        Los usuarios → dar facilidades
        el concesionario → dejar una constancia
  [414/1437] DECRETO 327 art 131: 1/1 válidas
        el concesionario → deberá devolver
  [415/1437] DECRETO 327 art 134: 1/1 válidas
        El concesionario → instalar
  [416/1437] DECRETO 327 art 135: 1/1 válidas
        Los concesionarios de servicio púb → resolver los reclamos de sus usuarios, relativos a f · plazo: 30 días contados desde su 
  [417/1437] DECRETO 327 art 137: 4/4 válidas
        las empresas → cumplir con los siguientes requisitos
        La empresa → detallar pormenorizadamente al usuario las obras aso
  [418/1437] DECRETO 327 art 138: 3/3 válidas
        El interesado → presentar a la empresa un proyecto elaborado por un  · plazo: 15 días, contados desde la
        La empresa → determinar el valor de las instalaciones que se ejec
  [419/1437] DECRETO 327 art 140: 1/1 válidas
        la empresa → comunicarlo por escrito · plazo: en el plazo señalado en el
  [420/1437] DECRETO 327 art 141: 6/6 válidas
        La empresa → cumplir
        La empresa → hacer
  [421/1437] DECRETO 327 art 142: 4/4 válidas
        el aportante → sustituir el inmueble o instalación en que deba segu · plazo: durante el plazo en que de
        el contrato respectivo → establecer un mecanismo alternativo de devolución pa
  [422/1437] DECRETO 327 art 146: 1/1 válidas
        El usuario o cliente → pagar el suministro · plazo: en el plazo señalado en la
  [423/1437] DECRETO 327 art 147: 4/4 válidas
        El concesionario → suspender el suministro · plazo: 5 días
        El concesionario → suspender el suministro · plazo: 45 días
  [424/1437] DECRETO 327 art 149: 1/1 válidas
        El concesionario → tomar las medidas de seguridad correspondientes
  [425/1437] DECRETO 327 art 150: 1/1 válidas
        el concesionario → reponer el servicio suspendido · plazo: 24 horas
  [426/1437] DECRETO 327 art 152: 1/1 válidas
        El concesionario → restablecer la prestación del servicio público · plazo: 24 horas
  [427/1437] DECRETO 327 art 161: 3/3 válidas
        La Superintendencia → pedirá informe al concesionario
        La Superintendencia → dispondrá que se practique una investigación
  [428/1437] DECRETO 327 art 162: 1/1 válidas
        El CDEC y el propietario reclamado → remitir · plazo: 15 días
  [429/1437] DECRETO 327 art 163: 1/1 válidas
        Las empresas concesionarias → llevar un registro actualizado
  [430/1437] DECRETO 327 art 206: 4/4 válidas
        Las especificaciones técnicas de t → deberán ajustarse
        Las especificaciones técnicas de t → deberán preservar
  [431/1437] DECRETO 327 art 207: 2/2 válidas
        Los planos de las instalaciones el → deberán dar cumplimiento a las normas técnicas vigen
        Los planos → deberán estar firmados por quienes tengan licencia d
  [432/1437] DECRETO 327 art 208: 5/5 válidas
        Las empresas concesionarias → mantener planos actualizados de todas sus redes
        Las empresas concesionarias → llevar incorporado un código
  [433/1437] DECRETO 327 art 211: 3/3 válidas
        Los trabajos que se efectúen en re → delimitarse entre elementos de maniobras
        La zona desenergizada → estar conectada a tierra mediante las respectivas ti
  [434/1437] DECRETO 327 art 212: 4/4 válidas
        Los trabajos → deberán estar señalizados
        Las medidas de prevención → deberán ser visadas
  [435/1437] DECRETO 327 art 214: 2/2 válidas
        Los operadores de instalaciones el → contar con personal de emergencia para la reparación
        La concurrencia de personal califi → al lugar · plazo: inferior a dos horas
  [436/1437] DECRETO 327 art 215: 1/1 válidas
        La puesta en servicio de las obras → deberán ser comunicadas · plazo: 15 días
  [437/1437] DECRETO 327 art 216: 1/1 válidas
        Las personas naturales o jurídicas → comunicar previamente
  [438/1437] DECRETO 327 art 217: 1/1 válidas
        El propietario de las líneas aérea → dar aviso por carta certificada · plazo: diez días de anticipación
  [439/1437] DECRETO 327 art 218: 1/1 válidas
        Los operadores de instalaciones el → incluir en sus programas de mantenimiento la poda o  · plazo: quince días anteriores a s
  [440/1437] DECRETO 327 art 219: 1/1 válidas
        las máquinas, instrumentos, aparat → deberán tener un certificado de aprobación otorgado 
  [441/1437] DECRETO 327 art 225: 4/4 válidas
        la Comisión → calcular los precios máximos
        la Superintendencia → aplicar las sanciones
  [442/1437] DECRETO 327 art 226: 1/1 válidas
        empresas concesionarias de servici → deberá ser acorde con el área típica correspondiente
  [443/1437] DECRETO 327 art 227: 1/1 válidas
        La calidad de suministro → deberá ser evaluada
  [444/1437] DECRETO 327 art 228: 6/6 válidas
        El Ministerio → dictar una norma técnica
        La norma → establecer tipos de perturbaciones sujetas a limitac
  [445/1437] DECRETO 327 art 229: 2/2 válidas
        el suministrador → comunicar · plazo: 30 días a contar de la fec
        la Superintendencia → pronunciarse · plazo: 30 días a contar de la fec
  [446/1437] DECRETO 327 art 230: 1/1 válidas
        Las empresas concesionarias de ser → llevar un índice representativo de la continuidad de
  [447/1437] DECRETO 327 art 231: 1/1 válidas
        Las empresas concesionarias de ser → efectuar a su costa, una vez al año, y en la oportun · plazo: una vez al año
  [448/1437] DECRETO 327 art 234: 1/1 válidas
        los propietarios de estos sistemas → adoptar las medidas necesarias
  [449/1437] DECRETO 327 art 235: 3/3 válidas
        Los concesionarios de servicio púb → aceptar la interposición de reclamos y denuncias por
        Los concesionarios de servicio púb → contar, en cada centro de atención comercial, con un
  [450/1437] DECRETO 327 art 241: 6/6 válidas
        Las mediciones y registros para de → deberán ser polifásicos según sea el número de fases
        Las mediciones → se efectuarán con equipos e instrumentos de medida d
  [451/1437] DECRETO 327 art 242: 1/1 válidas
        El valor promedio de la frecuencia → deberá encontrarse
  [452/1437] DECRETO 327 art 243: 4/4 válidas
        El proveedor del servicio → indicar explícitamente
        La norma técnica → fijará
  [453/1437] DECRETO 327 art 245: 1/1 válidas
        las interrupciones de suministro → no deberán exceder · plazo: Durante cualquier período 
  [455/1437] DECRETO 327 art 248: 5/5 válidas
        Cualquier concesionario de distrib → programar la suspensión temporal del servicio · plazo: 72 horas
        Cualquier concesionario de distrib → informar a los consumidores finales · plazo: 72 horas
  [456/1437] DECRETO 327 art 249: 1/1 válidas
        las suspensiones temporales progra → no deberán superar
  [457/1437] DECRETO 327 art 250: 3/3 válidas
        Los índices de severidad de parpad → deberán sujetarse
        La norma técnica → determinará
  [458/1437] DECRETO 327 art 291: 3/3 válidas
        la Dirección de Operación → elaborar un procedimiento
        la Dirección de Operación → requerir
  [459/1437] DECRETO 327 art 294: 1/1 válidas
        Los valores agregados de distribuc → deberán calcularse
  [460/1437] DECRETO 327 art 295: 4/4 válidas
        la Comisión → establecer un determinado número de áreas de distrib
        la Comisión → oyendo previamente a las empresas
  [461/1437] DECRETO 327 art 297: 6/6 válidas
        el estudio de costos encargado por → ajustarse
        las empresas → contraten
  [462/1437] DECRETO 327 art 298: 1/1 válidas
        Las empresas → enviar · plazo: antes de dos meses del tér
  [463/1437] DECRETO 327 art 300: 4/4 válidas
        La Comisión → estructurar un conjunto de tarifas básicas prelimina
        Deberán existir → tantas tarifas básicas como empresas y sectores de d
  [464/1437] DECRETO 327 art 301: 3/3 válidas
        la Comisión → informará · plazo: 15 días
        Cada empresa → determinará e informará
  [465/1437] DECRETO 327 art 302: 1/1 válidas
        La Superintendencia → informará
  [467/1437] DECRETO 327 art 306: 3/3 válidas
        La Comisión → estructurar fórmulas indexadas
        La Comisión → informar al Ministerio · plazo: Antes de quince días del t
  [468/1437] DECRETO 327 art 307: 1/1 válidas
        La Comisión → efectuar un nuevo estudio
  [469/1437] DECRETO 327 art 309: 1/1 válidas
        las empresas distribuidoras → reajusten sus tarifas
  [470/1437] DECRETO 327 art 310: 3/3 válidas
        Las empresas distribuidoras → abonar o cargar a la cuenta de sus usuarios
        Las reliquidaciones → reajustarse
  [471/1437] DECRETO 327 art 311: 5/5 válidas
        la Comisión → calcular los precios de distribución correspondiente
        la Comisión → asignar la empresa, en su globalidad o por sectores,
  [472/1437] DECRETO 327 art 313: 3/3 válidas
        La Superintendencia → llevar un inventario actualizado
        las empresas concesionarias → comunicar a la Superintendencia los aumentos y retir · plazo: antes del 31 de enero de c
  [473/1437] DECRETO 327 art 314: 7/8 válidas
        El VNR de las instalaciones de dis → se recalculará · plazo: cada cuatro años
        la Superintendencia → deberá revisar y valorizar
  [474/1437] DECRETO 327 art 315: 1/1 válidas
        La Superintendencia → efectuar la operación anterior · plazo: abril de cada año
  [475/1437] DECRETO 327 art 317: 4/4 válidas
        Las empresas concesionarias de ser → emplear
        Las empresas concesionarias de ser → disponer
  [476/1437] DECRETO 327 art 319: 3/3 válidas
        Los acuerdos → deberán ser informados · plazo: con un mes de anticipación
        La Comisión → comunicará
  [477/1437] DECRETO 327 art 328: 1/1 válidas
        los concesionarios, los CDEC o los → efectuar o llevar a cabo · plazo: 90 días
  [478/1437] DECRETO 327 art 4º: 1/1 válidas
        Los propietarios de instalaciones  → proporcionar · plazo: tres meses a contar de la 
  [479/1437] DECRETO 327 art 6º: 1/1 válidas
        Los concesionarios de servicio púb → ajustar sus facturas y boletas · plazo: tres meses, contado desde 
  [480/1437] DECRETO 327 art 8º: 3/3 válidas
        Los CDEC → implementar y dar cumplimiento · plazo: 90 días contado desde la v
        Los CDEC → establecer · plazo: seis meses
  [481/1437] DECRETO 327 art 9º: 1/1 válidas
        los CDEC → elaborar, aprobar e incorporar a su reglamento inter · plazo: 90 días contado desde la v
  [482/1437] DECRETO 327 art 10º: 1/1 válidas
        Las Direcciones de Peajes de los C → dar cumplimiento · plazo: 180 días contado desde la 
  [483/1437] DECRETO 327 art 11º: 1/1 válidas
        Los CDEC → constituir y poner en funcionamiento · plazo: a más tardar el 1º de ener
  [484/1437] DECRETO 327 art 12º: 1/1 válidas
        Los CDEC → ajustarse · plazo: dentro de los tres meses s
  [485/1437] DECRETO 327 art 14º: 1/1 válidas
        los CDEC → adecuar todas las disposiciones de sus reglamentos i · plazo: seis meses
  [486/1437] DECRETO 327 art 16º: 2/2 válidas
        CDEC → verificar · plazo: Durante el período que med
        CDEC → enviar · plazo: dentro de los diez primero
  [487/1437] DECRETO 327 art 18º: 7/7 válidas
        Superintendencia → analizar cada caso en particular
        Superintendencia → cumplir para un período de registro de mediciones de
  [488/1437] DECRETO 327 art 19º: 1/1 válidas
        Los concesionarios de servicio púb → implementar el sistema de registro previsto en el ar · plazo: tres meses contado desde l
  [489/1437] DECRETO 327 art 21º: 2/2 válidas
        Las empresas → tendrán un plazo de un año, a contar de la fecha de 
        Las empresas → deberán elaborar un procedimiento interno preliminar · plazo: seis meses contado desde l
  [490/1437] DECRETO 3386 art 3º: 1/1 válidas
        Municipalidades → entregar
  [491/1437] DECRETO 3386 art 4º: 1/1 válidas
        Los consumidores o suscriptores → solicitarlo expresamente
  [492/1437] DECRETO 3386 art 12: 1/2 válidas
        todo concesionario público → mantener sus instalaciones en buen estado de servici
  [493/1437] DECRETO 3386 art 21: 1/1 válidas
        el concesionario → ejecutar en sus líneas, sin costo alguno para el Est
  [494/1437] DECRETO 3386 art 26: 1/1 válidas
        los concesionarios → presentar planos
  [495/1437] DECRETO 3386 art 33: 1/1 válidas
        La Dirección → ordenar a los concesionarios que prolonguen, a sus e
  [496/1437] DECRETO 3386 art 36: 1/1 válidas
        los concesionarios → suministrar servicios
  [497/1437] DECRETO 3386 art 38: 1/1 válidas
        El proyecto de transformación → deberá incluir
  [498/1437] DECRETO 3386 art 39: 1/1 válidas
        el concesionario → modificarse la característica de la energía eléctric
  [499/1437] DECRETO 3386 art 40: 1/1 válidas
        los concesionarios → poner este hecho en conocimiento de los consumidores · plazo: un mes
  [500/1437] DECRETO 3386 art 41: 2/2 válidas
        concesionarios → adoptar por su cuenta a las nuevas características, 
        concesionarios → harán un arreglo equitativo con los consumidores
  [502/1437] DECRETO 3386 art 51: 3/3 válidas
        la reserva de combustible → no deberá bajar de un valor igual al consumo normal 
        Igual reserva → deberá proveerse
  [503/1437] DECRETO 3386 art 52: 1/1 válidas
        Las centrales → contar con un taller de reparaciones y un almacén de
  [504/1437] DECRETO 3386 art 56: 1/1 válidas
        el tipo de postación, aisladores,  → deberá ser previamente aprobado
  [505/1437] DECRETO 3386 art 59: 1/1 válidas
        Los concesionarios → deberán poseer
  [506/1437] DECRETO 3386 art 69: 1/1 válidas
        Los concesionarios → mantener · plazo: durante todo el plazo de l
  [507/1437] DECRETO 3386 art 72: 1/1 válidas
        El personal de las Empresas → llevar consigo una célula otorgada por el concesiona
  [508/1437] DECRETO 3386 art 76: 5/5 válidas
        Los concesionarios → mantener una oficina para atender al público
        Las empresas distribuidoras con má → mantener, además, personal para que atienda los llam
  [509/1437] DECRETO 3386 art 79: 4/5 válidas
        el concesionario → tomar lectura de este instrumento una vez al mes
        el concesionario → dejar constancia de esa lectura en una tarjeta que c
  [510/1437] DECRETO 3386 art 81: 4/4 válidas
        el concesionario → facturar
        el cliente del medidor general → pagar
  [511/1437] DECRETO 3386 art 82: 2/2 válidas
        Los concesionarios → suministrar a los consumidores que así lo soliciten,
        Dichos contratos → ser comunicados a la Dirección
  [512/1437] DECRETO 3386 art 86: 3/3 válidas
        La factura mensual → debe indicar
        En la misma factura o en un detall → deberá indicarse
  [513/1437] DECRETO 3386 art 87: 2/3 válidas
        Los consumidores → dar facilidades para que la Empresa pueda tomar lect
        Los consumidores → encerrar los medidores u ocultarlos en cualquier for
  [514/1437] DECRETO 3386 art 88: 1/1 válidas
        el concesionario → aceptar el reclamo
  [515/1437] DECRETO 3386 art 95: 4/4 válidas
        El consumidor → reclamar
        El depósito → hacerse
  [516/1437] DECRETO 3386 art 103: 1/1 válidas
        El propietario → dar aviso · plazo: con 15 días de anticipació
  [517/1437] DECRETO 3386 art 106: 5/5 válidas
        El dueño de una propiedad ocupada  → exigir del concesionario el retiro del servicio eléc
        el concesionario → retirar sólo el medidor, manteniendo el empalme
  [518/1437] DECRETO 3386 art 109: 1/1 válidas
        el concesionario → comunicar · plazo: diez días
  [519/1437] DECRETO 3386 art 110: 1/2 válidas
        La Dirección → resolver · plazo: en un plazo no superior a 
  [520/1437] DECRETO 3386 art 113: 3/3 válidas
        el consumidor → depositar
        el consumidor fraudulento → hacer un nuevo depósito
  [521/1437] DECRETO 3386 art 120: 1/1 válidas
        el concesionario → reconectar un servicio suspendido por modificación f
  [522/1437] DECRETO 3386 art 129: 1/1 válidas
        concesionario → retirar los empalmes de servicios suspendidos
  [523/1437] DECRETO 3386 art 131: 1/1 válidas
        el concesionario → devolver al consumidor el valor correspondiente al e
  [524/1437] DECRETO 3386 art 133: 1/1 válidas
        el concesionario → devolver el valor equivalente al consumo que corresp
  [525/1437] DECRETO 3386 art 141: 1/1 válidas
        el concesionario → descontar los consumos cobrados en exceso al consumi
  [526/1437] DECRETO 3386 art 142: 3/3 válidas
        Los concesionarios → tener libre acceso a horas hábiles para revisar los 
        el concesionario → suspender de inmediato el servicio
  [527/1437] DECRETO 3386 art 143: 1/1 válidas
        El concesionario → establecer el uso obligatorio de los medidores de su
  [528/1437] DECRETO 3386 art 146: 1/1 válidas
        el concesionario → retirar el medidor antiguo
  [529/1437] DECRETO 3386 art 151: 7/7 válidas
        Los concesionarios → llevar su contabilidad
        el capital inmovilizado → no podrá modificarse
  [530/1437] DECRETO 3386 art 153: 1/1 válidas
        el concesionario → presentará · plazo: al término de la construcc
  [531/1437] DECRETO 3386 art 155: 5/5 válidas
        Todo concesionario de servicio púb → remitir · plazo: durante el mes de Enero o 
        Todo concesionario de servicio púb → incluir
  [532/1437] DECRETO 3386 art 159: 1/1 válidas
        el concesionario → presentar
  [533/1437] DECRETO 3386 art 164: 1/1 válidas
        el concesionario → firmar el convenio mutuo
  [534/1437] DECRETO 3386 art 167: 2/2 válidas
        La contabilidad → llevarse · plazo: antes del 1º de Marzo cada
        un concesionario → proporcionar
  [535/1437] DECRETO 3386 art 168: 1/1 válidas
        Los concesionarios productores de  → instalar medidores totalizadores de la energía gener
  [536/1437] DECRETO 3386 art 169: 1/1 válidas
        Los concesionarios → llevar un libro auxiliar · plazo: hasta dos años después de 
  [537/1437] DECRETO 3386 art 172: 1/1 válidas
        la empresa generadora o distribuid → instalar medidores totalizadores de la energía consu
  [538/1437] DECRETO 3386 art 173: 2/2 válidas
        Todo concesionario → enviar · plazo: antes del primero de Marzo
        Cuando un concesionario posea más  → enviar
  [539/1437] DECRETO 3386 art 178: 5/5 válidas
        Los concesionarios → contratar libremente con sus consumidores el precio 
        Las tarifas especiales → ser aprobadas por la Dirección individualmente
  [540/1437] DECRETO 3386 art 184: 1/1 válidas
        El pliego de tarifas provisional → ser puesto en conocimiento del público · plazo: treinta días
  [542/1437] DECRETO 3386 art 192: 1/1 válidas
        Las solicitudes sobre implantación → deberán acompañarse
  [543/1437] DECRETO 3386 art 193: 5/5 válidas
        los concesionarios → someter a la consideración del Gobierno
        los concesionarios → publicar en su parte pertinente
  [544/1437] DECRETO 3386 art 194: 1/1 válidas
        la Dirección → estudiada · plazo: Treinta días
  [545/1437] DECRETO 3386 art 197: 1/1 válidas
        Los concesionarios → someter previamente los proyectos de contrato
  [546/1437] DECRETO 3386 art 207: 6/6 válidas
        Los concesionarios productores y d → pagarán una prima
        El Presidente de la República → fijará
  [547/1437] DECRETO 3386 art 221: 1/1 válidas
        Antes de efectuar la poda o corta  → darse aviso · plazo: diez días
  [548/1437] DECRETO 3386 art 222: 1/1 válidas
        los concesionarios interesados → corta o poda de los árboles
  [549/1437] DECRETO 3386 art 226: 1/1 válidas
        La poda de los árboles que pueden  → deberá hacerse
  [550/1437] DECRETO 3386 art 235: 1/1 válidas
        Las instalaciones destinadas a la  → cumplir
  [551/1437] DECRETO 3386 art 236: 2/2 válidas
        La Dirección → fijará las modificaciones · plazo: los plazos de ejecución de
        el último servicio que ha sido ins → deberán ser pagados
  [552/1437] DECRETO 3386 art 238: 1/1 válidas
        Los concesionarios que no tengan f → someter a la consideración de la Dirección, todos lo · plazo: antes del 1º de Enero de 1
  [553/1437] DECRETO 37 art 4: 1/1 válidas
        Los propietarios, arrendatarios, u → dar las facilidades necesarias
  [554/1437] DECRETO 37 art 5: 1/1 válidas
        Las empresas transmisoras → deberán permitir
  [555/1437] DECRETO 37 art 6: 3/3 válidas
        El Coordinador → garantizar el acceso abierto a todos los Sistemas de
        El Coordinador → autorizar la conexión a los Sistemas de Transmisión · plazo: dentro de los plazos defin
  [556/1437] DECRETO 37 art 7: 1/1 válidas
        Las conexiones a los Sistemas de T → deberán cumplir
  [558/1437] DECRETO 37 art 10: 5/5 válidas
        los propietarios, arrendatarios, u → establecer exigencias o estándares técnicos
        los propietarios, arrendatarios, u → ejercer acciones o actuaciones
  [559/1437] DECRETO 37 art 11: 2/2 válidas
        Los propietarios, arrendatarios, u → no podrán negar el acceso al servicio de transporte 
        El Coordinador → deberá autorizar la conexión a los Sistemas de Trans · plazo: dentro de los plazos defin
  [560/1437] DECRETO 37 art 12: 5/5 válidas
        El Coordinador → autorizará la conexión a los Sistemas de Transmisión
        El Coordinador → establecerá la prelación de las solicitudes
  [561/1437] DECRETO 37 art 15: 4/4 válidas
        Cualquier interesado → presentar
        El Coordinador → publicar
  [562/1437] DECRETO 37 art 16: 1/1 válidas
        el solicitante → señalar
  [563/1437] DECRETO 37 art 18: 3/3 válidas
        El Coordinador → comunicará · plazo: no superior a veinte días
        El Coordinador → comunicará · plazo: no podrá ser mayor a dos m
  [564/1437] DECRETO 37 art 19: 3/3 válidas
        El Coordinador → definir como contraparte técnica a un profesional de
        El Coordinador → establecer las fechas para la realización de la o la
  [565/1437] DECRETO 37 art 21: 5/5 válidas
        Coordinador → emitirá y comunicará · plazo: treinta días
        Informe de Autorización de Conexió → Definir
  [566/1437] DECRETO 37 art 22: 2/2 válidas
        El Coordinador → poner en conocimiento · plazo: en el plazo señalado en el
        El Coordinador → poner en conocimiento · plazo: en el plazo que disponga e
  [567/1437] DECRETO 37 art 23: 3/3 válidas
        El Coordinador → emitir y comunicar · plazo: veinte días
        El Coordinador → comunicar
  [568/1437] DECRETO 37 art 24: 1/1 válidas
        El titular de la autorización → presentar los antecedentes necesarios
  [569/1437] DECRETO 37 art 25: 2/2 válidas
        El Coordinador → dejar sin efecto la autorización de conexión
        El Coordinador → informar dicha situación
  [570/1437] DECRETO 37 art 26: 1/1 válidas
        El Coordinador → publicar
  [571/1437] DECRETO 37 art 27: 1/1 válidas
        El Coordinador → considerar
  [572/1437] DECRETO 37 art 28: 1/1 válidas
        El proyecto asociado a la autoriza → cumplir
  [573/1437] DECRETO 37 art 29: 1/1 válidas
        Los propietarios, arrendatarios, u → permitir la conexión a sus instalaciones a quien lo 
  [574/1437] DECRETO 37 art 30: 1/1 válidas
        Los propietarios, arrendatarios, u → deberán ser valorizadas y remuneradas
  [575/1437] DECRETO 37 art 32: 2/2 válidas
        Coordinador → establecer los pagos
        Coordinador → determinar los pagos
  [576/1437] DECRETO 37 art 34: 1/1 válidas
        el solicitante → requerir la aprobación de ejecución de obras necesar
  [577/1437] DECRETO 37 art 35: 2/2 válidas
        el Coordinador → ordenará sin más trámite la desconexión
        el Coordinador → deberá informar a la Comisión · plazo: en el más breve plazo posi
  [579/1437] DECRETO 37 art 40: 2/2 válidas
        Comisión → autorizadas en forma previa y excepcional
        Comisión → analizadas y autorizadas
  [580/1437] DECRETO 37 art 41: 6/6 válidas
        El Coordinador → informar · plazo: dentro de los tres días si
        El Coordinador → aprobar o rechazar · plazo: dentro del plazo de treint
  [581/1437] DECRETO 37 art 42: 3/3 válidas
        La Comisión → autorizar o rechazar fundadamente la ejecución de la · plazo: treinta días
        La Comisión → contener, al menos, lo siguiente
  [582/1437] DECRETO 37 art 43: 1/1 válidas
        Comisión → rechazar
  [583/1437] DECRETO 37 art 44: 2/2 válidas
        El titular de la obra → proporcionar · plazo: dentro del plazo que le ha
        el propietario de la obra → estar disponible
  [584/1437] DECRETO 37 art 45: 1/1 válidas
        algún solicitante → informar fundamente
  [585/1437] DECRETO 37 art 46: 1/1 válidas
        Coordinador → evaluarlas conjuntamente · plazo: quince días
  [586/1437] DECRETO 37 art 47: 1/1 válidas
        Los propietarios, arrendatarios, u → permitir la conexión a sus instalaciones
  [587/1437] DECRETO 37 art 49: 4/4 válidas
        Los propietarios, arrendatarios, u → presentar
        El Coordinador → publicar
  [588/1437] DECRETO 37 art 50: 1/1 válidas
        Cualquier interesado → presentar
  [589/1437] DECRETO 37 art 51: 5/5 válidas
        El interesado → presentar
        El Coordinador → establecer
  [591/1437] DECRETO 37 art 53: 10/10 válidas
        El Coordinador → comunicará los resultados del examen de admisibilida · plazo: diez días, contado desde l
        El Coordinador → declarará admisible la solicitud
  [592/1437] DECRETO 37 art 54: 2/2 válidas
        El Coordinador → rechazar la Solicitud de Uso de Capacidad Técnica Di
        El Coordinador → proseguir con el procedimiento que este reglamento e
  [593/1437] DECRETO 37 art 55: 2/2 válidas
        El Coordinador → emitirá · plazo: veinte días contado desde 
        El Coordinador → publicar · plazo: dentro del plazo señalado 
  [594/1437] DECRETO 37 art 56: 1/1 válidas
        El Coordinador → emitir y comunicar · plazo: quince días
  [595/1437] DECRETO 37 art 57: 1/1 válidas
        el Coordinador → apruebe la Solicitud de Uso de Capacidad Técnica Dis
  [596/1437] DECRETO 37 art 58: 1/1 válidas
        La o las instalaciones del solicit → deberán haber sido declaradas en construcción · plazo: dentro del plazo señalado 
  [597/1437] DECRETO 37 art 60: 3/3 válidas
        El Coordinador → determinará fundadamente la capacidad técnica dispon
        El Coordinador → considerar las instalaciones de transmisión dedicada
  [598/1437] DECRETO 37 art 61: 2/2 válidas
        los propietarios, arrendatarios, u → poner en conocimiento
        los propietarios, arrendatarios, u → remitir · plazo: al quinto día de su celebr
  [601/1437] DECRETO 37 art 65: 2/2 válidas
        el Coordinador → publicar en su sitio web · plazo: Anualmente y para un horiz
        el Coordinador → actualizar al menos mensualmente · plazo: al menos mensualmente
  [602/1437] DECRETO 37 art 66: 1/1 válidas
        El solicitante → ajustarse
  [603/1437] DECRETO 37 art 67: 1/1 válidas
        El propietario, arrendatario, usuf → dar aviso · plazo: no inferior a cuatro años
  [604/1437] DECRETO 37 art 68: 1/1 válidas
        Los costos → serán de cargo del solicitante
  [605/1437] DECRETO 37 art 70: 1/1 válidas
        La Planificación de la Transmisión → deberá considerar
  [606/1437] DECRETO 37 art 71: 6/6 válidas
        La Planificación de la Transmisión → deberá considerar
        La Planificación de la Transmisión → deberá realizarse considerando
  [607/1437] DECRETO 37 art 73: 4/4 válidas
        El Proceso de Planificación → contemplar
        la Comisión → proponer
  [609/1437] DECRETO 37 art 76: 1/1 válidas
        La Comisión → considerar
  [610/1437] DECRETO 37 art 77: 1/1 válidas
        el Ministerio → remitir · plazo: dentro del primer trimestr
  [611/1437] DECRETO 37 art 79: 1/1 válidas
        La Planificación de la Transmisión → deberá considerar
  [612/1437] DECRETO 37 art 80: 1/1 válidas
        la Comisión → individualizarlas
  [613/1437] DECRETO 37 art 81: 1/1 válidas
        las distribuidoras → presentar anualmente a la Comisión · plazo: dentro del mismo plazo de 
  [614/1437] DECRETO 37 art 82: 1/1 válidas
        La Comisión → utilizará
  [615/1437] DECRETO 37 art 83: 3/7 válidas
        La Comisión → ajustar cada uno de los Escenarios Energéticos defin
        La Comisión → definiendo la capacidad de expansión de generación y
  [616/1437] DECRETO 37 art 84: 1/1 válidas
        Los antecedentes adicionales propo → explicitarse y fundamentarse
  [617/1437] DECRETO 37 art 85: 4/4 válidas
        la Comisión → aplicar
        la Comisión → utilizar
  [619/1437] DECRETO 37 art 87: 7/7 válidas
        La Comisión → revisar los antecedentes referidos en los Capítulos 
        La Comisión → efectuar un diagnóstico de los Sistemas de Transmisi
  [620/1437] DECRETO 37 art 88: 1/1 válidas
        La Comisión → determinar
  [621/1437] DECRETO 37 art 89: 1/1 válidas
        La Comisión → determinar
  [625/1437] DECRETO 37 art 93: 6/6 válidas
        La Comisión → determinar los proyectos de expansión que promuevan 
        La Comisión → calcular un indicador representativo de los niveles 
  [626/1437] DECRETO 37 art 94: 5/5 válidas
        La Comisión → definirá la cartera de proyectos asociados a cada EG
        La Comisión → definir una o más carteras adicionales
  [627/1437] DECRETO 37 art 95: 5/5 válidas
        La Comisión → considerar en la Planificación de la Transmisión la 
        Las expansiones de instalaciones p → no degradar el desempeño de las instalaciones dedica
  [628/1437] DECRETO 37 art 96: 2/2 válidas
        La Comisión → señalar en el informe técnico preliminar que conteng
        El Coordinador → resguardar que las autorizaciones a solicitudes de u
  [629/1437] DECRETO 37 art 97: 1/1 válidas
        los interesados → comunicar · plazo: durante los primeros quinc
  [630/1437] DECRETO 37 art 98: 7/7 válidas
        La Comisión → incorporar
        La Comisión → cambiar
  [631/1437] DECRETO 37 art 99: 2/2 válidas
        El Coordinador → informar
        los promotores y desarrolladores → informar · plazo: treinta días
  [632/1437] DECRETO 37 art 100: 3/3 válidas
        La Comisión → caucionará la materialización futura de los proyecto
        La Comisión → establecerá e informará a los titulares de los proye
  [634/1437] DECRETO 37 art 102: 7/7 válidas
        Los Sistemas de Almacenamiento de  → prestar servicios de transmisión permitiendo reducir
        El dimensionamiento de estos siste → deberá estar adaptado a la demanda
  [635/1437] DECRETO 37 art 103: 2/2 válidas
        El informe técnico que contenga el → incluir
        Las bases de licitación → especificar
  [636/1437] DECRETO 37 art 104: 4/4 válidas
        el Coordinador → publicará un informe de operación de los Sistemas de
        el Coordinador → recomendar y justificar las posibles acciones correc
  [637/1437] DECRETO 37 art 105: 1/1 válidas
        Las empresas → informar · plazo: dentro de los plazos estab
  [638/1437] DECRETO 37 art 106: 9/9 válidas
        el Coordinador → enviar · plazo: Dentro de los primeros qui
        el Coordinador → solicitar · plazo: el primer trimestre del añ
  [639/1437] DECRETO 37 art 107: 5/6 válidas
        La Comisión → publicar · plazo: dentro de los cinco días c
        La Comisión → convocar · plazo: dentro de los cinco días c
  [640/1437] DECRETO 37 art 108: 2/2 válidas
        Los promotores de proyectos de exp → presentar · plazo: sesenta días corridos
        la Comisión → publicar · plazo: diez días
  [641/1437] DECRETO 37 art 109: 1/1 válidas
        Los promotores de proyectos → dar respuesta por escrito · plazo: dentro del plazo que esta 
  [642/1437] DECRETO 37 art 110: 2/2 válidas
        El Coordinador → actualizar, complementar o corregir su propuesta de  · plazo: treinta días siguientes al
        La Comisión → publicarla en su sitio web · plazo: cinco días contados desde 
  [643/1437] DECRETO 37 art 111: 4/4 válidas
        la Comisión → emitirá el informe técnico preliminar · plazo: Durante el tercer trimestr
        la Comisión → publicar · plazo: en la misma oportunidad
  [644/1437] DECRETO 37 art 112: 1/1 válidas
        la Comisión → emitirá y comunicará · plazo: Dentro de los treinta días
  [645/1437] DECRETO 37 art 114: 2/2 válidas
        la Comisión → remitir · plazo: dentro de los tres días si
        la Comisión → remitir · plazo: quince días desde la comun
  [646/1437] DECRETO 37 art 117: 1/1 válidas
        La Comisión → abrirá un Registro de Participación
  [647/1437] DECRETO 37 art 118: 3/3 válidas
        la Comisión → efectuar un llamado público o convocatoria para insc
        el aviso con el llamado o convocat → publicarse dos días consecutivos en un diario de cir
  [648/1437] DECRETO 37 art 119: 2/2 válidas
        Los Participantes → presentar
        Los Usuarios e Instituciones Inter → acompañar
  [649/1437] DECRETO 37 art 120: 3/3 válidas
        La Comisión → revisará los antecedentes presentados · plazo: Dentro de los cinco días s
        el solicitante → subsane la falta o acompañe los antecedentes respect · plazo: en un plazo de cinco días
  [650/1437] DECRETO 37 art 123: 3/3 válidas
        La Comisión → actualizar los registros · plazo: cada cuatro años
        La Comisión → efectuar un llamado público o convocatoria
  [651/1437] DECRETO 37 art 126: 7/7 válidas
        El Coordinador → elaborar las correspondientes bases que regirán el p
        El Coordinador → realizar el llamado a licitación de todas las Obras 
  [652/1437] DECRETO 37 art 127: 3/3 válidas
        Las bases de licitación → deberán ajustarse
        Las bases y el proceso de licitaci → deberán sujetarse
  [653/1437] DECRETO 37 art 128: 3/3 válidas
        Las bases de licitación → deberán contener y especificar a lo menos
        Las bases de licitación → deberán establecer
  [655/1437] DECRETO 37 art 131: 2/2 válidas
        La adjudicación de las Obras de Ex → deberá estar finalizada · plazo: diez meses contado desde l
        el plazo máximo de adjudicación → será de ocho meses · plazo: ocho meses contado desde l
  [657/1437] DECRETO 37 art 134: 2/2 válidas
        El Coordinador → deberá, al momento de elaborar las bases de licitaci
        El Coordinador → deberá contar con una nómina permanente de proponent
  [658/1437] DECRETO 37 art 135: 4/4 válidas
        El Coordinador → agrupar
        El Coordinador → procurar
  [659/1437] DECRETO 37 art 136: 8/8 válidas
        Las garantías que se exijan a los  → deberán considerar
        Las multas por atraso de las obras → deberán ser definidas
  [660/1437] DECRETO 37 art 137: 2/2 válidas
        Los llamados de licitación, actos  → deberán efectuarse
        Las mismas bases → deberán contener
  [661/1437] DECRETO 37 art 138: 4/4 válidas
        El Coordinador → establecer mecanismos electrónicos de recepción de o
        El Coordinador → presentar ofertas económicas separadamente de las of
  [662/1437] DECRETO 37 art 139: 1/1 válidas
        El Coordinador → cautelar el estricto cumplimiento de la custodia y c
  [663/1437] DECRETO 37 art 140: 3/3 válidas
        el Coordinador → solicitar a los oferentes que enmienden errores, omi
        el Coordinador → pedir antecedentes adicionales
  [664/1437] DECRETO 37 art 141: 1/1 válidas
        funcionarios de la Comisión → guardar absoluta reserva · plazo: hasta la apertura de las o
  [665/1437] DECRETO 37 art 142: 1/1 válidas
        El proceso de evaluación efectuado → permitir que cada una de las alternativas y el resul
  [666/1437] DECRETO 37 art 143: 3/3 válidas
        El Coordinador → resolver la licitación y adjudicará los derechos de  · plazo: sesenta días
        El Coordinador → comunicar el resultado de la licitación
  [667/1437] DECRETO 37 art 144: 4/4 válidas
        Las Obras Nuevas → se adjudicarán
        Las ofertas económicas → deberán expresarse
  [668/1437] DECRETO 37 art 145: 4/4 válidas
        El Coordinador → declarar total o parcialmente desierta la licitación
        El Coordinador → levantar un acta · plazo: 48 horas
  [669/1437] DECRETO 37 art 146: 7/7 válidas
        El Coordinador → licitar nuevamente
        El Coordinador → modificar los plazos del proceso
  [670/1437] DECRETO 37 art 147: 2/2 válidas
        La Comisión → remitirá · plazo: Dentro de los cinco días s
        La Comisión → calculará
  [671/1437] DECRETO 37 art 148: 1/1 válidas
        El Ministro de Energía → dictará un decreto supremo · plazo: veinte días
  [672/1437] DECRETO 37 art 149: 1/1 válidas
        propietarios, arrendatarios, usufr → dar las facilidades necesarias y permitir el acceso 
  [673/1437] DECRETO 37 art 152: 7/7 válidas
        El Coordinador → supervisar
        El Coordinador → realizar las auditorías
  [674/1437] DECRETO 37 art 153: 5/5 válidas
        El Coordinador → adoptar las medidas y acciones, y destinar los recur
        El Coordinador → designar un auditor o un inspector técnico
  [675/1437] DECRETO 37 art 154: 1/1 válidas
        Los adjudicatarios de las Obras de → disponer de medidas necesarias
  [676/1437] DECRETO 37 art 155: 2/2 válidas
        La empresa propietaria de las inst → participar en la supervisión de la ejecución de la o
        La empresa propietaria de las inst → disponer de una auditoría técnica o una inspección t · plazo: oportunamente
  [677/1437] DECRETO 37 art 156: 1/1 válidas
        Las Empresas transmisoras → dar las facilidades necesarias
  [678/1437] DECRETO 37 art 157: 4/4 válidas
        El Coordinador → emitir un informe
        El Coordinador → comunicar
  [679/1437] DECRETO 37 art segundo: 1/1 válidas
        El Ministerio → emitir · plazo: durante el mes de abril de
  [680/1437] DECRETO 37 art primero transitorio: 1/1 válidas
        La Comisión → actualizar y publicar · plazo: dentro de los dos años sig
  [682/1437] DECRETO 42 art segundo: 1/1 válidas
        El Panel de oficio → ampliar el plazo para evacuar su dictamen · plazo: hasta por la mitad del pla
  [684/1437] DECRETO 44 art 7°: 4/4 válidas
        Los integrantes del Panel → ejercerán sus funciones · plazo: por seis años
        Los integrantes del Panel → serán designados por un nuevo período
  [685/1437] DECRETO 44 art 9°: 2/2 válidas
        las personas designadas por el Tri → renunciar
        el Ministerio → requerirá · plazo: diez días
  [686/1437] DECRETO 44 art 10: 1/1 válidas
        Los integrantes del Panel → abstenerse de intervenir
  [687/1437] DECRETO 44 art 11: 1/1 válidas
        el secretario abogado → emitir un informe · plazo: dentro de los dos días sig
  [688/1437] DECRETO 44 art 15: 3/3 válidas
        El Panel → contará con un secretario abogado
        El abogado designado por el Tribun → será nombrado mediante resolución del Ministerio
  [689/1437] DECRETO 44 art 20: 1/1 válidas
        El Panel → presentar · plazo: antes del 30 de septiembre
  [690/1437] DECRETO 44 art 21: 1/1 válidas
        El presupuesto del Panel → deberá comprender
  [691/1437] DECRETO 44 art 22: 1/1 válidas
        la Subsecretaría → solicitar · plazo: en el plazo y en la forma 
  [692/1437] DECRETO 44 art 23: 1/1 válidas
        La Subsecretaría → aprobar el presupuesto anual del Panel · plazo: antes del 31 de octubre de
  [693/1437] DECRETO 44 art 24: 1/1 válidas
        el Panel → presentar · plazo: Dentro de los primeros cua
  [694/1437] DECRETO 44 art 25: 4/4 válidas
        usuarios finales, libres y sujetos → pagar
        empresa distribuidora → efectuar el pago
  [695/1437] DECRETO 44 art 26: 7/7 válidas
        Las empresas distribuidoras y sumi → informar · plazo: a más tardar el día 10 de 
        El Coordinador → consolidar · plazo: dentro de los cinco días s
  [696/1437] DECRETO 44 art 31: 5/6 válidas
        Las discrepancias y conflictos → presentarse · plazo: quince días
        El Coordinado → enviar al Director Ejecutivo del Coordinador una cop
  [697/1437] DECRETO 44 art 32: 8/8 válidas
        las discrepancias → recaer sobre materias de competencia del Panel
        las discrepancias → presentarse dentro del plazo que corresponda
  [698/1437] DECRETO 44 art 33: 6/6 válidas
        el secretario abogado → poner en conocimiento · plazo: veinticuatro horas
        el Panel de Expertos → notificar · plazo: tres días
  [699/1437] DECRETO 44 art 34: 8/8 válidas
        El Panel de Expertos → acordará un programa de trabajo para el estudio y re
        El programa de trabajo → contemplará la comunicación de la discrepancia a las · plazo: siete días contados desde 
  [701/1437] DECRETO 57 art 9º: 3/3 válidas
        los miembros de la agrupación → estar conectados a las redes de distribución del mis
        los miembros de la agrupación → acreditar la propiedad conjunta del Equipamiento de 
  [702/1437] DECRETO 57 art 10º: 1/1 válidas
        Los miembros de la agrupación → suscribir un contrato de propiedad conjunta
  [704/1437] DECRETO 57 art 12º: 5/5 válidas
        las Empresas Distribuidoras → mantener a disposición
        las Empresas Distribuidoras → mantener a disposición
  [705/1437] DECRETO 57 art 13º: 3/3 válidas
        Usuario Final o el representante d → presentar una SCR
        Empresa Distribuidora → requerir fundadamente al solicitante · plazo: 5 días contado desde la re
  [706/1437] DECRETO 57 art 14º: 1/1 válidas
        La Empresa Distribuidora → evaluar · plazo: 20 días
  [707/1437] DECRETO 57 art 15º: 4/5 válidas
        la Empresa Distribuidora → deberá responder la SCR · plazo: 5 días
        la Empresa Distribuidora → deberá responder la SCR · plazo: 10 días
  [708/1437] DECRETO 57 art 16º: 2/2 válidas
        Empresa Distribuidora → deberá responder · plazo: 20 días contado desde su p
        Empresa Distribuidora → deberá responder · plazo: 40 días contados desde la 
  [709/1437] DECRETO 57 art 17º: 3/4 válidas
        La respuesta a la SCR de la Empres → deberá incluir
        El modelo de contrato → deberá estar disponible públicamente
  [710/1437] DECRETO 57 art 18º: 1/1 válidas
        la Empresa Distribuidora → acreditar
  [711/1437] DECRETO 57 art 19º: 1/1 válidas
        El Usuario Final → manifestar · plazo: 20 días
  [712/1437] DECRETO 57 art 20º: 3/4 válidas
        El Usuario Final → aumentar o disminuir la Capacidad Instalada del Equi
        El Usuario Final → comunicar a la Empresa Distribuidora la modificación
  [713/1437] DECRETO 57 art 22º: 3/3 válidas
        La Empresa Distribuidora → emitir una respuesta a la SCR · plazo: 10 días contado desde la f
        El Usuario Final → manifestar su conformidad · plazo: 10 días desde la fecha de 
  [714/1437] DECRETO 57 art 24º: 5/5 válidas
        El Usuario Final → presente la NC
        El Usuario Final → presente a la Empresa Distribuidora la solicitud de 
  [715/1437] DECRETO 57 art 25º: 1/1 válidas
        La instalación de un Equipamiento  → deberá ejecutarse · plazo: dentro del plazo estableci
  [716/1437] DECRETO 57 art 26º: 4/4 válidas
        La energización del Equipamiento d → deberá ser informada
        Al mismo trámite → deberán someterse
  [717/1437] DECRETO 57 art 27º: 2/2 válidas
        Usuario Final → presentar una NC · plazo: Dentro del plazo estableci
        Empresa Distribuidora → verificar que el contrato de propiedad conjunta cont
  [718/1437] DECRETO 57 art 28º: 3/3 válidas
        Empresa Distribuidora → verificar
        Usuario Final → corregir o complementar · plazo: 5 días
  [719/1437] DECRETO 57 art 29º: 11/11 válidas
        La Empresa Distribuidora → efectuar o supervisar la conexión del Equipamiento d
        La Empresa Distribuidora → acordar la fecha y hora de conexión · plazo: 5 días
  [720/1437] DECRETO 57 art 30º: 1/1 válidas
        Las Empresas Distribuidoras → disponer de un modelo de contrato de conexión
  [721/1437] DECRETO 57 art 31º: 4/4 válidas
        Usuario Final → adjuntar
        Usuario Final → acompañar · plazo: no mayor a 30 días
  [722/1437] DECRETO 57 art 32º: 2/2 válidas
        La Empresa Distribuidora → comunicar · plazo: 5 días contado desde el in
        La Empresa Distribuidora → remitir
  [723/1437] DECRETO 57 art 33º: 3/3 válidas
        La Empresa Distribuidora → realizar las modificaciones respectivas en las factu · plazo: mes subsiguiente al mes do
        El representante de los propietari → enviar a la Empresa Distribuidora una copia de la mo · plazo: 20 días a contar de la com
  [724/1437] DECRETO 57 art 34º: 1/1 válidas
        El Usuario Final o el representant → presentar una nueva NC · plazo: una vez dentro del mismo a
  [725/1437] DECRETO 57 art 35º: 1/1 válidas
        Empresa Distribuidora → responder a dicha solicitud · plazo: 20 días
  [726/1437] DECRETO 57 art 36º: 2/2 válidas
        la Superintendencia → resolver
        la Empresa Distribuidora → modificación del contrato de conexión y del contrato · plazo: 20 días
  [727/1437] DECRETO 57 art 37º: 3/3 válidas
        La Empresa Distribuidora → comunicar · plazo: 10 días contados desde el 
        La Empresa Distribuidora → remitir
  [728/1437] DECRETO 57 art 38º: 1/1 válidas
        Cualquier modificación al Equipami → deberá someterse
  [729/1437] DECRETO 57 art 39º: 1/1 válidas
        La Empresa Distribuidora → justificar
  [730/1437] DECRETO 57 art 40º: 8/8 válidas
        El propietario de esta última inst → solventar
        La Comisión → emitir un informe técnico
  [731/1437] DECRETO 57 art 41º: 8/8 válidas
        La Empresa Distribuidora → señalar detalladamente aquellas Obras Adicionales, A
        La Empresa Distribuidora → establecer un plazo de ejecución conjunto para reali
  [732/1437] DECRETO 57 art 42º: 3/3 válidas
        la Empresa Distribuidora → estimar el valor presente del costo de inversión de  · plazo: 10 años a contar del año s
        la Empresa Distribuidora → estimar el valor presente del costo de inversión de  · plazo: el mismo periodo utilizado
  [733/1437] DECRETO 57 art 43º: 3/3 válidas
        La Empresa Distribuidora → informar anualmente · plazo: anualmente
        La Empresa Distribuidora → identificar
  [734/1437] DECRETO 57 art 45º: 4/4 válidas
        La Empresa Distribuidora → establecer
        La Empresa Distribuidora → considerar
  [735/1437] DECRETO 57 art 46º: 1/1 válidas
        Las SCR de los Usuarios Finales → deberán ser evaluadas
  [736/1437] DECRETO 57 art 47º: 5/5 válidas
        La Capacidad Instalada Permitida y → serán calculadas
        El cálculo → deberá considerar
  [737/1437] DECRETO 57 art 48º: 3/3 válidas
        la Empresa Distribuidora → calcular un límite agregado a la Capacidad Instalada
        la Empresa Distribuidora → realizar estudios que busquen evaluar el impacto en 
  [738/1437] DECRETO 57 art 50º: 9/9 válidas
        La Empresa Distribuidora → obtener las medidas de las inyecciones de energía el
        La Empresa Distribuidora → dejar una constancia de esta situación mediante una 
  [739/1437] DECRETO 57 art 51º: 1/1 válidas
        La Empresa Distribuidora → remitir · plazo: dos meses
  [742/1437] DECRETO 57 art 56º: 2/2 válidas
        Las inyecciones de energía valoriz → deberán ser descontadas
        Los remanentes → deberán ser reajustados
  [743/1437] DECRETO 57 art 57º: 1/1 válidas
        Las inyecciones de energía valoriz → deberán ser descontadas
  [744/1437] DECRETO 57 art 59º: 5/6 válidas
        Las Empresas Distribuidoras → instalar un medidor general bidireccional en el empa
        La Empresa Distribuidora → ser responsable de la recolección de los datos de to
  [745/1437] DECRETO 57 art 60º: 1/1 válidas
        La Empresa Distribuidora → remite · plazo: dentro del plazo acordado 
  [746/1437] DECRETO 57 art 61º: 4/4 válidas
        La Empresa Distribuidora → informar
        La Empresa Distribuidora → considerar
  [747/1437] DECRETO 57 art 63º: 1/1 válidas
        La Empresa Distribuidora → informar
  [748/1437] DECRETO 57 art 64º: 1/1 válidas
        la Empresa Distribuidora → verificar nuevamente el cumplimiento de las condicio
  [749/1437] DECRETO 57 art 65º: 2/2 válidas
        Las Empresas Distribuidoras → comunicar · plazo: el último día hábil del me
        Las Empresas Distribuidoras → informar
  [750/1437] DECRETO 57 art 67º: 1/1 válidas
        los remanentes no descontados ante → ser incorporados
  [751/1437] DECRETO 57 art 69º: 3/3 válidas
        la Empresa Distribuidora que corre → remitirá
        la Empresa Distribuidora → remitirá · plazo: 10 días antes de la fecha 
  [752/1437] DECRETO 57 art 70º: 1/1 válidas
        Una copia autorizada del respectiv → deberá entregarse
  [753/1437] DECRETO 57 art 72º: 1/1 válidas
        La Empresa Distribuidora → remitir una copia de dicha comunicación y su corresp
  [754/1437] DECRETO 57 art 73º: 1/1 válidas
        el solicitante, el Usuario Final o → presentar una nueva SCR
  [755/1437] DECRETO 57 art 74º: 1/1 válidas
        Las Empresas Distribuidoras → permitir la conexión del Equipamiento de Generación 
  [756/1437] DECRETO 57 art 75º: 3/3 válidas
        La Empresa Distribuidora → informar
        La Empresa Distribuidora → responder
  [757/1437] DECRETO 57 art 76º: 4/4 válidas
        Las Empresas Distribuidoras → no podrán imponer a los Usuarios Finales que deseen 
        Las Empresas Distribuidoras → velar por que la conexión del Equipamiento de Genera
  [758/1437] DECRETO 57 art 77º: 2/2 válidas
        Las Empresas Distribuidoras → poner a disposición
        Las Empresas Distribuidoras → acompañar
  [759/1437] DECRETO 57 art 79º: 1/1 válidas
        Empresa Distribuidora → corrija su respuesta · plazo: 5 días contados desde el r
  [760/1437] DECRETO 57 art 80º: 4/4 válidas
        Los Equipamientos de Generación de → no podrán inyectar sus excedentes de energía a la re
        Los Sistemas de Autogeneración → no podrán inyectar sus excedentes a la red de distri
  [762/1437] DECRETO 61 art primero transitorio: 1/1 válidas
        los pagos de peajes → se deberán efectuar provisionalmente
  [765/1437] DECRETO 62 art 3º: 1/1 válidas
        Los Participantes del Balance de P → deberán estar en condiciones de satisfacer, en cada  · plazo: en cada año
  [766/1437] DECRETO 62 art 4º: 4/4 válidas
        El Coordinador → comunicará · plazo: a más tardar el último día
        El Coordinador → comunicará · plazo: a más tardar el último día
  [767/1437] DECRETO 62 art 5°: 3/3 válidas
        Las reliquidaciones → deberán ser pagadas
        El interés → se entenderá devengado
  [768/1437] DECRETO 62 art 6°: 1/1 válidas
        El Coordinador → realizados
  [769/1437] DECRETO 62 art 7º: 2/2 válidas
        cada Unidad Generadora o sistema d → se le asignará una Potencia de Suficiencia definitiv
        cada Participante del Balance de P → deberá contar con un contrato de suministro
  [770/1437] DECRETO 62 art 8º: 2/4 válidas
        Las empresas que no participen de  → solicitar al Coordinador ser incluidas en las transf
        Las empresas que no participen de  → aportar todos los antecedentes e información que les · plazo: de acuerdo a los plazos se
  [773/1437] DECRETO 62 art 14: 7/7 válidas
        los Participantes del Balance de P → proporcionar
        los Participantes del Balance de P → proporcionar
  [774/1437] DECRETO 62 art 15: 1/1 válidas
        los Participantes del Balance de P → proporcionar
  [775/1437] DECRETO 62 art 20: 1/4 válidas
        el correspondiente Participante de → solicitar · plazo: 15 días corridos
  [776/1437] DECRETO 62 art 22: 6/6 válidas
        El Coordinador → realizará una verificación de la Potencia Máxima
        El Coordinador → realizará la verificación para la central o grupo de
  [777/1437] DECRETO 62 art 23: 1/1 válidas
        Los criterios y condiciones → deberán ser transparentes, no arbitrarios ni discrim
  [778/1437] DECRETO 62 art 24: 1/1 válidas
        para dicha Unidad Generadora o Sis → se deberá emplear
  [779/1437] DECRETO 62 art 25: 3/3 válidas
        El Coordinador → llevar un control estadístico
        El Coordinador → establecer
  [780/1437] DECRETO 62 art 25 bis: 6/6 válidas
        El Coordinador → evaluar la solicitud · plazo: 20 días hábiles contado de
        El Coordinador → verificar · plazo: 20 días hábiles contado de
  [781/1437] DECRETO 62 art 25 quinquies: 6/6 válidas
        El Coordinador → analizar · plazo: mensualmente
        El Coordinador → determinar
  [783/1437] DECRETO 62 art 28: 2/2 válidas
        los respectivos Participantes del  → acreditar
        dichos participantes → contar
  [784/1437] DECRETO 62 art 30: 7/7 válidas
        Las unidades generadoras → declarar capacidad de respaldo
        La declaración de capacidad de res → deberá ser acompañada de una certificación emitida p
  [786/1437] DECRETO 62 art 34 bis: 1/1 válidas
        el Coordinador → calcular su potencia inicial
  [788/1437] DECRETO 62 art 36: 4/4 válidas
        Unidades Generadoras → hacer uso de la información disponible
        La Potencia Inicial → ser determinada
  [789/1437] DECRETO 62 art 37 bis: 1/1 válidas
        propietario de la instalación → declarar
  [791/1437] DECRETO 62 art 44: 1/2 válidas
        Unidades Generadoras que pertenezc → comprobar
  [792/1437] DECRETO 62 art 48: 1/1 válidas
        el caudal afluente de cada unidad  → deberá considerar adecuadamente
  [793/1437] DECRETO 62 art 49: 1/1 válidas
        el Coordinador → utilizar
  [797/1437] DECRETO 62 art 53º bis: 3/3 válidas
        Coordinador → realizar una verificación de su disponibilidad efect · plazo: cada 2 años
        Participante del Balance de Potenc → enviar al Coordinador una actualización de esta disp · plazo: inmediatamente
  [801/1437] DECRETO 62 art 57: 1/1 válidas
        se deberán → utilizar criterios de proporcionalidad
  [802/1437] DECRETO 62 art 58: 2/3 válidas
        Unidades Generadoras y Sistemas de → calcularse
        La potencia transmitida entre subs → ser igual
  [803/1437] DECRETO 62 art 58 bis: 1/1 válidas
        Unidades Generadoras térmicas que  → contar con sistemas de información y comunicación
  [804/1437] DECRETO 62 art 60: 1/1 válidas
        Se deberá verificar → verificar
  [805/1437] DECRETO 62 art 62: 3/3 válidas
        El Coordinador → determinar el Margen de Potencia para cada uno de lo
        El Coordinador → comunicar los Márgenes de Potencia · plazo: en el tiempo y forma que é
  [806/1437] DECRETO 62 art 63 bis: 7/7 válidas
        Comisión → determinar los periodos de control de punta
        Comisión → realizar un informe técnico de periodo de control de · plazo: cada cuatro años
  [807/1437] DECRETO 62 art 64: 1/1 válidas
        El Coordinador → llevar un registro
  [808/1437] DECRETO 62 art 66: 1/1 válidas
        El Coordinador → establecer un balance físico
  [809/1437] DECRETO 62 art 67: 1/2 válidas
        Las empresas propietarias de medio → serán incluidas
  [811/1437] DECRETO 62 art 71: 1/1 válidas
        El precio → serán valorizadas
  [814/1437] DECRETO 62 art 75: 1/1 válidas
        Las empresas con saldo neto negati → pagarán dicha cantidad · plazo: en doce mensualidades, dur
  [815/1437] DECRETO 62 art segundo: 1/1 válidas
        El CDEC → enviar anualmente a la Comisión · plazo: anualmente
  [816/1437] DECRETO 62 art 1 transitorio: 1/1 válidas
        La primera aplicación de DTO 44, E → será realizada
  [817/1437] DECRETO 62 art 5º transitorio: 1/1 válidas
        la DO → determinar · plazo: 90 días después de que se 
  [818/1437] DECRETO 7 art segundo: 2/2 válidas
        El pago de esta cuota correspondie → deberá ser cancelada · plazo: dentro de los quince días 
        Las Direcciones de Peajes del CDEC → deberán calcular
  [819/1437] DECRETO 7 art tercero: 2/2 válidas
        las empresas de subtransmisión → abonar o cargar a los usuarios · plazo: entre el 1º de enero de 20
        Las Direcciones de Peajes del CDEC → calcular las reliquidaciones
  [821/1437] DECRETO 70 art segundo transitorio: 1/1 válidas
        La Comisión Nacional de Energía → publicar · plazo: dentro del primer semestre
  [822/1437] DECRETO 8 art tercero: 2/2 válidas
        las empresas de transmisión tronca → abonar o cargar a los usuarios las diferencias · plazo: por todo el periodo que tr
        Las Direcciones de Peajes del CDEC → calcular las reliquidaciones
  [823/1437] DECRETO 88 art 2º: 3/4 válidas
        Aquellos Medios de generación de p → comunicar · plazo: en un plazo de 48 meses si
        Una vez vencido el plazo de 48 mes → comunicar · plazo: dentro de los 10 días sigu
  [824/1437] DECRETO 88 art 3º: 4/4 válidas
        La Empresa Distribuidora → deberá poner a disposición · plazo: diez días contado desde la
        La Empresa Distribuidora → deberá indicar · plazo: diez días contado desde la
  [825/1437] DECRETO 88 art 4º: 1/1 válidas
        la Empresa Distribuidora → emitir el ICC respectivo · plazo: cuatro meses
  [826/1437] DECRETO 88 art 5º: 6/6 válidas
        Interesados → presentar a la Empresa Distribuidora
        Interesados → presentar · plazo: seis meses
  [827/1437] DECRETO 88 art 6º: 1/1 válidas
        Los Interesados de proyectos PMGD  → presentar · plazo: dentro de los dos meses si
  [828/1437] DECRETO 88 art 8º: 1/1 válidas
        La Empresa Distribuidora o el Inte → deberá considerar
  [830/1437] DECRETO 88 art 12°: 3/3 válidas
        Todo propietario u operador de un  → deberá optar por vender la energía que inyecte al si
        El propietario u operador del MGPE → deberá comunicar la opción a que se hace referencia  · plazo: al menos un mes de antelac
  [831/1437] DECRETO 88 art 13°: 1/1 válidas
        el Coordinador → considerar
  [832/1437] DECRETO 88 art 14°: 10/10 válidas
        El Coordinador → valorizar
        El Coordinador → valorizar
  [833/1437] DECRETO 88 art 14° bis: 1/1 válidas
        Coordinador → garantizar el cumplimiento de la obligación dispuest
  [834/1437] DECRETO 88 art 15º: 1/1 válidas
        el Coordinador → valorizar sus Excedentes de Potencia
  [835/1437] DECRETO 88 art 16º: 1/1 válidas
        El propietario u operador del MGPE → informar
  [836/1437] DECRETO 88 art 17º: 6/6 válidas
        El Ministerio de Energía → fijar
        la Comisión → calcular
  [837/1437] DECRETO 88 art 27º: 5/5 válidas
        Los MGPE → contar con los equipos de medida y facturación sufic
        El propietario u operador de un MG → poner a disposición del Coordinador
  [838/1437] DECRETO 88 art 28º: 3/3 válidas
        Los propietarios u operadores de u → participar de las transferencias de energía y potenc
        el Coordinador → incluir al MGPE en el respectivo balance de transfer
  [839/1437] DECRETO 88 art 29° bis: 4/4 válidas
        Los retiros que el Medio de genera → deberán ser valorizados al costo marginal correspond
        Todos los retiros que realicen de  → deberán ser valorizados de la misma forma que los re
  [841/1437] DECRETO 88 art 32º: 3/3 válidas
        La Empresa Distribuidora → deberá adjuntar
        La Empresa Distribuidora → deberá indicar
  [843/1437] DECRETO 88 art 34º: 1/1 válidas
        La Empresa Distribuidora → poner a disposición · plazo: diez días
  [844/1437] DECRETO 88 art 37º: 2/2 válidas
        Las Empresas Distribuidoras → garantizar el acceso de los PMGD a su red
        La Empresa Distribuidora → priorizar los retiros de los clientes finales por so
  [845/1437] DECRETO 88 art 39º: 1/1 válidas
        un PMGD → contar con el o los equipamientos de medida necesari
  [846/1437] DECRETO 88 art 40º: 1/1 válidas
        La Empresa Distribuidora → remitir copia de las comunicaciones y sus correspond
  [847/1437] DECRETO 88 art 41º: 4/4 válidas
        Los Interesados → informar inmediatamente
        la Empresa Distribuidora → informar · plazo: dentro de los cinco días s
  [848/1437] DECRETO 88 art 42º: 16/17 válidas
        Los procedimientos, metodologías y → serán establecidos
        Dicha norma → establecerá
  [849/1437] DECRETO 88 art 43°: 12/12 válidas
        Todo interesado → presentar
        El interesado → indicar
  [850/1437] DECRETO 88 art 44º: 3/4 válidas
        El cronograma de ejecución del pro → deberá presentarse
        El cronograma de ejecución del pro → deberá contemplar
  [851/1437] DECRETO 88 art 45º: 1/1 válidas
        La señalada devolución → deberá realizarse · plazo: quince días
  [852/1437] DECRETO 88 art 46º: 1/1 válidas
        La Empresa Distribuidora → declarar inadmisible la SCR · plazo: cinco días
  [853/1437] DECRETO 88 art 47º: 2/2 válidas
        El interesado → responder a la solicitud de complementación o rectif · plazo: dentro de los cinco días s
        El Interesado → solicitar a la Empresa Distribuidora que rectifique, · plazo: desde la notificación de l
  [854/1437] DECRETO 88 art 50º: 1/1 válidas
        la Empresa Distribuidora → dar respuesta al Interesado · plazo: quince días
  [855/1437] DECRETO 88 art 51º: 2/2 válidas
        La Empresa Distribuidora → informar un nuevo orden de prelación · plazo: dentro de los cinco días s
        La Empresa Distribuidora → informar · plazo: dentro de los cinco días s
  [856/1437] DECRETO 88 art 52º: 1/1 válidas
        La Empresa Distribuidora → informarle al momento de revisar la SCR inmediatamen
  [857/1437] DECRETO 88 art 53º: 4/4 válidas
        El Interesado → notificar su conformidad con la respuesta a la SCR · plazo: diez días contado desde la
        El Interesado → solicitar una nueva revisión · plazo: diez días contado desde la
  [859/1437] DECRETO 88 art 86º: 3/4 válidas
        la Empresa Distribuidora → clasificar el proyecto PMGD como de impacto no signi · plazo: dentro de los cinco días s
        El Interesado → actualizar el cronograma de ejecución de proyecto · plazo: en un plazo de cinco días 
  [860/1437] DECRETO 88 art 55º: 4/4 válidas
        El interesado → pagar el saldo de lo adeudado
        El Interesado → pagar el saldo de lo adeudado
  [861/1437] DECRETO 88 art 58°: 6/6 válidas
        La Empresa Distribuidora → actualizar o emitir un ICC
        La Empresa Distribuidora → entregar al interesado las versiones finales de esto
  [862/1437] DECRETO 88 art 59°: 10/10 válidas
        La Empresa Distribuidora o del int → Elaboración de los estudios de conexión y obtención  · plazo: dentro del transcurso del 
        la contraparte respectiva → Revisión de los resultados preliminares · plazo: dentro del transcurso del 
  [863/1437] DECRETO 88 art 60°: 2/2 válidas
        PMGD → cumplan con lo establecido en el artículo 86° del pr · plazo: dos meses
        resultados finales de los estudios → estar disponibles · plazo: sexto mes
  [864/1437] DECRETO 88 art 62°: 9/9 válidas
        el interesado → manifestar su conformidad con éste o solicitar a la  · plazo: treinta días
        la Empresa Distribuidora → respondidas por la señalada empresa dentro de los ve · plazo: veinte días
  [865/1437] DECRETO 88 art 63º: 6/6 válidas
        La Empresa Distribuidora → poner a disposición · plazo: quince días
        La Empresa Distribuidora → poner a disposición
  [866/1437] DECRETO 88 art 62º: 1/1 válidas
        El Interesado → informar y acreditar · plazo: a más tardar dentro del me
  [867/1437] DECRETO 88 art 65°: 3/3 válidas
        la Empresa Distribuidora → comunicar · plazo: diez días
        el Interesado → presentar
  [868/1437] DECRETO 88 art 64° bis: 4/4 válidas
        el interesado → solicitar
        el interesado → señalar
  [869/1437] DECRETO 88 art 65º: 1/2 válidas
        El Interesado → presentar · plazo: treinta días
  [870/1437] DECRETO 88 art 66º: 1/1 válidas
        La Comisión → informar · plazo: dentro de los diez días si
  [871/1437] DECRETO 88 art 67°: 1/1 válidas
        el interesado → comunicar
  [872/1437] DECRETO 88 art 68º: 1/1 válidas
        propietarios u operadores de PMGD → presentar
  [873/1437] DECRETO 88 art 69°: 3/3 válidas
        los propietarios u operadores de l → ingresar su solicitud
        los propietarios u operadores de l → subsana las observaciones · plazo: quince días
  [874/1437] DECRETO 88 art 71°: 5/5 válidas
        El propietario u operador de un pr → informar a la Comisión respecto del cumplimento del 
        El propietario u operador → especificar detalladamente aquellas obras cuya ejecu
  [875/1437] DECRETO 88 art 73º: 1/1 válidas
        La instalación de un PMGD → deberá ejecutarse · plazo: durante la vigencia del IC
  [877/1437] DECRETO 88 art 76°: 2/2 válidas
        El propietario u operador del PMGD → realizar la declaración de interconexión de las inst · plazo: una vez concluida la const
        El propietario u operador del PMGD → realizar la declaración de interconexión
  [878/1437] DECRETO 88 art 77°: 2/2 válidas
        El propietario u operador del PMGD → presentar
        El Coordinador → realizar · plazo: treinta días
  [879/1437] DECRETO 88 art 78°: 1/1 válidas
        el propietario u operador del PMGD → presentar · plazo: Dentro del plazo de vigenc
  [880/1437] DECRETO 88 art 79º: 1/1 válidas
        El propietario u operador del PMGD → corregir o complementar · plazo: cinco días
  [882/1437] DECRETO 88 art 81º: 4/4 válidas
        la Empresa Distribuidora → informar · plazo: cinco días
        el Interesado y la Empresa Distrib → fijar de común acuerdo un cronograma de puesta en se
  [883/1437] DECRETO 88 art 82°: 12/12 válidas
        Empresa Distribuidora → efectuar
        Empresa Distribuidora → realizar los Ajustes necesarios
  [884/1437] DECRETO 88 art 83º: 2/2 válidas
        el propietario u operador del PMGD → enviar
        el Coordinador → emitir · plazo: veinte días
  [885/1437] DECRETO 88 art 84º: 2/2 válidas
        el propietario u operador del PMGD → notificar · plazo: dentro de los cinco días s
        el propietario u operador del PMGD → comunicar · plazo: dentro de los cinco días s
  [886/1437] DECRETO 88 art 85º: 3/4 válidas
        La NTCO → establecerá criterios técnicos, metodologías de cálc
        la Empresa Distribuidora → calcular un valor de capacidad instalada y un valor 
  [887/1437] DECRETO 88 art 87°: 2/3 válidas
        La Empresa Distribuidora → monitorear el cumplimiento de las condiciones de ope
        Los PMGD → reportar los registros necesarios para la supervisió · plazo: por los medios y plazos qu
  [888/1437] DECRETO 88 art 88°: 4/5 válidas
        La Empresa Distribuidora → determinar las modificaciones a la red necesarias
        La Empresa Distribuidora → notificar de dicha situación · plazo: en los plazos, formatos y 
  [889/1437] DECRETO 88 art 89°: 6/6 válidas
        Las Empresas Distribuidoras → ejecutar
        Las Empresas Distribuidoras → estimar
  [890/1437] DECRETO 88 art 91º: 1/1 válidas
        La Empresa Distribuidora y el Inte → acordar
  [891/1437] DECRETO 88 art 91° bis: 4/4 válidas
        La Empresa Distribuidora → entregar
        La Empresa Distribuidora → responder · plazo: dentro de los cinco días s
  [892/1437] DECRETO 88 art 92º: 1/1 válidas
        La Empresa Distribuidora → utilizar
  [893/1437] DECRETO 88 art 93°: 4/5 válidas
        El propietario u operador del PMGD → determinar la potencia y energía a inyectar o retira
        El propietario u operador del PMGD → acordar con la Empresa Distribuidora la limitación h
  [894/1437] DECRETO 88 art 94°: 4/4 válidas
        Empresa Distribuidora → operará
        Coordinador → requerir
  [895/1437] DECRETO 88 art 95º: 1/1 válidas
        Todo PMGD → coordinar la operación e intervención de sus instala
  [896/1437] DECRETO 88 art 96°: 4/4 válidas
        Todo PMGD → contar con los medios de comunicación
        Todo PMGD → comunicar toda la información relevante
  [897/1437] DECRETO 88 art 97º: 1/1 válidas
        El Coordinador → suministrar
  [898/1437] DECRETO 88 art 98º: 1/1 válidas
        los propietarios u operadores de l → suministrar
  [899/1437] DECRETO 88 art 99°: 2/2 válidas
        el propietario u operador de un PM → enviar un informe de su operación mensual · plazo: A más tardar, el día 25 de
        los PMGD → enviar al Coordinador y a la Empresa Distribuidora l
  [900/1437] DECRETO 88 art 100º: 2/2 válidas
        El propietario u operador de un PM → informar
        El propietario u operador de un PM → informar
  [901/1437] DECRETO 88 art 101º: 2/2 válidas
        Los propietarios u operadores de P → declarar
        Los propietarios u operadores de P → declarar
  [902/1437] DECRETO 88 art 102°: 4/4 válidas
        el Coordinador → limitar dichas inyecciones
        el Coordinador → limitar las inyecciones
  [903/1437] DECRETO 88 art 104º: 4/4 válidas
        Coordinador → informar anualmente
        propietario u operador del PMGD → informar
  [904/1437] DECRETO 88 art 107º: 1/1 válidas
        El Coordinador → publicar
  [905/1437] DECRETO 88 art 111º: 1/1 válidas
        Todo propietario u operador de un  → coordinar la operación e intervención de sus instala
  [906/1437] DECRETO 88 art 112°: 1/1 válidas
        Todo PMG → contar con los medios de comunicación
  [908/1437] DECRETO 88 art 114º: 1/1 válidas
        El propietario u operador de un PM → acatar
  [909/1437] DECRETO 88 art 115º: 1/1 válidas
        El Coordinador → remitir · plazo: anualmente
  [910/1437] DECRETO 88 art 116º: 1/1 válidas
        los propietarios u operadores de l → suministrar
  [911/1437] DECRETO 88 art 117°: 2/2 válidas
        el propietario u operador de un PM → enviar un informe de su operación mensual · plazo: A más tardar, el día 25 de
        los PMG → enviar al Coordinador los pronósticos de sus inyecci
  [912/1437] DECRETO 88 art 118º: 2/2 válidas
        El propietario u operador de un PM → informar
        El propietario u operador de un PM → informar
  [913/1437] DECRETO 88 art 119º: 2/2 válidas
        Los propietarios u operadores de P → declarar
        Los propietarios u operadores de P → declarar
  [914/1437] DECRETO 88 art 120º: 2/2 válidas
        el Coordinador → limitar dichas inyecciones
        el Coordinador → limitar las inyecciones
  [915/1437] DECRETO 88 art 121º: 1/1 válidas
        La Superintendencia → resolver fundadamente
  [916/1437] DECRETO 88 art 122º: 4/4 válidas
        El reclamo ante la Superintendenci → presentarse · plazo: veinte días
        La solicitud → ser fundada
  [917/1437] DECRETO 900 art 2°: 5/5 válidas
        El Ministerio de Obras Públicas → realizar las actuaciones preparatorias
        El Ministerio de Obras Públicas → resolver la calificación de las postulaciones · plazo: un año
  [918/1437] DECRETO 900 art 22 D: 1/1 válidas
        el Ministerio de Desarrollo Social → emitir
  [919/1437] DECRETO 900 art 101 D: 1/1 válidas
        los proyectos → contar con la aprobación del Ministerio de Hacienda
  [920/1437] DECRETO 900 art 6º bis: 8/8 válidas
        El Ministerio de Obras Públicas → efectuar un llamado a precalificación de licitantes
        El Ministerio de Obras Públicas → comunicar los contenidos adicionales o ajustes que s · plazo: dentro del plazo fijado en
  [922/1437] DECRETO 900 art 8°: 1/1 válidas
        El Ministerio de Obras Públicas → resolver
  [923/1437] DECRETO 900 art 11°: 3/3 válidas
        El concesionario → percibirá como única compensación por los servicios 
        El concesionario → no estará obligado a establecer exenciones en favor 
  [924/1437] DECRETO 900 art 13°: 1/1 válidas
        el concesionario → constituir la garantía de explotación
  [926/1437] DECRETO 900 art 16°: 1/1 válidas
        el concesionario → restablecerlas
  [927/1437] DECRETO 900 art 19: 4/4 válidas
        El Ministerio de Obras Públicas → modificar las características de las obras y servici
        El Ministerio de Obras Públicas → compensar económicamente al concesionario
  [928/1437] DECRETO 900 art 94 D: 5/5 válidas
        el Ministerio de Obras Públicas → modificar las características de las obras y servici
        el Ministerio de Obras Públicas → señalar las razones de interés público debidamente f
  [929/1437] DECRETO 900 art 20: 3/4 válidas
        El Ministerio de Obras Públicas y  → acordar la modificación de las características de la
        Las bases de licitación → establecer el monto máximo de la inversión
  [931/1437] DECRETO 900 art 21°: 4/4 válidas
        las concesionarias → presentar · plazo: mensualmente
        las concesionarias → publicar · plazo: mensualmente
  [932/1437] DECRETO 900 art 22°: 6/6 válidas
        El concesionario → gozará los derechos y obligaciones del beneficiario 
        El concesionario → hacer frente a cuantos desembolsos fueren precisos h
  [933/1437] DECRETO 900 art 23°: 4/5 válidas
        El concesionario → conservar las obras, sus accesos, señalización y ser
        La continuidad de la prestación de → Facilitarlo en condiciones de absoluta normalidad, s
  [934/1437] DECRETO 900 art 24°: 1/1 válidas
        El concesionario → velar por la perfecta aplicación de las normas y reg
  [935/1437] DECRETO 900 art 25°: 3/3 válidas
        Las concesiones → tendrán el plazo de duración que determine el decret · plazo: sin que en ningún caso pue
        El plazo → se computará de acuerdo a lo establecido en las base · plazo: En ningún caso su inicio p
  [936/1437] DECRETO 900 art 28: 6/6 válidas
        El Ministerio de Obras Públicas → solicitar
        El Ministerio de Obras Públicas → designar
  [937/1437] DECRETO 900 art 28 ter: 7/7 válidas
        El decreto supremo → señalará
        El concesionario → tendrá derecho a una indemnización
  [938/1437] DECRETO 900 art 29: 2/3 válidas
        Las bases de licitación → indicar explícitamente los niveles de servicio exigi
        El Ministerio → imponer al concesionario las sanciones y multas que 
  [939/1437] DECRETO 900 art 30 bis: 3/3 válidas
        el Ministerio de Obras Públicas → requerir
        el Ministerio de Obras Públicas → requerir
  [941/1437] DECRETO 900 art 32°: 1/1 válidas
        Las concesiones de bienes de uso p → se otorgarán
  [942/1437] DECRETO 900 art 36 ter: 2/3 válidas
        El concesionario → solicitar la suspensión de los efectos del acto admi
        La Comisión Arbitral → no autorizar o disponer la paralización de la constr · plazo: sesenta días
  [943/1437] DECRETO 900 art 37°: 4/6 válidas
        La Comisión → conocer · plazo: 3 días hábiles
        La Comisión → prorrogar · plazo: igual período
  [944/1437] DECRETO 900 art 38°: 1/4 válidas
        La primera junta ordinaria de acre → pronunciarse
  [945/1437] DECRETO 900 art 1 D: 7/7 válidas
        Las concesionarias de obras viales → crear, implementar, mantener y administrar
        El sitio electrónico unificado → deberá ajustarse a los requerimientos técnicos opera
  [946/1437] DECRETO 900 art 44: 5/5 válidas
        el concesionario de obras viales q → permitir el acceso al Ministerio Público a la inform
        el concesionario de obras viales q → permitir el acceso a las policías, de forma automati
  [947/1437] DFL 12 art 6°: 2/2 válidas
        Comisión Nacional de Energía → traspaso · plazo: ciento veinte días siguien
        Comisión Nacional de Energía → traspaso · plazo: a contar de la fecha en qu
  [948/1437] DFL 12 art Primero: 1/1 válidas
        El Subsecretario de Energía → dar cumplimiento · plazo: ciento veinte días
  [949/1437] DFL 12 art Segundo: 2/2 válidas
        El incremento por desempeño colect → se determinará
        El Subsecretario de Energía → deberá determinar · plazo: dentro de los ciento veint
  [950/1437] DFL 4 art 7: 2/2 válidas
        Las empresas operadoras o propieta → estar constituidas como sociedades anónimas abiertas
        Los propietarios de dichas instala → constituir sociedades de giro de transmisión · plazo: un año
  [951/1437] DFL 4 art 8 bis: 2/2 válidas
        Todo propietario, arrendatario, us → constituir sociedades de giro de generación eléctric
        Todo propietario, arrendatario, us → constituir una sociedad con domicilio en el país
  [952/1437] DFL 4 art 8 ter: 5/5 válidas
        Las empresas concesionarias de ser → constituirse como sociedades anónimas abiertas o cer
        Las empresas concesionarias de ser → sujetarse a las obligaciones de información y public
  [953/1437] DFL 4 art 10: 1/1 válidas
        Los reglamentos → indicarán
  [954/1437] DFL 4 art 10-6: 1/1 válidas
        un sistema eléctrico → cumplir con los requerimientos que exija la regulaci
  [955/1437] DFL 4 art 19: 3/3 válidas
        La Superintendencia → tendrá un plazo de quince días · plazo: quince días
        El solicitante → deberá acompañarlos o complementarlos · plazo: quince días
  [956/1437] DFL 4 art 20: 7/7 válidas
        el solicitante → publicar · plazo: quince días
        el solicitante → comunicar un extracto de la solicitud · plazo: quince días
  [957/1437] DFL 4 art 21: 3/4 válidas
        La Superintendencia → publicar
        La Superintendencia → fijar
  [958/1437] DFL 4 art 25: 8/8 válidas
        El interesado → acreditar · plazo: antes de la emisión del in
        El solicitante → acompañar · plazo: quince días, contado desde
  [959/1437] DFL 4 art 26: 1/1 válidas
        El Ministro de Energía → realizará una licitación pública por los derechos de
  [960/1437] DFL 4 art 27: 3/3 válidas
        el solicitante → poner en conocimiento de los dueños de las propiedad
        el solicitante → entregar un documento informativo elaborado por la S
  [961/1437] DFL 4 art 27 bis: 6/6 válidas
        un extracto de la misma → ser publicado · plazo: Dentro de los quince días 
        El solicitante → comunicar · plazo: dentro del plazo que estab
  [962/1437] DFL 4 art 27 ter: 7/7 válidas
        Los dueños de las propiedades afec → notificados en conformidad al inciso primero del art · plazo: treinta días contado desde
        Los dueños de las propiedades afec → solicitar a la Superintendencia una copia de los pla · plazo: quince días contado desde 
  [963/1437] DFL 4 art 29: 5/5 válidas
        El Ministro de Energía → resolver fundadamente acerca de la solicitud de conc · plazo: quince días contado desde 
        la Superintendencia → dispondrá de sesenta días · plazo: sesenta días, contados des
  [964/1437] DFL 4 art 34: 1/1 válidas
        La construcción de las obras de un → deberá ejecutarse con sujeción a los planos presenta
  [965/1437] DFL 4 art 34 bis: 4/5 válidas
        el concesionario → consignar en la cuenta corriente del tribunal caució · plazo: dentro del plazo de tres d
        el concesionario → consignar dentro de los quince días hábiles siguient · plazo: dentro de los quince días 
  [966/1437] DFL 4 art 35: 1/1 válidas
        Los permisos → solicitarse
  [967/1437] DFL 4 art 39: 2/2 válidas
        concesionario → iniciaren los trabajos · plazo: dentro de los plazos señal
        concesionario → hubiesen ejecutado por lo menos los dos tercios de l · plazo: dentro de los plazos estab
  [968/1437] DFL 4 art 40: 1/1 válidas
        el ex concesionario → levantar y retirar
  [969/1437] DFL 4 art 43: 6/6 válidas
        El Presidente de la República → declarar caducada una concesión de servicio público 
        Esta licitación → verificarse · plazo: un año
  [970/1437] DFL 4 art 47: 3/3 válidas
        El el Ministerio de Energía → deberá tener presente
        El el Ministerio de Energía → deberá propender
  [971/1437] DFL 4 art 52: 1/1 válidas
        Los propietarios de líneas eléctri → permitir el uso de sus postes, torres y otras instal
  [972/1437] DFL 4 art 54: 10/10 válidas
        El propietario del predio atravesa → ejecutar construcciones debajo de ellas
        El dueño de las líneas → varíe su trazado
  [973/1437] DFL 4 art 56: 2/2 válidas
        El dueño del predio sirviente → permitir la entrada de inspectores y trabajadores de
        El dueño del predio sirviente → permitir la entrada de los materiales necesarios par
  [974/1437] DFL 4 art 62: 1/1 válidas
        Las gestiones → deberán iniciarse · plazo: seis meses
  [975/1437] DFL 4 art 63: 12/20 válidas
        Superintendente → designará
        Superintendente → designará
  [976/1437] DFL 4 art 63 bis: 4/4 válidas
        La Superintendencia → llevar un Registro
        La Superintendencia → publicar los nombres de sus integrantes
  [977/1437] DFL 4 art 64: 4/4 válidas
        La comisión tasadora → reunirse
        La comisión tasadora → evacuar el informe · plazo: veinte días
  [978/1437] DFL 4 art 67: 4/5 válidas
        el juez → decretar el auxilio de la fuerza pública
        el juez → ordenar que previamente se notifique al dueño del pr
  [979/1437] DFL 4 art 69: 4/4 válidas
        El dueño del predio sirviente → tendrá derecho a que se le pague
        El dueño del predio sirviente → tendrá derecho a que se le pague
  [980/1437] DFL 4 art 72-1: 3/3 válidas
        El Coordinador → operar directamente
        las empresas que operan estos sist → sujetarse a la programación
  [981/1437] DFL 4 art 72-2: 5/5 válidas
        Todo propietario, arrendatario, us → sujetarse a la coordinación del sistema que efectúe 
        Los Coordinados → proporcionar oportunamente al Coordinador y actualiz
  [983/1437] DFL 4 art 72-4: 1/1 válidas
        El Coordinador → definir procedimientos internos
  [984/1437] DFL 4 art 72-5: 5/5 válidas
        el Coordinador → autorizar la conexión a los sistemas de transmisión  · plazo: dentro de los plazos defin
        el Coordinador → verificando el cumplimiento de los requisitos y exig · plazo: dentro de los plazos defin
  [985/1437] DFL 4 art 72-6: 2/2 válidas
        El Coordinador → exigir
        El Coordinador → instruir
  [986/1437] DFL 4 art 72-7: 9/9 válidas
        Los coordinados → poner a disposición
        el Coordinador → instruir la implementación obligatoria
  [987/1437] DFL 4 art 72-8: 3/3 válidas
        El Coordinador → implementar sistemas de información pública
        El Coordinador → contener, al menos, la siguiente información
  [988/1437] DFL 4 art 72-9: 3/3 válidas
        Los coordinados → presentar · plazo: treinta días contado desde
        El Coordinador → realizar auditorías
  [989/1437] DFL 4 art 72-10: 1/1 válidas
        El Coordinador → monitoreará permanentemente las condiciones de compe
  [990/1437] DFL 4 art 72-11: 2/2 válidas
        Coordinador → adoptar las medidas pertinentes
        Coordinador → informar en tiempo y forma
  [991/1437] DFL 4 art 72-12: 1/1 válidas
        El Coordinador → ser responsable de la coordinación de la operación t
  [992/1437] DFL 4 art 72-13: 6/6 válidas
        el coordinador → efectuar un análisis crítico permanente de su quehac
        el coordinador → analizar y considerar la incorporación de nuevas tec
  [993/1437] DFL 4 art 72-15: 10/10 válidas
        El Coordinador → elaborar reportes periódicos del desempeño del siste
        La elaboración de los reportes → ser al menos anual
  [994/1437] DFL 4 art 72-16: 1/1 válidas
        Superintendencia → fiscalización
  [995/1437] DFL 4 art 72-17: 9/11 válidas
        Los propietarios u operadores de n → presentar una solicitud
        Los titulares de estas instalacion → cumplir cabalmente los plazos informados
  [996/1437] DFL 4 art 72-18: 2/3 válidas
        tratándose de instalaciones del si → su retiro, modificación relevante, desconexión, o el
        Las modificaciones de instalacione → comunicarse por escrito · plazo: treinta días
  [997/1437] DFL 4 art 72-19: 9/9 válidas
        La Comisión → analizar permanentemente los requerimientos normativ
        La Comisión → fijará, mediante resolución exenta, las normas técni
  [1000/1437] DFL 4 art 79: 7/8 válidas
        Los propietarios, arrendatarios, u → no podrán negar el acceso al servicio de transporte 
        Los señalados propietarios, arrend → deberán permitir la conexión a sus instalaciones a q
  [1001/1437] DFL 4 art 80: 8/8 válidas
        Los propietarios, arrendatarios, u → no podrán negar el servicio a ningún interesado cuan
        El o los propietarios, arrendatari → informar al Coordinador todo cambio en el uso estima
  [1002/1437] DFL 4 art 82: 4/4 válidas
        El Ministerio de Energía → otorgar
        El decreto supremo → definir
  [1003/1437] DFL 4 art 83: 4/4 válidas
        El Ministerio de Energía → desarrollar un proceso de planificación energética d · plazo: Cada cinco años
        El Ministerio de Energía → incluir, según corresponda, escenarios de proyección
  [1004/1437] DFL 4 art 84: 3/3 válidas
        el Ministerio → dar inicio al proceso · plazo: Al menos veinticuatro mese
        el Ministerio → emitir un informe preliminar de planificación energé · plazo: Dentro de los ocho meses s
  [1005/1437] DFL 4 art 84 bis: 4/4 válidas
        El Ministerio de Energía → dictar los planes estratégicos de energía para cada 
        Los planes estratégicos de energía → aplicar la evaluación ambiental estratégica
  [1006/1437] DFL 4 art 85: 3/3 válidas
        El Ministerio → identificar
        El Ministerio → elaborar
  [1007/1437] DFL 4 art 86: 2/2 válidas
        Ministerio → elaborará escenarios energéticos posibles para el ho
        Ministerio de Energía → definir dichos escenarios energéticos, incluyendo su · plazo: Antes del vencimiento del 
  [1008/1437] DFL 4 art 87: 2/2 válidas
        Comisión → llevar a cabo un proceso de planificación de la tran
        Ministerio de Energía → remitir a la Comisión · plazo: dentro del primer trimestr
  [1009/1437] DFL 4 art 88: 1/2 válidas
        El Coordinador → informar · plazo: con la periodicidad que de
  [1011/1437] DFL 4 art 90: 5/5 válidas
        La Comisión → abrirá un registro de participación ciudadana
        El reglamento → especificar el procedimiento o trámite a través del 
  [1012/1437] DFL 4 art 91: 13/13 válidas
        El Coordinador → enviar · plazo: Dentro de los primeros qui
        Los proyectos de transmisión prese → contener
  [1013/1437] DFL 4 art 92: 2/2 válidas
        El Ministro de Energía → fijará las obras de ampliación de los sistemas de tr · plazo: quince días
        El Ministro de Energía → fijará las obras nuevas de los sistemas de transmisi · plazo: sesenta días
  [1014/1437] DFL 4 art 93: 10/10 válidas
        El Ministerio → dar inicio al Estudio de Franja
        El Ministerio → someter el estudio preliminar de franja al proceso d
  [1015/1437] DFL 4 art 94: 5/5 válidas
        El Consejo de Ministros para la Su → acordar el uso de la propuesta de franja
        El Ministerio → dictar un decreto exento expedido bajo la fórmula "p
  [1016/1437] DFL 4 art 95: 7/7 válidas
        La Comisión → fijar el valor máximo de las ofertas
        El Coordinador → elaborar las bases y efectuar una licitación pública
  [1017/1437] DFL 4 art 96: 3/3 válidas
        El Coordinador o las empresas prop → resolver la licitación y adjudicarán los derechos de · plazo: sesenta días
        Asimismo, comunicarán → comunicar el resultado de la licitación
  [1018/1437] DFL 4 art 97: 4/4 válidas
        El adjudicatario de los derechos d → someter al sistema de evaluación de impacto ambienta
        El Ministerio → dictar un decreto exento suscrito bajo la fórmula "p
  [1019/1437] DFL 4 art 98: 4/4 válidas
        titular del mismo → solicitar en forma fundada la aprobación del Ministe
        proyecto → sujetarse a lo dispuesto en la ley Nº19.300, sobre B
  [1020/1437] DFL 4 art 99: 7/7 válidas
        El propietario de la obra de ampli → pagar al respectivo adjudicatario
        El propietario de la obra de ampli → recibir como remuneración de dicha obra el V.A.T.T.
  [1021/1437] DFL 4 art 99 bis: 6/6 válidas
        El Ministerio de Energía → disponer que la Comisión elabore una propuesta de ex
        El Ministerio de Energía → disponer la ejecución de las obras de expansión de i
  [1022/1437] DFL 4 art 100: 4/4 válidas
        La Comisión → incorporar
        La Comisión → agrupar
  [1023/1437] DFL 4 art 101: 5/5 válidas
        la Comisión → emitir un informe técnico preliminar · plazo: noventa días corridos
        los participantes y usuarios e ins → presentar sus observaciones · plazo: quince días
  [1025/1437] DFL 4 art 104: 7/7 válidas
        La Comisión → comunicará
        Los participantes y usuarios e ins → realizar observaciones · plazo: veinte días contados desde
  [1026/1437] DFL 4 art 105: 1/1 válidas
        la Comisión → dar inicio al o los estudios de valorización de las  · plazo: Dentro del plazo señalado 
  [1027/1437] DFL 4 art 107: 6/6 válidas
        la Comisión → enviar · plazo: A más tardar veinticuatro 
        los participantes y usuarios e ins → presentar · plazo: dentro del plazo de quince
  [1028/1437] DFL 4 art 108: 4/4 válidas
        Comisión → llamar a licitación pública internacional
        El o los estudios de valorización → ser adjudicados y supervisados
  [1029/1437] DFL 4 art 109: 1/1 válidas
        Las empresas de transmisión nacion → concurrir al pago del o los estudios de valorización
  [1030/1437] DFL 4 art 110: 1/1 válidas
        Los resultados del o los estudios  → especificar y distinguir
  [1031/1437] DFL 4 art 111: 1/1 válidas
        La Comisión → convocará a una audiencia pública · plazo: cinco días
  [1032/1437] DFL 4 art 112: 6/6 válidas
        la Comisión → elaborar un informe técnico preliminar · plazo: tres meses
        la Comisión → comunicar el informe técnico final de valorización d · plazo: veinte días
  [1033/1437] DFL 4 art 113: 3/3 válidas
        las empresas de transmisión → reajustar · plazo: quince días
        las diferencias → abonadas o cargadas · plazo: cálculo semestral
  [1034/1437] DFL 4 art 114: 4/4 válidas
        Las empresas propietarias de las i → percibir anualmente el valor anual de la transmisión
        los propietarios de las instalacio → percibir de los clientes regulados la proporción cor
  [1035/1437] DFL 4 art 114 bis: 2/4 válidas
        el Coordinador → efectuar una reasignación de la componente de ingres
        el Coordinador → Identificar las instalaciones de transmisión que pre
  [1036/1437] DFL 4 art 115: 3/3 válidas
        Los cargos únicos → serán calculados semestralmente · plazo: semestralmente
        Las boletas o facturas a usuarios  → deberán agrupar los cobros por concepto de transmisi
  [1037/1437] DFL 4 art 117: 1/1 válidas
        El Coordinador → realizar todos los cálculos necesarios para la repar
  [1038/1437] DFL 4 art 118: 5/5 válidas
        La Comisión → calcular · plazo: cada cuatro años
        La Comisión → considerar
  [1039/1437] DFL 4 art 119: 3/3 válidas
        la Comisión → licitar un estudio que defina la metodología de cálc · plazo: Antes de cinco meses del p
        la Comisión → emitir un informe técnico con la tasa de descuento
  [1040/1437] DFL 4 art 120: 4/4 válidas
        Los concesionarios de servicio púb → prestar el servicio de transporte, permitiendo el ac
        Quienes transporten electricidad y → pagar al concesionario un peaje igual al valor agreg
  [1041/1437] DFL 4 art 122: 2/2 válidas
        la empresa de transmisión → dar cumplimiento
        la empresa transmisora → notificar
  [1042/1437] DFL 4 art 128: 3/3 válidas
        Las devoluciones → serán pactadas
        La elección de la forma de devoluc → corresponderá
  [1043/1437] DFL 4 art 131: 6/6 válidas
        Las concesionarias de servicio púb → disponer permanentemente del suministro de energía
        Las concesionarias de servicio púb → contar con contratos de suministro
  [1044/1437] DFL 4 art 131 ter: 3/3 válidas
        La Comisión → deberá responder de manera fundada todas las observa · plazo: treinta días
        La Comisión → deberá notificar el referido informe por medios elec
  [1045/1437] DFL 4 art 132: 6/6 válidas
        La Comisión → dispondrá la convocatoria de la licitación
        La Comisión → elaborará las bases de licitación
  [1046/1437] DFL 4 art 133: 3/3 válidas
        Las empresas distribuidoras → contar con el equipamiento de medida necesario que p
        Las empresas eléctricas de distrib → garantizar que la atención al cliente sea proporcion
  [1047/1437] DFL 4 art 134: 14/14 válidas
        Las empresas concesionarias de dis → adjudicar la licitación a aquellas ofertas más econó
        Las empresas concesionarias de dis → comunicar a la Comisión la evaluación y la adjudicac
  [1048/1437] DFL 4 art 135: 1/1 válidas
        La Comisión → fijar
  [1049/1437] DFL 4 art 135 ter: 8/8 válidas
        Las bases de licitación → establecer
        Las bases de licitación → exigir
  [1050/1437] DFL 4 art 135 quáter: 1/1 válidas
        Las distribuidoras → convenir
  [1051/1437] DFL 4 art 135 quinquies: 1/1 válidas
        La Comisión → implementar
  [1052/1437] DFL 4 art 139: 2/2 válidas
        todo concesionario de servicio púb → mantener las instalaciones en buen estado y en condi
        Las instalaciones de energía eléct → encontrarse en iguales condiciones de seguridad
  [1053/1437] DFL 4 art 141: 3/4 válidas
        El concesionario → suspender el suministro · plazo: 45 días
        Tanto los consumidores como los co → acatar las resoluciones
  [1054/1437] DFL 4 art 142: 1/1 válidas
        los concesionarios → adaptar por su cuenta a las nuevas condiciones los m
  [1055/1437] DFL 4 art 143: 2/2 válidas
        Las empresas concesionarias de ser → efectuar · plazo: una vez al año
        Las empresas concesionarias de ser → llevar
  [1056/1437] DFL 4 art 146 bis: 3/3 válidas
        Superintendencia → hacerse parte
        juez → disponer que la notificación al demandado sea coetán
  [1058/1437] DFL 4 art 148: 8/8 válidas
        Los generadores → convenir con éstos, reducciones o aumentos temporale
        Los generadores → ofrecer y/o convenir con los consumidores de menos d
  [1059/1437] DFL 4 art 149: 3/3 válidas
        Los concesionarios de servicio púb → permitir la conexión a sus instalaciones de distribu
        Los concesionarios de servicio púb → ejecutar obras adicionales necesarias para permitir 
  [1060/1437] DFL 4 art 149 ter: 1/1 válidas
        las empresas distribuidoras → informar · plazo: tras cinco años desde el a
  [1061/1437] DFL 4 art 149 quáter: 3/3 válidas
        la respectiva concesionaria de ser → remitirá · plazo: anualmente, y cada vez que
        la respectiva concesionaria de ser → remitirá
  [1062/1437] DFL 4 art 149 quinquies: 2/2 válidas
        Las concesionarias de servicio púb → emitir las facturas
        El Servicio de Impuestos Internos → establecer mediante resolución, la forma y plazo
  [1063/1437] DFL 4 art 150 bis: 9/10 válidas
        Cada empresa eléctrica que efectúe → acreditar
        La empresa eléctrica → acreditar
  [1064/1437] DFL 4 art 151: 6/6 válidas
        La Comisión → calcular los precios máximos
        el Ministerio de Energía → fijar los precios máximos mediante decreto
  [1065/1437] DFL 4 art 157: 5/5 válidas
        Los concesionarios de servicio púb → traspasar
        El reglamento → establecer
  [1066/1437] DFL 4 art 158: 4/4 válidas
        Los concesionarios de servicio púb → pagarán a sus suministradores los niveles de precios
        Los concesionarios de servicio púb → pagarán a sus suministradores los precios del corres
  [1067/1437] DFL 4 art 159: 4/4 válidas
        los precios de nudo → deberán reflejar
        los precios de nudo → se calcularán
  [1068/1437] DFL 4 art 160: 3/3 válidas
        Los precios de nudo de corto plazo → deberán ser fijados · plazo: semestralmente
        Los precios de nudo → se reajustarán
  [1069/1437] DFL 4 art 162: 5/5 válidas
        los precios de nudo de corto plazo → se calcularán
        los costos marginales de energía d → se calculan
  [1070/1437] DFL 4 art 165: 1/1 válidas
        la Comisión → poner en conocimiento · plazo: Dentro de los primeros qui
  [1071/1437] DFL 4 art 166: 4/4 válidas
        Las empresas y entidades, a que se → comunicarán a la Comisión · plazo: en los plazos que se estab
        Cada empresa → informar a la Comisión · plazo: antes del último día de ca
  [1073/1437] DFL 4 art 169: 1/1 válidas
        La Comisión → comunicar
  [1074/1437] DFL 4 art 171: 4/4 válidas
        El Ministro de Energía → fijará los precios de nudo de corto plazo y sus fórm · plazo: dentro de los diez días de
        las empresas eléctricas que sumini → abonar o cargar a las empresas distribuidoras y clie · plazo: por todo el período transc
  [1075/1437] DFL 4 art 172: 2/2 válidas
        la Comisión → calcular y comunicar · plazo: quince días
        Las empresas suministradoras → publicar · plazo: quince días
  [1076/1437] DFL 4 art 173: 3/3 válidas
        La planificación de los sistemas m → deberá propender al desarrollo óptimo de las inversi
        La Comisión → podrá considerar inversiones para transformar genera
  [1077/1437] DFL 4 art 173 bis: 3/3 válidas
        empresa generadora o de sistema de → operarse todas las instalaciones interconectadas en 
        Comité Coordinador → establecer las normas que se requieran para cumplir 
  [1078/1437] DFL 4 art 174: 1/1 válidas
        La Comisión → dirigir y coordinar
  [1079/1437] DFL 4 art 174 bis: 1/1 válidas
        Los planes de expansión de las ins → contemplar
  [1082/1437] DFL 4 art 176 bis: 4/4 válidas
        La Comisión → crear y administrar un registro electrónico
        los promotores de proyectos → presentar los antecedentes y respaldos técnicos, eco
  [1083/1437] DFL 4 art 176 ter: 1/1 válidas
        Las empresas distribuidoras y quie → informar
  [1084/1437] DFL 4 art 176 quáter: 5/5 válidas
        El reglamento → especificar el procedimiento o trámite a través del 
        El reglamento → establecer los medios y la forma en que la Comisión 
  [1085/1437] DFL 4 art 177: 5/5 válidas
        La Comisión → poner en conocimiento · plazo: A más tardar veinticuatro 
        La Comisión → acoger o rechazar fundadamente · plazo: dentro de los quince días 
  [1086/1437] DFL 4 art 177 bis: 5/6 válidas
        La Comisión → realizará el llamado a licitación
        La Comisión → procederá a la adjudicación
  [1087/1437] DFL 4 art 177 ter: 1/1 válidas
        Las empresas que operen en los sis → concurrir al pago del estudio de planificación y tar
  [1088/1437] DFL 4 art 177 quáter: 6/6 válidas
        La empresa adjudicataria del estud → presentará sus resultados
        La empresa adjudicataria del estud → indicará
  [1089/1437] DFL 4 art 177 quinquies: 7/7 válidas
        La Comisión → dispondrá del plazo de tres meses para revisar el es
        La Comisión → deberá remitir, a través de medios electrónicos, el 
  [1090/1437] DFL 4 art 178: 3/3 válidas
        Comisión → remitir · plazo: Dentro de los cinco días s
        Ministro de Energía → fijar · plazo: Dentro de los siguientes t
  [1091/1437] DFL 4 art 179: 1/1 válidas
        Los planes de expansión de los seg → tendrán carácter de obligatorios, y deberán ejecutar · plazo: conforme al tipo, dimensio
  [1092/1437] DFL 4 art 180-1: 3/3 válidas
        El Coordinador → otorgar permiso de conexión
        Las empresas que operen instalacio → permitir la conexión de nuevos proyectos
  [1093/1437] DFL 4 art 180-2: 2/2 válidas
        El Coordinador → otorgar permiso de conexión
        El Panel de Expertos → dictaminar · plazo: quince días hábiles
  [1094/1437] DFL 4 art 180-3: 3/3 válidas
        Toda unidad generadora o sistema d → comunicar por escrito · plazo: seis meses
        En el caso de las instalaciones de → cumplir con la misma obligación
  [1095/1437] DFL 4 art 180-4: 3/3 válidas
        La Comisión → incorporar
        proyectos → incorporar
  [1096/1437] DFL 4 art 180-5: 5/5 válidas
        La Comisión → elaborar un informe técnico
        El Ministerio → dictar el correspondiente decreto bajo la fórmula "p
  [1097/1437] DFL 4 art 180-7: 1/1 válidas
        La Comisión → deberá considerar
  [1098/1437] DFL 4 art 180-8: 4/4 válidas
        Las concesionarias de servicio púb → realizar observaciones de carácter técnico · plazo: quince días
        la Comisión → dar respuesta fundada · plazo: treinta días
  [1099/1437] DFL 4 art 180-9: 6/7 válidas
        La Comisión → elaborar las bases de licitación de suministro
        La Comisión → remitir las bases de licitación de suministro
  [1100/1437] DFL 4 art 180-10: 1/1 válidas
        la Comisión → fijar
  [1101/1437] DFL 4 art 180-11: 5/5 válidas
        Las empresas concesionarias de dis → adjudicar la licitación
        Las empresas concesionarias de dis → comunicar a la Comisión
  [1102/1437] DFL 4 art 180-12: 3/3 válidas
        El total de la energía que deberán → ser igual a la energía efectivamente inyectada por d
        El precio medio que resulte de la  → ser traspasado a los clientes finales de los sistema
  [1103/1437] DFL 4 art 180-13: 1/1 válidas
        Las nuevas plantas de generación c → incorporarse
  [1104/1437] DFL 4 art 182 bis: 2/2 válidas
        La Comisión → deberá licitar un estudio · plazo: antes de los cinco meses d
        La Comisión → emitirá un informe técnico · plazo: Finalizado el estudio seña
  [1105/1437] DFL 4 art 183: 5/6 válidas
        La Comisión → fijará · plazo: dentro de los treinta mese
        La Comisión → abrirá · plazo: dentro de los treinta mese
  [1106/1437] DFL 4 art 185: 6/6 válidas
        La Comisión → estructurará un conjunto de tarifas básicas prelimin
        La Comisión → emitir un informe preliminar
  [1107/1437] DFL 4 art 187: 3/3 válidas
        La Comisión → estructurará fórmulas indexadas
        La Comisión → efectuar un nuevo estudio
  [1108/1437] DFL 4 art 190: 3/3 válidas
        El Ministerio de Energía → fijará las fórmulas tarifarias
        la Comisión → hacer públicos, por un medio electrónico, los conten · plazo: dentro de los treinta días
  [1109/1437] DFL 4 art 191: 2/2 válidas
        las empresas distribuidoras → comunicar los nuevos valores
        las empresas concesionarias de dis → proporcionar toda la información
  [1110/1437] DFL 4 art 191 bis: 1/1 válidas
        Los referidos descuentos → deberán ser contabilizados
  [1111/1437] DFL 4 art 192: 3/3 válidas
        Las empresas distribuidoras → abonar o cargar a la cuenta de los usuarios
        Las reliquidaciones → reajustarse
  [1112/1437] DFL 4 art 194: 4/4 válidas
        El concesionario → presentará
        El concesionario → dará cuenta
  [1113/1437] DFL 4 art 195: 4/4 válidas
        el concesionario → comunicará · plazo: antes del treinta de junio
        la Superintendencia → fijará · plazo: en el plazo de tres meses
  [1114/1437] DFL 4 art 196: 1/1 válidas
        La Superintendencia → establecerá
  [1115/1437] DFL 4 art 203: 1/1 válidas
        Los Alcaldes → informarán · plazo: con un mes de anticipación
  [1116/1437] DFL 4 art 206: 1/1 válidas
        la Comisión → calculará e informará · plazo: por un período de cuatro a
  [1117/1437] DFL 4 art 207: 1/1 válidas
        El Alcalde → informará
  [1118/1437] DFL 4 art 207-2: 5/5 válidas
        Las empresas concesionarias del se → llevar un registro de personas electrodependientes c
        Se registrarán → las personas electrodependientes que cuenten con un 
  [1119/1437] DFL 4 art 207-2 bis: 2/2 válidas
        Las empresas concesionarias → mantener actualizado el registro de clientes electro · plazo: quincenalmente
        Las empresas → habilitar y mantener operativa una línea telefónica  · plazo: permanente
  [1120/1437] DFL 4 art 207-3: 5/5 válidas
        Las empresas concesionarias → implementar, en forma eficaz y oportuna, las mejores
        Las empresas concesionarias → entregar, sin costo para el usuario, un sistema de r
  [1121/1437] DFL 4 art 207-4: 2/2 válidas
        las empresas concesionarias → priorizar el restablecimiento del servicio
        la empresa concesionaria → informar dicha situación · plazo: al menos cinco días hábile
  [1122/1437] DFL 4 art 207-5: 3/3 válidas
        Las empresas concesionarias → descontarán el consumo de energía asociado al funcio
        Las empresas concesionarias → incorporar entre el sistema de conexión central del 
  [1123/1437] DFL 4 art 207-7: 1/1 válidas
        Las empresas concesionarias de dis → instalar · plazo: a más tardar el 1 de marzo
  [1124/1437] DFL 4 art 207-8: 1/1 válidas
        la empresa concesionaria → ofrecer un plan de reprogramación de dicha deuda · plazo: en 24 cuotas mensuales
  [1125/1437] DFL 4 art 209: 10/10 válidas
        El panel de expertos → estar integrado por siete profesionales, cinco de lo
        El Tribunal de Defensa de la Libre → designar
  [1126/1437] DFL 4 art 210: 3/3 válidas
        El secretario abogado → Recibir, registrar y certificar el ingreso de las di
        El secretario abogado → Efectuar el examen de admisibilidad formal de las di
  [1127/1437] DFL 4 art 211: 6/6 válidas
        El Panel → notificar a las partes, a la Comisión y a la Superin · plazo: tercero día
        El Panel → convocar a una sesión especial
  [1128/1437] DFL 4 art 212: 4/4 válidas
        El Panel → presentar · plazo: antes del 30 de septiembre
        El Panel → comprender
  [1129/1437] DFL 4 art 212-2: 7/7 válidas
        El Coordinador → mantener a disposición permanente del público, a tra
        El Coordinador → incorporar a sus sitios electrónicos en forma comple
  [1130/1437] DFL 4 art 212-3: 9/9 válidas
        El Consejo Directivo → representación judicial y extrajudicial del organism
        El Consejo Directivo → delegar parte de sus facultades en los ejecutivos pr
  [1131/1437] DFL 4 art 212-4: 3/3 válidas
        Consejo Directivo → velar por el cumplimento de las funciones del Coordi
        Consejo Directivo → adoptar las medidas que sean necesarias para asegura
  [1132/1437] DFL 4 art 212-5: 2/2 válidas
        El Consejo Directivo → deberá sesionar
        El Consejo Directivo → deberá celebrar
  [1133/1437] DFL 4 art 212-6: 4/4 válidas
        Las personas → renunciar
        El consejero → perder el derecho
  [1134/1437] DFL 4 art 212-7: 5/5 válidas
        El Comité Especial de Nominaciones → estar compuesto por
        La Comisión → establecer
  [1135/1437] DFL 4 art 212-8: 4/4 válidas
        El Director Ejecutivo → deberá ser elegido y removido por el voto favorable 
        El Director Ejecutivo → responde personalmente de la ejecución de los acuerd
  [1136/1437] DFL 4 art 212-9: 11/11 válidas
        El Consejo Directivo → ejerce las funciones que la ley y la normativa eléct
        Los consejeros → actuar en el ejercicio de sus funciones con el cuida
  [1137/1437] DFL 4 art 212-11: 3/5 válidas
        El Consejo Directivo del Coordinad → presentar a la Comisión · plazo: antes del 30 de septiembre
        La Comisión → aprobar · plazo: antes del 19 noviembre de 
  [1138/1437] DFL 4 art 212-12: 1/1 válidas
        Los ingresos → deberán imputarse
  [1139/1437] DFL 4 art 212-13: 6/8 válidas
        Las empresas distribuidoras → informar en las cuentas físicas y digitales la aplic
        Las empresas distribuidoras → señalar expresamente y de forma legible el cargo por
  [1140/1437] DFL 4 art 212-14: 6/6 válidas
        La Tesorería General de la Repúbli → emitir reportes mensuales
        El Fondo → ser objeto de una auditoría externa
  [1141/1437] DFL 4 art 214: 4/4 válidas
        El autor de los hechos que hubiere → reparar
        El autor de los hechos que hubiere → reparar
  [1142/1437] DFL 4 art 219: 1/1 válidas
        Las instalaciones destinadas a la  → ajustarse
  [1143/1437] DFL 4 art 222: 1/1 válidas
        El propietario de las líneas aérea → dar aviso por carta certificada · plazo: diez días
  [1144/1437] DFL 4 art 223: 3/3 válidas
        propietarios → comunicar
        propietarios → cumplir
  [1145/1437] Ley 20776 art 7º: 8/9 válidas
        La Comisión → Analizar técnicamente la estructura y nivel de los p
        La Comisión → Fijar las normas técnicas y de calidad indispensable
  [1146/1437] Ley 20776 art 12: 3/3 válidas
        funcionarios que dispongan de dich → proporcionarlos · plazo: en el más breve plazo
        Las entidades o empresas requerida → exceptuarse de entregar la información solicitada
  [1148/1437] LEY 18045 art 5°: 2/7 válidas
        Los emisores de valores de oferta  → inscribirse en el Registro de Valores
        Los emisores → no estarán obligados a ofrecer los valores inscritos · plazo: un año
  [1150/1437] LEY 18410 art 3°: 11/11 válidas
        Superintendencia de Electricidad y → Otorgar las concesiones provisionales de plantas pro
        Superintendencia de Electricidad y → Emitir informes respecto de las solicitudes de conce
  [1151/1437] LEY 18410 art 1º D: 9/13 válidas
        Superintendente de Electricidad y  → resolver en calidad de árbitro arbitrador
        Superintendente de Electricidad y  → dictar instrucciones relativas a la aplicación de la
  [1152/1437] LEY 18410 art 3º A: 3/3 válidas
        Las personas o empresas → informar · plazo: a más tardar dentro de los
        Las personas o empresas → entregar
  [1153/1437] LEY 18410 art 3º B: 1/1 válidas
        Superintendencia → requerir
  [1154/1437] LEY 18410 art 3º C: 3/3 válidas
        El Superintendente → citara a declarar
        La Superintendencia → pedir declaración por escrito
  [1155/1437] LEY 18410 art 3º D: 2/3 válidas
        Los funcionarios señalados en el i → tendrán libre acceso a las centrales, subestaciones,
        En el ejercicio de su cometido → deberán cumplir las normas y procedimientos de segur
  [1157/1437] LEY 18410 art 6°: 9/9 válidas
        Asesoría jurídica → realizar los estudios e informar respecto de las cue
        Asesoría jurídica → asesorar al Superintendente en todas las materias le
  [1158/1437] LEY 18410 art 7°: 8/9 válidas
        Superintendente → Planificar, organizar, dirigir, coordinar y controla
        Superintendente → Establecer oficinas regionales
  [1159/1437] LEY 18410 art 17: 6/7 válidas
        La Superintendencia → dar lugar a las medidas probatorias que solicite el 
        La Superintendencia → pronunciarse sobre las alegaciones y defensas del im
  [1160/1437] LEY 18410 art 18: 1/2 válidas
        El monto de las multas impuestas p → ser de beneficio fiscal y deberá ser pagado · plazo: diez días, contado desde l
  [1161/1437] LEY 18410 art 19: 4/5 válidas
        La Corte de Apelaciones → dar traslado · plazo: diez días hábiles
        La Superintendencia → formular observaciones · plazo: diez días hábiles
  [1162/1437] LEY 18410 art 20: 1/1 válidas
        La Superintendencia → ordenar su devolución
  [1166/1437] LEY 19496 art 3º bis: 1/1 válidas
        El proveedor → devolverle las sumas abonadas · plazo: cuarenta y cinco días
  [1167/1437] LEY 19613 art 16: 5/5 válidas
        concesionario → compensación
        concesionario → abonar
  [1168/1437] LEY 19613 art 99 bis: 5/5 válidas
        El Ministerio de Economía, Fomento → dictar un decreto de racionamiento
        Las empresas generadoras → pagar a sus clientes distribuidores o finales someti
  [1170/1437] LEY 19657 art 11: 1/1 válidas
        Las solicitudes de concesión de en → deberán contener y acompañar
  [1172/1437] LEY 19657 art 13: 5/5 válidas
        Un extracto de la solicitud de con → deberá ser publicado · plazo: del mes siguiente a la fec
        El mismo aviso destacado → deberá publicarse · plazo: dentro del mes siguiente a
  [1173/1437] LEY 19657 art 15: 1/3 válidas
        el Ministerio de Energía → resolver, otorgándola o denegándola · plazo: cuarenta y cinco días
  [1175/1437] LEY 19657 art 17: 1/4 válidas
        La convocatoria a licitación → deberá publicarse
  [1176/1437] LEY 19657 art 18: 4/5 válidas
        los dueños de los terrenos superfi → formular al Ministerio de Energía las reclamaciones  · plazo: cuarenta y cinco días corr
        El Ministerio de Energía → poner en conocimiento del peticionario las reclamaci · plazo: sesenta días corridos
  [1178/1437] LEY 19657 art 20: 1/1 válidas
        Ministerio de Energía → llevará un catástro público
  [1179/1437] LEY 19657 art 24: 4/4 válidas
        Las concesiones de energía geotérm → ser transferidas a terceros, total o parcialmente
        La transferencia → efectuarse mediante escritura pública
  [1180/1437] LEY 19657 art 25: 1/1 válidas
        Los herederos → comunicar · plazo: sesenta días corridos
  [1181/1437] LEY 19657 art 26: 3/3 válidas
        los predios superficiales donde se → estar sujetos a las siguientes servidumbres
        La constitución de la servidumbre, → se determinarán por acuerdo entre los interesados qu
  [1182/1437] LEY 19657 art 27: 4/4 válidas
        El titular de la concesión de ener → tiene el derecho de aprovechamiento consuntivo y de 
        El concesionario de energía geotér → deberá informar
  [1183/1437] LEY 19657 art 28: 2/2 válidas
        los titulares de ellas → realizar, a su exclusivo cargo, las obras necesarias
        el titular de la concesión de ener → realizar, a su exclusivo cargo, las obras necesarias
  [1184/1437] LEY 19657 art 29: 1/1 válidas
        el titular de la concesión de expl → comunicar
  [1185/1437] LEY 19657 art 32: 4/4 válidas
        El pago de la patente → será anticipado · plazo: en el curso del mes de mar
        El pago de la patente → tendrá un recargo del 10% de su valor más un 5% adic · plazo: Vencido el plazo indicado 
  [1186/1437] LEY 19657 art 33: 1/1 válidas
        El Servicio de Tesorerías → pondrá a disposición · plazo: dentro del mes subsiguient
  [1188/1437] LEY 19657 art 35: 1/1 válidas
        El concesionario de exploración → informar · plazo: anualmente, en el mes de m
  [1189/1437] LEY 19657 art 36: 1/2 válidas
        El Ministerio de Energía → otorgará la prórroga o la denegará fundadamente · plazo: dentro de un plazo que no 
  [1190/1437] LEY 19657 art 37: 1/1 válidas
        El concesionario de explotación → informar · plazo: en el curso del mes de mar
  [1191/1437] LEY 19657 art 38: 1/1 válidas
        los respectivos concesionarios → acordar los procedimientos técnicos de la explotació
  [1192/1437] LEY 19657 art 40: 1/3 válidas
        El juez → conocer y resolver esta solicitud
  [1195/1437] LEY 19882 art primero: 1/1 válidas
        Las personas traspasadas → conservarán
  [1196/1437] LEY 19882 art segundo: 2/2 válidas
        El jefe de servicio → definirá los equipos, unidades o áreas de trabajo y  · plazo: en el curso del primer sem
        El jefe de servicio → suscribirá el convenio de desempeño entre cada servi · plazo: Dentro de este mismo plazo
  [1197/1437] LEY 19882 art 6°: 1/1 válidas
        Los organismos de la administració → proporcionar
  [1199/1437] LEY 19882 art 20 bis: 5/5 válidas
        jefe superior del servicio → informar
        jefe superior del servicio → efectuar · plazo: Dentro de los 30 días ante
  [1200/1437] LEY 20257 art 1° transitorio: 3/3 válidas
        La obligación contemplada en el ar → regirá · plazo: a contar del 1 de enero de
        El cumplimiento de la obligación r → deberá efectuarse
  [1201/1437] LEY 20257 art 2 D: 1/1 válidas
        las empresas eléctricas → efectúen retiros
  [1202/1437] LEY 20257 art 4° transitorio: 1/1 válidas
        Las empresas eléctricas → acreditar
  [1203/1437] LEY 20365 art 3º: 3/4 válidas
        La empresa constructora → presentar al Municipio
        La empresa constructora → presentar
  [1204/1437] LEY 20365 art 6º: 1/1 válidas
        Las empresas constructoras → informar
  [1205/1437] LEY 20365 art 8º: 1/1 válidas
        El propietario primer vendedor de  → deberá responder por los daños y perjuicios que prov
  [1206/1437] LEY 20365 art 11: 2/4 válidas
        Comisión Nacional de Energía → informará · plazo: Durante el primer semestre
        Ministerio de Energía → publicará · plazo: en el mes de diciembre del
  [1207/1437] LEY 20365 art 13: 6/7 válidas
        La Superintendencia de Electricida → coordinar
        El Ministerio de la Vivienda y Urb → establecer
  [1208/1437] LEY 20365 art 14: 1/1 válidas
        Presidente de la República → establezca un mecanismo destinado al financiamiento 
  [1209/1437] LEY 20402 art 10: 5/5 válidas
        La Superintendencia → fiscalizará el debido cumplimiento de las funciones 
        Los productos, máquinas, instrumen → no podrán comercializarse en el país sin contar con 
  [1210/1437] LEY 20402 art primero: 11/11 válidas
        Presidente de la República → establecer
        Presidente de la República → establecer
  [1211/1437] LEY 20402 art segundo: 9/9 válidas
        El Presidente de la República → conformará el presupuesto de la Subsecretaría de Ene
        El Presidente de la República → traspasará a la primera los fondos correspondientes 
  [1212/1437] LEY 20402 art cuarto: 7/7 válidas
        la Comisión Nacional de Energía, r → participen en la formación y constitución de una per
        estos organismos → participen en la disolución y liquidación de dicha e
  [1213/1437] LEY 20410 art 3º: 4/4 válidas
        Los funcionarios autorizados → enviarán una constancia de la misma por medio de arc
        El Director de la Unidad de Admini → comunicará la constancia al infractor
  [1214/1437] LEY 20410 art primero transitorio: 4/4 válidas
        los concesionarios → opten · plazo: tres meses
        los concesionarios → optar · plazo: tres meses
  [1215/1437] LEY 20416 art Tercero: 8/8 válidas
        El Ministerio de Economía, Fomento → impulsar el desarrollo de las empresas de menor tama
        La Subsecretaría de Economía, Fome → generar coordinaciones para que, en conjunto con los
  [1216/1437] LEY 20416 art Cuarto: 8/8 válidas
        El Consejo → asesorar al Ministerio de Economía, Fomento y Recons
        El Consejo → proponer al Ministerio de Economía, Fomento y Recons
  [1217/1437] LEY 20416 art Quinto: 3/3 válidas
        Todos los ministerios u organismos → deberán mantener a disposición permanente del públic
        Todos los ministerios u organismos → deberán informar
  [1218/1437] LEY 20416 art Sexto: 1/1 válidas
        Los servicios públicos → deberán mantener publicados
  [1219/1437] LEY 20416 art Séptimo: 3/3 válidas
        Los servicios públicos → otorgar permisos provisorios
        Los servicios públicos → otorgar permisos provisorios
  [1220/1437] LEY 20416 art Octavo: 6/6 válidas
        El titular o representante legal d → declarar voluntariamente
        La autoridad → eximir de la aplicación de las multas respectivas
  [1222/1437] LEY 20416 art 3º: 2/2 válidas
        las empresas representadas por las → ser notificadas
        las empresas representadas por las → manifestar su voluntad · plazo: treinta días contado desde
  [1223/1437] LEY 20416 art 7º: 1/1 válidas
        la autoridad competente → deberá considerar
  [1224/1437] LEY 20416 art 8º: 3/3 válidas
        el organismo fiscalizador competen → emitirá las resoluciones y dictará las instrucciones · plazo: dentro del cual deberán da
        Los organismos públicos competente → velarán por el cumplimiento
  [1225/1437] LEY 20416 art 4°: 4/5 válidas
        El Superintendente → señalar
        Toda empresa deudora → elegir
  [1226/1437] LEY 20416 art 5°: 1/1 válidas
        Un reglamento suscrito por los Min → complementará la regulación sobre el sistema volunta
  [1228/1437] LEY 20416 art 8°: 3/3 válidas
        el asesor excluido del registro → entregar · plazo: de inmediato
        la Superintendencia → dar a conocer · plazo: inmediatamente
  [1229/1437] LEY 20416 art 10: 1/1 válidas
        Todo asesor → mantener una garantía de fiel desempeño de su activi
  [1230/1437] LEY 20416 art 11: 5/5 válidas
        El asesor → no podrá actuar directa o indirectamente en gestione
        El asesor → no podrá actuar directa o indirectamente en gestione
  [1231/1437] LEY 20416 art 15: 7/8 válidas
        Superintendencia → Llevar un registro de asesores
        Superintendencia → Fiscalizar las actuaciones de los asesores
  [1232/1437] LEY 20416 art 16: 4/4 válidas
        La persona que se encuentre en cua → presentar
        Si se tratare de una persona juríd → acompañar
  [1233/1437] LEY 20416 art 17: 9/9 válidas
        el asesor → aceptar la nominación formalmente
        el asesor → comunicarle este hecho a la Superintendencia
  [1234/1437] LEY 20416 art 19: 3/3 válidas
        el deudor → presentar
        el deudor → presentar
  [1235/1437] LEY 20416 art 22: 6/6 válidas
        El asesor → llevar a cabo un estudio de la situación económica, 
        El asesor → señalar el giro de los negocios del deudor, las caus
  [1236/1437] LEY 20416 art 23: 6/7 válidas
        el asesor → citara a los acreedores y al deudor
        el asesor → exponer la situación del deudor
  [1237/1437] LEY 20416 art 24: 7/7 válidas
        Los acuerdos → deben ser protocolizados · plazo: dentro del plazo de la sus
        El acuerdo → debe indicar la o las personas legitimadas para enaj · plazo: una vez extinguido el plaz
  [1238/1437] LEY 20416 art 26: 1/1 válidas
        El Fisco → pagará
  [1239/1437] LEY 20416 art 27: 2/2 válidas
        El Servicio de Impuestos Internos → informar · plazo: cada 30 de junio
        cada contribuyente → entregar
  [1240/1437] LEY 20571 art 149 ter: 4/4 válidas
        la concesionaria de servicio públi → remitir
        la concesionaria de servicio públi → remitir · plazo: anualmente
  [1241/1437] LEY 20571 art 149 quinquies: 2/2 válidas
        Las concesionarias de servicio púb → emitir las facturas
        El Servicio de Impuestos Internos → establecer mediante resolución, la forma y plazo
  [1242/1437] LEY 20586 art único: 1/1 válidas
        Los certificados de aprobación emi → deberán acreditar
  [1243/1437] LEY 20698 art 2º: 11/13 válidas
        la obligación aludida en el inciso → ser del 5% · plazo: para los años 2010 a 2014
        la obligación aludida en el inciso → aumentándose en el 0,5% anual · plazo: a partir del año 2015
  [1244/1437] LEY 20701 art único: 5/5 válidas
        El otorgamiento de las concesiones → no eximirá
        La Superintendencia → tendrá un plazo de quince días · plazo: quince días
  [1245/1437] LEY 20720 art 3º: 3/3 válidas
        Los jueces titulares y secretarios → deberán estar capacitados en derecho concursal
        Cada Corte de Apelaciones → adoptará las medidas pertinentes
  [1246/1437] LEY 20720 art 4º: 3/3 válidas
        Las resoluciones judiciales → serán susceptibles de los recursos que siguen
        deberá interponerse → interponerse · plazo: tres días
  [1247/1437] LEY 20720 art 6º: 2/4 válidas
        Veedor, el Liquidador o la Superin → realizar notificaciones · plazo: dentro de los dos días sig
        Superintendencia → establecer la forma de efectuar las publicaciones, l
  [1248/1437] LEY 20776 art 3º: 1/1 válidas
        El personal a contrata de la Subse → no podrán exceder del 14% en el caso de la Subsecret
  [1249/1437] LEY 20776 art tercero: 1/1 válidas
        Subsecretaría de Energía → disponer de los bienes inventariables, muebles · plazo: Durante el año 2014
  [1250/1437] LEY 20805 art segundo: 1/1 válidas
        se deberá dictar un reglamento → dictar un reglamento · plazo: noventa días
  [1251/1437] LEY 20886 art 2º: 3/4 válidas
        Todas las actuaciones del proceso → se registrarán y conservarán íntegramente y en orden
        Los sistemas informáticos de trami → deberán ser actualizados
  [1252/1437] LEY 20886 art 3º: 7/7 válidas
        Los jueces, auxiliares de la admin → utilizar y a registrar en el sistema informático tod
        Para el registro de las resolucion → aplicar adecuadamente las nomenclaturas pertinentes,
  [1253/1437] LEY 20886 art 4º: 3/3 válidas
        Los jueces y los demás funcionario → serán personalmente responsables de la firma electró
        Las resoluciones suscritas por los → no requerirán de la firma ni de la autorización del 
  [1254/1437] LEY 20886 art 6º: 4/5 válidas
        Los documentos cuyo formato origin → presentarse materialmente en el tribunal
        Los documentos y títulos ejecutivo → acompañarse con una copia en formato digital
  [1255/1437] LEY 20886 art 7º: 3/5 válidas
        Si el patrocinio se otorgare por f → ratificarse ante el ministro de fe del tribunal por 
        Si el mandato se otorgare por firm → ratificarse por el mandante y el mandatario de confo
  [1256/1437] LEY 20886 art 9º: 4/4 válidas
        los receptores judiciales → registrarse en el sistema de tramitación electrónica
        Los receptores → agregar a la carpeta electrónica un testimonio dando · plazo: dentro de los dos días háb
  [1257/1437] LEY 20886 art 10: 4/4 válidas
        Los exhortos que se dirijan entre  → ser remitidos, diligenciados y devueltos
        Toda carta rogatoria nacional → ser derivada
  [1258/1437] LEY 20886 art 13: 3/6 válidas
        Los secretarios de los tribunales  → llevarán electrónicamente un registro público de int
        Los secretarios → estarán a cargo de la confección de los siguientes r
  [1259/1437] LEY 20897 art 2º: 2/4 válidas
        Los titulares o propietarios de la → consignar la caución
        La celebración de actos o contrato → cumplir con las exigencias
  [1260/1437] LEY 20897 art 3º: 2/2 válidas
        La Empresa → deberá dar estricto cumplimiento
        La Empresa → deberá velar
  [1261/1437] LEY 20928 art primero: 1/1 válidas
        el Ministro de Energía → dictar bajo la fórmula "por orden del Presidente de 
  [1262/1437] LEY 20936 art primero: 7/7 válidas
        La Comisión → establecer · plazo: dentro del primer mes de p
        La Comisión → prestar
  [1263/1437] LEY 20936 art segundo: 4/4 válidas
        La Comisión → velar por el uso eficiente de los recursos consignad
        El Consejo Directivo → revisar dicho presupuesto y efectuar los ajustes cor
  [1264/1437] LEY 20936 art tercero: 2/2 válidas
        El cargo único por servicio públic → deberá ser incorporado
        El Panel → enviar · plazo: a más tardar el 30 de juni
  [1265/1437] LEY 20936 art cuarto: 1/1 válidas
        Las personas que al momento de su  → renunciar
  [1266/1437] LEY 20936 art sexto: 4/4 válidas
        los CDEC → ceder
        Cualquier donación → no deberá sujetarse
  [1267/1437] LEY 20999 art 29 ter: 8/8 válidas
        la empresa original → transferir sus instalaciones muebles que estén dentr
        la empresa original → desconectarlas y retirarlas · plazo: en los plazos y condicione
  [1268/1437] LEY 20999 art 33 ter: 8/8 válidas
        Las empresas concesionarias → informar · plazo: antes del 31 de marzo de c
        Las empresas concesionarias → presentar
  [1269/1437] LEY 20999 art 39: 1/1 válidas
        El cambio a un régimen de libertad → deberá ser comunicado · plazo: seis meses
  [1270/1437] LEY 20999 art 40: 1/1 válidas
        la empresa concesionaria respectiv → proporcionar
  [1271/1437] LEY 20999 art 3: 5/5 válidas
        los propietarios de las instalacio → inscribirlas
        el nuevo propietario → registrar dicho evento
  [1272/1437] LEY 20999 art segundo: 1/1 válidas
        la Comisión Nacional de Energía → dar inicio al proceso de tarificación del servicio d · plazo: sesenta días
  [1273/1437] LEY 20999 art tercero: 3/3 válidas
        la Comisión → emitir los informes técnicos preliminares · plazo: 31 de julio de 2017
        las empresas concesionarias → informar a la Comisión · plazo: 31 de enero de 2017
  [1274/1437] LEY 20999 art sexto: 1/1 válidas
        las empresas concesionarias → informar
  [1275/1437] LEY 20999 art séptimo: 1/1 válidas
        las empresas concesionarias → informar
  [1276/1437] LEY 20999 art duodécimo: 6/6 válidas
        La Comisión → verificará
        La Comisión → determinará
  [1277/1437] LEY 20999 art decimotercero: 5/5 válidas
        La Comisión → verificará
        La Comisión → determinará
  [1278/1437] LEY 21044 art 22 ter: 3/3 válidas
        El Director General de Concesiones → Presentar al Ministro de Obras Públicas · plazo: dentro del primer trimestr
        El Director General de Concesiones → Presentar al Ministro de Obras Públicas · plazo: dentro del primer trimestr
  [1280/1437] LEY 21044 art 4: 1/1 válidas
        El Ministro de Obras Públicas → determinar el monto para cada uno de los funcionario · plazo: anualmente
  [1281/1437] LEY 21044 art primero: 1/1 válidas
        La Dirección General de Concesione → comunicarlo
  [1282/1437] LEY 21044 art segundo: 3/3 válidas
        El Presidente de la República → nombrar · plazo: un año
        El primer nombramiento de los carg → realizarse · plazo: un año
  [1283/1437] LEY 21044 art tercero: 11/11 válidas
        Presidente de la República → establezca · plazo: seis meses, contado desde 
        Presidente de la República → determinar
  [1284/1437] LEY 21044 art cuarto: 6/6 válidas
        El personal que a la fecha de inic → puede optar a modificar su calidad jurídica de honor
        El personal señalado en el inciso  → cumplir con los requisitos respectivos y dar su cons
  [1285/1437] LEY 21076 art primero: 1/1 válidas
        la concesionaria del servicio públ → asumir íntegramente el costo del retiro o desmantela
  [1286/1437] LEY 21083 art 88 bis: 9/9 válidas
        Al Ministerio de Transportes y Tel → definir y regular la confección, entrega, condicione
        el o los Ministerios → emitir instrumentos o mecanismos que permitan el uso
  [1287/1437] LEY 21083 art 88 ter: 5/6 válidas
        Carabineros de Chile, los inspecto → retener o solicitar la inutilización del instrumento
        Carabineros de Chile, los inspecto → consignar los datos de la persona que, sin ser el ti
  [1288/1437] LEY 21083 art 2°: 2/2 válidas
        El Secretario del Tribunal → individualizará a los infractores sancionados que no · plazo: cada dos meses
        La Tesorería Municipal → informará al "Registro de Pasajeros Infractores" ese · plazo: dentro de los sesenta días
  [1289/1437] LEY 21083 art segundo: 3/3 válidas
        El Ministerio de Transportes y Tel → deberán ser ejercidas
        El referido ministerio → contrate
  [1290/1437] LEY 21118 art primero: 1/1 válidas
        la concesionaria → remitir
  [1291/1437] LEY 21118 art tercero: 1/1 válidas
        Ministerio de Energía → evaluar la implementación y aplicación de este cuerp · plazo: Durante el tercer año desd
  [1292/1437] LEY 21118 art cuarto: 1/1 válidas
        se → dictar · plazo: ocho meses
  [1293/1437] LEY 21194 art tercero: 1/1 válidas
        Las bases técnicas y administrativ → deberán comunicarse · plazo: veinte días hábiles
  [1294/1437] LEY 21194 art quinto: 1/1 válidas
        la Comisión Nacional de Energía → definir
  [1295/1437] LEY 21194 art sexto: 7/7 válidas
        El Panel de Expertos → resolver · plazo: veinte días
        La Comisión → dictar la resolución · plazo: diez días
  [1296/1437] LEY 21194 art séptimo: 1/2 válidas
        Las empresas titulares de concesio → dar cumplimiento a las obligaciones establecidas en  · plazo: a más tardar el 1 de enero
  [1297/1437] LEY 21194 art octavo: 1/1 válidas
        El Presidente de la República → enviar · plazo: Dentro de los seis meses s
  [1298/1437] LEY 21194 art décimo: 3/3 válidas
        Ministerio de Energía → informar · plazo: 31 de marzo de 2021
        Comisión Nacional de Energía → emitir una resolución exenta · plazo: Dentro de los doce meses s
  [1299/1437] LEY 21304 art 207: 5/5 válidas
        Las empresas concesionarias del se → llevar un registro de personas electrodependientes c
        Se → registrarán las personas electrodependientes que cue
  [1300/1437] LEY 21305 art 2°: 11/11 válidas
        El Ministro de Energía → establecer
        todas aquellas empresas que hayan  → reportar
  [1301/1437] LEY 21305 art 3°: 6/6 válidas
        Las viviendas, edificios de uso pú → deberán contar con una calificación energética
        El Director de Obras → deberá dejar constancia en el permiso de edificación
  [1302/1437] LEY 21305 art 4°: 7/7 válidas
        El Registro → regirá
        El Ministerio de Vivienda y Urbani → establecerán
  [1303/1437] LEY 21305 art 5°: 9/9 válidas
        Las municipalidades, gobiernos reg → velar por el buen uso de la energía en los inmuebles
        Las municipalidades, gobiernos reg → reportar al Ministerio de Energía los consumos de to
  [1304/1437] LEY 21305 art 7°: 4/4 válidas
        El Ministerio de Energía → fijar estándares de eficiencia energética · plazo: veinticuatro meses desde s
        El Ministerio de Transportes y Tel → fiscalizar el cumplimiento de los estándares de efic · plazo: Anualmente
  [1305/1437] LEY 21305 art primero: 3/3 válidas
        El Ministerio de Energía → someter al Consejo de Ministros para la Sustentabili · plazo: dieciocho meses
        El Plan referido en el inciso prec → establecer una meta de reducción de la intensidad en
  [1306/1437] LEY 21305 art segundo: 4/4 válidas
        El Ministro de Energía → dictar el decreto supremo · plazo: seis meses
        El Ministerio de Energía → dictar el reglamento · plazo: doce meses
  [1307/1437] LEY 21472 art 1: 1/1 válidas
        Las empresas distribuidoras → informar
  [1309/1437] LEY 21472 art 3: 2/3 válidas
        las concesionarias de servicio púb → traspasar
        la distribuidora → identificar
  [1310/1437] LEY 21472 art 4: 1/1 válidas
        la empresa de distribución → determinar el Beneficio a Cliente Final
  [1311/1437] LEY 21472 art 5: 3/3 válidas
        Comisión Nacional de Energía → contabilizar
        Superintendencia de Electricidad y → emitir
  [1313/1437] LEY 21472 art 7: 3/4 válidas
        las concesionarias de servicio púb → pagar · plazo: A partir de la publicación
        las distribuidoras → informar
  [1314/1437] LEY 21472 art 10: 2/3 válidas
        Las concesionarias de distribución → transferir el monto de dinero recaudado con ocasión 
        Las concesionarias de distribución → transferir · plazo: en la fecha que el documen
  [1315/1437] LEY 21472 art 13: 2/2 válidas
        La Comisión Nacional de Energía → establecerá las reglas necesarias para la implementa
        el Coordinador → establecerá un procedimiento interno que determine l
  [1316/1437] LEY 21472 art 15: 3/3 válidas
        Los clientes sometidos a regulació → opten por cambiar al régimen de precios libres · plazo: a partir de la vigencia de
        los clientes libres sujetos a peaj → financiar la Componente NT del Cargo MPC
  [1317/1437] LEY 21472 art 16: 3/4 válidas
        la empresa de distribución → exceptuar del cobro
        la empresa distribuidora → verificarlos · plazo: en la periodicidad que est
  [1318/1437] LEY 21472 art 17: 1/1 válidas
        El Ministerio de Energía → presentar · plazo: cada seis meses desde la p
  [1319/1437] LEY 21472 art primero: 1/1 válidas
        Ministerio de Hacienda → dictar el reglamento · plazo: seis meses contado desde l
  [1320/1437] LEY 21472 art cuarto: 1/1 válidas
        Ministerio de Hacienda → efectuará un aporte · plazo: durante el año 2022
  [1321/1437] LEY 21472 art séptimo: 1/1 válidas
        el Ministerio de Energía y la Teso → remitir · plazo: Semestralmente
  [1322/1437] LEY 21499 art 3: 5/7 válidas
        El Ministerio → establecerá, mediante resolución exenta, las especif
        El Ministerio → considerar normas chilenas u otras normas internacio
  [1323/1437] LEY 21499 art 4: 1/1 válidas
        Los Centros de Procesamiento de Bi → inscribirse
  [1324/1437] LEY 21499 art 5: 2/2 válidas
        Los Centros de Procesamiento de Bi → sujetarse a una certificación realizada por un Organ
        Los Centros de Procesamiento de Bi → exhibir en un lugar visible al público el sello de c
  [1325/1437] LEY 21499 art 6: 1/1 válidas
        Los conductores de los vehículos m → exhibir
  [1326/1437] LEY 21499 art 11: 4/4 válidas
        La Superintendencia → requerir
        La Superintendencia → emitir
  [1327/1437] LEY 21499 art 14: 1/1 válidas
        La Superintendencia → implementar y administrar
  [1328/1437] LEY 21499 art 17: 5/5 válidas
        La Superintendencia → sancionar
        Las sanciones → deberán ser proporcionales
  [1329/1437] LEY 21499 art 20: 3/3 válidas
        El Ministerio → elaborará un Plan Nacional para la Modernización del
        El Ministerio → abrirá un proceso de participación ciudadana
  [1330/1437] LEY 21499 art primero: 1/1 válidas
        se → dictar · plazo: diez meses
  [1331/1437] LEY 21499 art segundo: 1/1 válidas
        La Superintendencia de Electricida → establecerá los requisitos · plazo: seis meses contado desde l
  [1332/1437] LEY 21667 art primero: 3/3 válidas
        La Tesorería General de la Repúbli → destinar los recursos del Fondo de Estabilización de
        La Tesorería General de la Repúbli → realizar el pago de los saldos adeudados en represen
  [1333/1437] LEY 21667 art segundo: 12/12 válidas
        Comisión Nacional de Energía → emitirá el informe técnico preliminar · plazo: quince días contado desde 
        empresas suministradoras y distrib → realizar observaciones al informe técnico preliminar · plazo: cinco días contado desde s
  [1334/1437] LEY 21667 art sexto: 3/3 válidas
        el Ministerio de Hacienda → realizará aportes anuales · plazo: Durante los años 2024, 202
        el Ministerio de Energía → remitirán · plazo: Durante la vigencia del su
  [1335/1437] LEY 21711 art único: 1/1 válidas
        Los aprovechamientos someros que h → deberán inscribirse
  [1336/1437] LEY 21711 art cuarto: 1/1 válidas
        El Ministerio de Energía → informar anualmente los resultados de la implementac · plazo: a más tardar el último día
  [1337/1437] LEY 21750 art único: 1/1 válidas
        El concesionario de obras viales → deberá adoptar medidas de protección y seguridad al 
  [1338/1437] LEY 21755 art 2: 2/2 válidas
        entidades emisoras de tarjetas de  → reportar
        se → reportar
  [1339/1437] LEY 21755 art 10: 4/4 válidas
        el contribuyente → presentar ante el municipio respectivo · plazo: sesenta días antes del pla
        el contribuyente → suscrito por el contribuyente
  [1340/1437] LEY 21755 art 12: 1/1 válidas
        La Subsecretaría de Educación → determinará el momento a partir del cual se reconoce
  [1341/1437] LEY 21755 art 13: 5/5 válidas
        Secretarías Regionales Ministerial → autorizar el funcionamiento excepcional de determina
        Secretarías Regionales Ministerial → recibir y tramitar estas solicitudes
  [1342/1437] LEY 21755 art 16: 1/1 válidas
        el Presidente del tribunal → autorizadas
  [1344/1437] LEY 21755 art 21: 3/3 válidas
        Los Servicios de Vivienda y Urbani → recepcionar · plazo: dentro del plazo de seis m
        Los Servicios de Vivienda y Urbani → informar · plazo: antes de iniciar su constr
  [1345/1437] LEY 21755 art 22: 3/3 válidas
        el cual → deberá ocurrir · plazo: dentro del tercer año cont
        el cual → deberá ocurrir · plazo: dentro del tercer año cont
  [1346/1437] LEY 21755 art 31: 1/1 válidas
        El reglamento → dictarse · plazo: seis meses
  [1348/1437] LEY 21770 art 8: 7/7 válidas
        Los órganos sectoriales → elaborarán, de oficio o a requerimiento de la Oficin
        El órgano sectorial → analizará cada autorización según las tipologías est
  [1349/1437] LEY 21770 art 10: 4/4 válidas
        El contenido de los avisos y decla → serán establecidos
        El reglamento → determinará
  [1350/1437] LEY 21770 art 11: 3/3 válidas
        La presentación de los avisos y la → se realizará
        El certificado → se entenderá emitido · plazo: a más tardar el día siguie
  [1351/1437] LEY 21770 art 14: 2/2 válidas
        Toda solicitud de iniciación de un → se presentará de forma digital
        Dichos formularios → deberán estar disponibles
  [1352/1437] LEY 21770 art 16: 4/4 válidas
        El órgano sectorial → requerir fundadamente a la persona solicitante la pr
        El órgano sectorial → citación del precepto que exige la información o fun
  [1353/1437] LEY 21770 art 17: 4/4 válidas
        El órgano sectorial → resolver el término anticipado del procedimiento
        La resolución que disponga el térm → dictarse dentro de la primera mitad del plazo total 
  [1354/1437] LEY 21770 art 18: 4/4 válidas
        Los órganos de la Administración c → evacuarlo · plazo: veinte días contado desde 
        El órgano requirente → ampliar el plazo para evacuar el informe · plazo: por una sola vez
  [1355/1437] LEY 21770 art 26: 7/7 válidas
        Los órganos sectoriales, sus autor → resolver las solicitudes de autorización · plazo: dentro del plazo máximo es
        Los órganos sectoriales, sus autor → evacuar los informes · plazo: dentro del plazo otorgado 
  [1356/1437] LEY 21770 art 27: 4/4 válidas
        la autoridad o jefatura superior d → resolver las solicitudes de autorización · plazo: máximo
        la Contraloría General de la Repúb → aplicar la sanción
  [1357/1437] LEY 21770 art 30: 5/5 válidas
        Los órganos sectoriales o los mini → reconocer a profesionales y entidades técnicamente i
        Los órganos sectoriales o los mini → contar con un registro público de profesionales o en
  [1358/1437] LEY 21770 art 32: 8/9 válidas
        Los reglamentos que se dicten en c → deberán considerar, al menos
        Los profesionales como las entidad → deberán tener al menos cinco años de experiencia com
  [1359/1437] LEY 21770 art 35: 9/9 válidas
        El respectivo órgano → tomar directamente conocimiento de los hechos
        Las denuncias → contener una descripción de los hechos concretos que
  [1360/1437] LEY 21770 art 36: 1/4 válidas
        el órgano o ministerio sectorial c → examinar el mérito de los antecedentes
  [1361/1437] LEY 21770 art 37: 4/4 válidas
        La resolución → ser fundada y resolver todas las cuestiones plantead
        La resolución final → dictarse · plazo: treinta días
  [1363/1437] LEY 21770 art 40: 8/8 válidas
        la Oficina → velar por el correcto funcionamiento del Sistema par
        la Oficina → promover la incorporación en la regulación sectorial
  [1364/1437] LEY 21770 art 45: 2/2 válidas
        El personal de la Oficina → guardar absoluta reserva y secreto
        El personal de la Oficina → comunicación que el personal de la Oficina sostenga 
  [1365/1437] LEY 21770 art 49: 6/6 válidas
        la Oficina → convocar · plazo: al menos una vez al año
        El Comité → definir
  [1366/1437] LEY 21770 art 51: 4/4 válidas
        La Oficina → prestar
        La Jefatura de la Oficina → actuar
  [1367/1437] LEY 21770 art 52: 5/5 válidas
        La Oficina → se coordinará
        La Oficina → deberá adoptar
  [1368/1437] LEY 21770 art 54: 20/20 válidas
        la plataforma digital → deberá incluir, como mínimo, los siguientes contenid
        la plataforma digital → deberá asegurar a las personas que participen como i
  [1369/1437] LEY 21770 art 57: 4/5 válidas
        El acceso, uso y funcionamiento de → se sujetará
        el Ministro o la Ministra de Hacie → suscrito
  [1370/1437] LEY 21770 art 58: 4/4 válidas
        El Sistema de Información Unificad → dispondrá de un canal reservado para recibir reclamo
        La Oficina de Autorizaciones Secto → elaborará trimestralmente, con fines informativos y  · plazo: trimestralmente
  [1371/1437] LEY 21770 art 61: 3/3 válidas
        Los órganos sectoriales → examinar
        El órgano sectorial → proponer
  [1372/1437] LEY 21770 art 62: 3/3 válidas
        La Oficina de Autorizaciones Secto → establecerá los lineamientos
        La Oficina → identificará anualmente
  [1373/1437] LEY 21770 art 63: 5/5 válidas
        El órgano sectorial → elaborar un informe
        El órgano sectorial → determinar justificadamente y con precisión los caso
  [1374/1437] LEY 21770 art 64: 1/1 válidas
        Los órganos → evacuar el informe · plazo: treinta días corridos
  [1375/1437] LEY 21770 art 65: 1/1 válidas
        La Oficina → elaborará un Reporte para la Modernización de Autori
  [1376/1437] LEY 21770 art 66: 3/3 válidas
        La Oficina → someterá dicha medida a consulta ciudadana · plazo: hasta treinta días corrido
        La Oficina → establecer los mecanismos que aseguren la participac · plazo: no exceda el plazo estable
  [1377/1437] LEY 21770 art 67: 4/4 válidas
        El Comité → definirá o actualizará
        El Comité → justificar
  [1378/1437] LEY 21770 art 68: 3/3 válidas
        Los ministerios u órganos sectoria → impulsar las modificaciones normativas e implementar
        el ministerio u órgano sectorial c → justificarlo
  [1379/1437] LEY 21770 art 69: 2/2 válidas
        El ministerio respectivo → remite directamente
        El ministerio → sintetizará
  [1380/1437] LEY 21770 art 70: 1/1 válidas
        las asociaciones de municipalidade → remitirán
  [1381/1437] LEY 21770 art 72: 1/1 válidas
        El ministerio de origen → comunicar
  [1382/1437] LEY 21770 art 73: 4/4 válidas
        La Oficina de Autorizaciones Secto → evaluará cada cinco años los resultados de la implem · plazo: cada cinco años
        La Oficina de Autorizaciones Secto → elaborará un informe
  [1383/1437] LEY 21770 art 74: 6/6 válidas
        La Oficina de Autorizaciones Secto → deberá convocar
        La Oficina → deberá informar
  [1384/1437] LEY 21770 art 75: 1/1 válidas
        Un reglamento establecido por decr → establecerá los requisitos para la postulación de in
  [1385/1437] LEY 21770 art 76: 3/3 válidas
        Las personas titulares de las inic → acompañar a la solicitud correspondiente una declara
        El órgano sectorial competente → comunicar al solicitante
  [1386/1437] LEY 21770 art 77: 1/1 válidas
        el órgano sectorial → resolver conforme a las disposiciones vigentes a la 
  [1387/1437] LEY 21770 art 78: 8/8 válidas
        El Ministerio → Reconocer profesionales y entidades técnicas
        El Ministerio → Establecer, a través de un reglamento, los supuestos
  [1388/1437] LEY 21770 art 83: 6/6 válidas
        El Ministerio → consultará
        El Ministerio → solicitará
  [1389/1437] LEY 21770 art 84: 2/2 válidas
        Revisar → Revisar
        Contratar → Contratar
  [1390/1437] LEY 21770 art 86: 3/6 válidas
        el interesado → publicarlo · plazo: siete días
        los postulantes → entregar · plazo: sesenta días
  [1391/1437] LEY 21770 art 87: 8/8 válidas
        Ministerio de Vivienda y Urbanismo → especificar en la Ordenanza General de Urbanismo y C
        Ministerio → solicitar a la Oficina de Autorizaciones Sectoriales
  [1392/1437] LEY 21770 art 89: 4/6 válidas
        El solicitante → presentar
        El solicitante → acompañar
  [1393/1437] LEY 21770 art 90: 1/1 válidas
        Los Servicios de Vivienda y Urbani → inspeccionar, certificar y recepcionar
  [1394/1437] LEY 21770 art 91: 6/6 válidas
        El Ministerio → consultará a los órganos sectoriales dependientes o 
        El Ministerio → solicitará a la Oficina de Autorizaciones Sectoriale
  [1395/1437] LEY 21770 art 92: 6/6 válidas
        La Superintendencia → Revisar la regulación aplicable a los proyectos o ac
        La Superintendencia → Revisar que las autorizaciones que sean de su compet
  [1396/1437] LEY 21770 art 93: 3/3 válidas
        Comisión Chilena de Energía Nuclea → Revisar la regulación aplicable a los proyectos o ac
        Comisión Chilena de Energía Nuclea → Contratar a profesionales y entidades técnicamente i
  [1397/1437] LEY 21770 art 94: 10/10 válidas
        El solicitante → acompañarlos o complementarlos · plazo: quince días
        El solicitante → acompañarlos o complementarlos · plazo: quince días
  [1398/1437] LEY 21770 art 96: 4/4 válidas
        El diagnóstico y las propuestas re → serán presentadas
        Contratar a profesionales y entida → contratar
  [1399/1437] LEY 21770 art 98: 6/6 válidas
        El Ministerio → consultar
        El Ministerio → solicitar
  [1400/1437] LEY 21770 art 100: 9/9 válidas
        Ministerio de Transportes y Teleco → Establecer a través de un reglamento los supuestos d
        Ministerio → consultar a los órganos sectoriales dependientes o r
  [1401/1437] LEY 21770 art 101: 4/4 válidas
        Revisar → Revisar
        Revisar → Revisar
  [1402/1437] LEY 21770 art 102: 3/3 válidas
        El titular → presentar
        El titular → presentar
  [1403/1437] LEY 21770 art 104: 6/6 válidas
        Corporación Nacional de Desarrollo → Revisar la regulación aplicable a los proyectos o ac
        Corporación Nacional de Desarrollo → Revisar que las autorizaciones que sean de su compet
  [1404/1437] LEY 21770 art 105: 2/2 válidas
        El diagnóstico y las propuestas re → serán presentadas
        El registro que disponga → deberá mantenerse actualizado y publicado
  [1405/1437] LEY 21770 art 107: 4/4 válidas
        Revisar → Revisar
        El diagnóstico y las propuestas re → presentadas
  [1406/1437] LEY 21770 art 109: 5/5 válidas
        Revisar la regulación aplicable a  → Revisar la regulación aplicable a los proyectos o ac
        En el ejercicio de esta función de → revisar que las autorizaciones que sean de su compet
  [1407/1437] LEY 21770 art 110: 6/6 válidas
        El Ministerio → consultará
        El Ministerio → solicitará
  [1408/1437] LEY 21770 art 112: 9/9 válidas
        El Ministerio → Establecer a través de un reglamento los supuestos d
        El Ministerio → consultará a los órganos sectoriales dependientes o 
  [1409/1437] LEY 21770 art 114: 1/1 válidas
        El titular → suscriba una declaración jurada
  [1410/1437] LEY 21770 art 115: 3/3 válidas
        La Comisión → resolver las solicitudes para autorizar el emplazami · plazo: doscientos cuarenta días h
        La Comisión → resolver las demás solicitudes a las que se refiere  · plazo: ciento veinte días hábiles
  [1411/1437] LEY 21770 art 118: 3/4 válidas
        Dirección General de Aeronáutica C → Revisará la regulación aplicable a los proyectos o a
        Dirección General de Aeronáutica C → propondrá, cuando corresponda, su eliminación o reem
  [1412/1437] LEY 21770 art 120: 2/2 válidas
        las propuestas de programas de mej → deberán considerar
        las propuestas de convenios de des → deberán considerar
  [1413/1437] LEY 21770 art 121: 1/1 válidas
        la proposición → contener metas asociadas al cumplimiento de los plaz
  [1414/1437] LEY 21770 art segundo: 3/4 válidas
        el Ministerio de Economía, Fomento → remitirá · plazo: un mes contado desde la pu
        el Ministerio de Economía, Fomento → determinará · plazo: cuatro meses contado desde
  [1415/1437] LEY 21770 art tercero: 15/15 válidas
        Presidente o la Presidenta de la R → establezca mediante uno o más decretos con fuerza de · plazo: un año
        Presidente o la Presidenta de la R → Fijar la fecha en que la Oficina de Autorizaciones S · plazo: un año
  [1416/1437] LEY 21770 art séptimo: 1/1 válidas
        Dicho reglamento → dictarse · plazo: un año contado desde la pu
  [1417/1437] LEY 21770 art noveno: 1/1 válidas
        El Presidente o la Presidenta de l → nombrar a quien ejerza por primera vez la jefatura d · plazo: un año
  [1418/1437] LEY 21770 art décimo: 2/2 válidas
        El Título VI → entrará en vigencia · plazo: el primer día del mes subs
        El referido reglamento → deberá dictarse · plazo: en el plazo de nueve meses
  [1419/1437] LEY 21770 art undécimo: 3/3 válidas
        Los órganos sectoriales que cuente → disponer los medios electrónicos para la presentació
        Los órganos sectoriales que cuente → proporcionará a la persona solicitante un certificad
  [1420/1437] RESOLUCIÓN 149 art segundo: 1/1 válidas
        Coordinador Independiente del Sist → publicar · plazo: 2024
  [1421/1437] RESOLUCIÓN 237 art tercero: 1/1 válidas
        La presente resolución → deberá estar disponible · plazo: a más tardar el día hábil 
  [1422/1437] RESOLUCIÓN 583 art segundo: 1/1 válidas
        La presente resolución → deberá estar disponible · plazo: a más tardar el día hábil 
  [1424/1437] RESOLUCIÓN 711 art 4°: 1/1 válidas
        La Planificación de la Transmisión → deberá considerar
  [1425/1437] RESOLUCIÓN 711 art 5°: 6/6 válidas
        La Planificación de la Transmisión → deberá considerar
        La Planificación de la Transmisión → deberá realizarse considerando
  [1426/1437] RESOLUCIÓN 711 art 6°: 1/1 válidas
        El proceso de planificación → contemplar
  [1428/1437] RESOLUCIÓN 711 art 8°: 1/1 válidas
        La Comisión → considerar
  [1429/1437] RESOLUCIÓN 711 art 9°: 1/1 válidas
        el Ministerio → remitir · plazo: dentro del primer trimestr
  [1430/1437] RESOLUCIÓN 711 art 10°: 1/1 válidas
        la Comisión → individualizarla
  [1431/1437] RESOLUCIÓN 711 art 12°: 1/1 válidas
        La Planificación de la Transmisión → deberá considerar
  [1432/1437] RESOLUCIÓN 711 art 14°: 2/2 válidas
        la Comisión → aplicar la metodología
        la Comisión → utilizar la información y los antecedentes
  [1434/1437] RESOLUCIÓN 711 art 16°: 5/5 válidas
        El proceso de planificación → se iniciará con una etapa de Análisis Preliminar
        se procederá → a realizar un Análisis de Suficiencia
  [1435/1437] RESOLUCIÓN 711 art 24°: 5/5 válidas
        Las expansiones de instalaciones p → no podrán degradar el desempeño de las instalaciones
        Las expansiones de instalaciones p → deberán considerar los costos asociados y/o los even
  [1436/1437] RESOLUCIÓN 711 art 26°: 7/7 válidas
        La Comisión → considerará en la Planificación de la Transmisión lo
        La Comisión → incorporar en la planificación de la transmisión, co
  [1437/1437] RESOLUCIÓN 711 art tercero: 1/1 válidas
        La presente resolución → deberá estar disponible · plazo: a más tarde el día hábil s

=== propuestas 4102 · VÁLIDAS 3914 · descartadas 188 GUARDADAS ===
   descartadas por evidencia no es cita literal: 126
   descartadas por sujeto no aparece: 47
   descartadas por plazo inventado: 15
