artículos candidatos: 429
  [1/429] DECRETO 10 art 6: 1/1 válidas
        La Comisión → determinar cuatrienalmente el conjunto de instalacio · plazo: cuatrienalmente
  [3/429] DECRETO 10 art 8: 4/4 válidas
        La Comisión → incorporar
        La Comisión → incorporar
  [4/429] DECRETO 10 art 9: 2/2 válidas
        la Comisión → incorporará · plazo: dentro de los primeros cin
        la Comisión → incorporar · plazo: dentro del mismo plazo
  [5/429] DECRETO 10 art 11: 1/1 válidas
        la Comisión → agrupar una o más áreas territoriales para conformar · plazo: por tres periodos tarifari
  [6/429] DECRETO 10 art 12: 1/1 válidas
        la Comisión → definir
  [7/429] DECRETO 10 art 13: 1/1 válidas
        el Coordinador → remitir · plazo: veintisiete meses antes de
  [8/429] DECRETO 10 art 14: 1/1 válidas
        la Comisión → emitir y comunicar · plazo: Dentro de los noventa días
  [9/429] DECRETO 10 art 16: 2/3 válidas
        los Participantes y los Usuarios e → presentar sus discrepancias · plazo: diez días
        la Comisión → aprobar el Informe de Calificación definitivo con la · plazo: quince días
  [12/429] DECRETO 10 art 21: 5/5 válidas
        La Comisión → realizará una revisión y estudio
        La Comisión → identificar
  [13/429] DECRETO 10 art 22: 1/1 válidas
        La Comisión → calificar
  [17/429] DECRETO 10 art 32: 5/5 válidas
        La Comisión → compararlo
        La Comisión → comprobar si se produce un aumento de un 10%
  [19/429] DECRETO 10 art 34: 4/4 válidas
        La Comisión → calificará los Tramos de Transporte
        La Comisión → detallar
  [20/429] DECRETO 10 art 35: 1/1 válidas
        La Comisión → realizar el señalado ejercicio de prescindencia
  [21/429] DECRETO 10 art 36: 4/4 válidas
        la Comisión → identificará
        la Comisión → determinará
  [22/429] DECRETO 10 art 38: 1/1 válidas
        La Comisión → aplicar
  [23/429] DECRETO 10 art 40: 1/1 válidas
        La Comisión → calificar
  [24/429] DECRETO 10 art 41: 1/1 válidas
        La Comisión → efectuar un análisis
  [25/429] DECRETO 10 art 42: 1/1 válidas
        La Comisión → considerar e identificar
  [28/429] DECRETO 10 art 47: 3/3 válidas
        La Comisión → deberá utilizar
        La Comisión → determinará
  [29/429] DECRETO 10 art 49: 5/5 válidas
        El C.O.M.A. → se determinará
        A partir del C.O.M.A. total de la  → se determinarán las asignaciones asociadas a cada Tr
  [30/429] DECRETO 10 art 52: 9/9 válidas
        La Comisión → valorizar
        La Comisión → remunerar
  [31/429] DECRETO 10 art 53: 5/5 válidas
        El V.A.T.T. → se aplicará · plazo: veinte años
        estas instalaciones → deberán ser valorizadas · plazo: transcurridos los cuales
  [32/429] DECRETO 10 art 54: 1/1 válidas
        Los Estudios de Valorización → calcular el V.A.T.T. · plazo: dentro del siguiente perio
  [33/429] DECRETO 10 art 58: 1/1 válidas
        La Comisión → comunicará · plazo: a más tardar, seis meses a
  [34/429] DECRETO 10 art 59: 1/1 válidas
        los Participantes y los Usuarios e → realizar observaciones · plazo: veinte días
  [35/429] DECRETO 10 art 60: 4/4 válidas
        los Participantes y los Usuarios e → presentar sus discrepancias · plazo: diez días contados desde l
        El Panel → resolver las discrepancias · plazo: veinte días contados desde
  [36/429] DECRETO 10 art 61: 5/5 válidas
        La Comisión → establecerá las categorías de elementos de transmisi
        La Comisión → establecer un conjunto de vidas útiles estándares y 
  [37/429] DECRETO 10 art 62: 1/1 válidas
        La Comisión → calcular · plazo: cada cuatro años
  [39/429] DECRETO 10 art 66: 1/1 válidas
        La información nacional o internac → deberá permitir
  [40/429] DECRETO 10 art 67: 3/3 válidas
        la Comisión → licitar un estudio · plazo: Antes de cinco meses del p
        la Comisión → emitir un informe técnico
  [41/429] DECRETO 10 art 68: 5/5 válidas
        La valorización de las instalacion → deberá incluir en su V.I. el valor correspondiente a
        Para las instalaciones de transmis → el valor referido en el inciso anterior corresponder
  [42/429] DECRETO 10 art 69: 1/1 válidas
        los Coordinados → presentar · plazo: treinta días contado desde
  [43/429] DECRETO 10 art 76: 1/1 válidas
        El Coordinador → calcular el V.A.T.T.
  [44/429] DECRETO 10 art 77: 3/3 válidas
        El Coordinador → asignar
        La Comisión → deducir
  [45/429] DECRETO 10 art 78: 1/1 válidas
        el Coordinador → utilizar · plazo: A contar del informe del C
  [46/429] DECRETO 10 art 79: 1/1 válidas
        las diferencias encontradas en las → ajustarse
  [47/429] DECRETO 10 art 81: 1/1 válidas
        La Comisión → dar inicio al o los Estudios de Valorización · plazo: veinticuatro meses antes d
  [48/429] DECRETO 10 art 82: 3/3 válidas
        Las Bases técnicas preliminares → deberán contener
        Las Bases técnicas preliminares → deberán indicar
  [51/429] DECRETO 10 art 85: 1/1 válidas
        Los proponentes → presentar garantías de seriedad de la Propuesta
  [52/429] DECRETO 10 art 86: 1/1 válidas
        Las Bases → establecerán
  [53/429] DECRETO 10 art 87: 1/1 válidas
        Las garantías entregadas por los p → deberán ser emitidas
  [54/429] DECRETO 10 art 88: 3/3 válidas
        los Participantes y los Usuarios e → presentar sus observaciones · plazo: quince días
        la Comisión → comunicar las Bases definitivas · plazo: quince días
  [55/429] DECRETO 10 art 89: 2/2 válidas
        El Panel → emitir su dictamen · plazo: treinta días contados desd
        La Comisión → formalizar las Bases definitivas · plazo: quince días
  [56/429] DECRETO 10 art 91: 1/1 válidas
        El consultor → dar respuesta
  [57/429] DECRETO 10 art 95: 8/10 válidas
        La designación del representante d → se realizará directamente por el Ministro de Energía
        La designación de los demás integr → se realizará de común acuerdo por los miembros de su
  [58/429] DECRETO 10 art 96: 1/1 válidas
        Comisión → publicarse
  [59/429] DECRETO 10 art 97: 1/1 válidas
        Los representantes que formen part → dejar de pertenecer, por cualquier circunstancia, a 
  [60/429] DECRETO 10 art 98: 1/1 válidas
        se → proceder
  [61/429] DECRETO 10 art 100: 1/1 válidas
        El Comité → designar un secretario de actas
  [62/429] DECRETO 10 art 101: 5/6 válidas
        La primera sesión del Comité → deberá realizarse · plazo: veinte días
        El Comité → deberá establecer
  [63/429] DECRETO 10 art 104: 15/15 válidas
        Comité → adjudicar
        Comité → supervisar
  [64/429] DECRETO 10 art 105: 2/2 válidas
        El Comité → adjudicar el o los Estudios de Valorización · plazo: veinte días contados desde
        La Comisión → formalizar la adjudicación del o los Estudios de Val · plazo: tres días siguientes a la 
  [65/429] DECRETO 10 art 106: 1/1 válidas
        El proponente que resulte adjudica → suscribirá con la Comisión el respectivo contrato
  [66/429] DECRETO 10 art 107: 1/1 válidas
        El contrato → se deberá suscribir · plazo: dentro de los veinte días 
  [67/429] DECRETO 10 art 109: 1/1 válidas
        El o los Estudios de Valorización → deberán realizarse · plazo: ocho meses
  [68/429] DECRETO 10 art 110: 3/3 válidas
        Las empresas de los Sistemas de Tr → concurrir al pago del o los Estudios de Valorización
        el Coordinador → determinar e informar las proporciones · plazo: quince días
  [69/429] DECRETO 10 art 111: 1/1 válidas
        la Comisión → fijar el monto definitivo a pagar por las empresas · plazo: Dentro de los diez días si
  [70/429] DECRETO 10 art 112: 3/3 válidas
        Las empresas de los Sistemas de Tr → depositar · plazo: diez días contado desde la
        La Comisión → informar · plazo: con anterioridad a la fech
  [71/429] DECRETO 10 art 114: 1/1 válidas
        Los resultados del o los Estudios  → especificar y distinguir
  [72/429] DECRETO 10 art 115: 5/5 válidas
        La Comisión → convocará a los Participantes y a los Usuarios e Ins · plazo: cinco días
        La Comisión → señalará el lugar, hora y fecha en la que ésta se re
  [73/429] DECRETO 10 art 118: 1/1 válidas
        la Comisión → publicará · plazo: Dentro de los tres días si
  [74/429] DECRETO 10 art 119: 1/1 válidas
        la Comisión → elaborar un Informe Técnico de Valorización prelimin · plazo: tres meses
  [75/429] DECRETO 10 art 123: 2/2 válidas
        la Comisión → remitir · plazo: dentro de los tres días si
        la Comisión → remitir · plazo: veinte días desde la comun
  [76/429] DECRETO 10 art 126: 1/1 válidas
        las diferencias → deberán ser abonadas o cargadas · plazo: con ocasión del cálculo se
  [77/429] DECRETO 10 art 128: 1/1 válidas
        Los abonos o cargos → deberán ser incorporados
  [78/429] DECRETO 10 art 129: 1/1 válidas
        Coordinador → establecer los pagos
  [79/429] DECRETO 10 art 130: 1/1 válidas
        La Comisión → resguardar que no se conformen dobles pagos
  [80/429] DECRETO 10 art 132: 1/1 válidas
        La Comisión → enviar un informe técnico preliminar · plazo: treinta días
  [81/429] DECRETO 10 art 135: 3/3 válidas
        Las Empresas Transmisoras de las i → percibir anualmente el V.A.T.T. correspondiente a ca · plazo: anualmente
        los propietarios de las instalacio → percibir de los clientes regulados la proporción cor
  [82/429] DECRETO 10 art 136: 5/5 válidas
        El transporte por sistemas dedicad → se regirá
        El pago por uso → se deberá calcular
  [84/429] DECRETO 10 art 143: 1/1 válidas
        La Comisión → calcular · plazo: a más tardar el 20 de juni
  [85/429] DECRETO 10 art 144: 5/5 válidas
        la Comisión → emitir una versión preliminar del informe técnico de · plazo: a más tardar el 20 de mayo
        la Comisión → publicar el informe
  [86/429] DECRETO 10 art 145: 2/2 válidas
        Los cargos únicos por uso → serán recaudados
        Las boletas o facturas a usuarios  → deberán agrupar los cobros por concepto de transmisi
  [87/429] DECRETO 10 art 146: 2/2 válidas
        los suministradores → efectuar los cobros · plazo: Mensual o bimestralmente
        los suministradores → efectuar los cobros · plazo: mensualmente
  [88/429] DECRETO 10 art 147: 2/2 válidas
        Los montos facturados por los resp → ser traspasados
        los suministradores → informar · plazo: a más tardar el día 25 de 
  [89/429] DECRETO 10 art 148: 2/2 válidas
        el Coordinador → calculará los Ingresos Tarifarios Reales de cada Tra · plazo: Mensualmente
        el Coordinador → calcular un costo marginal en el límite fronterizo
  [90/429] DECRETO 10 art 149: 1/1 válidas
        El Coordinador → enviar · plazo: a más tardar el día 25 de 
  [91/429] DECRETO 10 art 150: 3/3 válidas
        El Coordinador → calcular las prorratas asignables a cada generador q
        El Coordinador → referir las capacidades instaladas de generación a l
  [93/429] DECRETO 10 art 155: 3/4 válidas
        Los ajustes a los cargos únicos → deberán considerar
        Las diferencias señaladas preceden → serán determinadas · plazo: con ocasión del envío de i
  [94/429] DECRETO 10 art 156: 1/1 válidas
        El Coordinador → efectuar una reasignación
  [95/429] DECRETO 10 art 158: 3/3 válidas
        el Coordinador → Identificar
        el Coordinador → Cuantificar y diferenciar
  [96/429] DECRETO 10 art 159: 5/5 válidas
        El Coordinador → establecerá mensualmente los periodos en que se haya · plazo: mensualmente
        El Coordinador → calcular los niveles normales referenciales de ingre
  [97/429] DECRETO 10 art 162: 1/1 válidas
        El monto total → deberá ser asignado
  [99/429] DECRETO 10 art 164: 1/1 válidas
        El Coordinador → realizar todos los cálculos necesarios para la repar
  [100/429] DECRETO 10 art 165: 6/6 válidas
        El Coordinador → efectuar una revisión de los ingresos asignados a ca
        El Coordinador → informar los resultados de la revisión · plazo: dentro de los primeros cin
  [101/429] DECRETO 10 art segundo: 1/1 válidas
        La Comisión → considerar
  [103/429] DECRETO 14 art primero: 1/1 válidas
        Las centrales generadoras y las em → deberán pagar
  [104/429] DECRETO 14 art quinto: 1/1 válidas
        Los peajes → deberán ser incorporados
  [106/429] DECRETO 262 art 4: 16/16 válidas
        El Sitio Electrónico Unificado de  → Asegurar su compatibilidad y correcto funcionamiento
        El Sitio Electrónico Unificado de  → ser responsivo, es decir, que se adapte eficientemen
  [107/429] DECRETO 262 art 5: 4/4 válidas
        El Sitio Electrónico Unificado de  → considerar mecanismos de soporte técnico integral y 
        El Sitio Electrónico Unificado de  → habilitar canales de comunicación ininterrumpida
  [108/429] DECRETO 262 art 6: 1/1 válidas
        Las Sociedades Concesionarias → actualizar · plazo: cada tres días hábiles
  [109/429] DECRETO 262 art 9: 3/3 válidas
        Cada Sociedad Concesionaria → otorgar acceso
        Cada Sociedad Concesionaria → otorgar acceso
  [110/429] DECRETO 262 art 10: 1/1 válidas
        El Sitio Electrónico Unificado de  → deberá contar con
  [111/429] DECRETO 262 art 11: 4/4 válidas
        El Sitio Electrónico Unificado de  → incorporará funcionalidades restringidas y accesible
        En las Bases de Licitación Sitio E → establecerá un procedimiento para la creación de cre
  [112/429] DECRETO 262 art 12: 1/1 válidas
        el Sitio Electrónico Unificado de  → implementar
  [113/429] DECRETO 262 art 13: 3/3 válidas
        El Director de la Unidad de Admini → informar
        El Administrador del Sitio → remitir
  [114/429] DECRETO 262 art 14: 1/1 válidas
        Usuario Administrador Municipal → creación de un nombre de usuario y una contraseña
  [115/429] DECRETO 262 art 15: 3/3 válidas
        cada Sociedad Concesionaria → informar
        El Administrador del Sitio → remitir
  [116/429] DECRETO 262 art 17: 1/1 válidas
        El Sitio Electrónico Unificado de  → ofrecer
  [117/429] DECRETO 262 art 18: 1/1 válidas
        El Sitio Electrónico Unificado de  → contar con la funcionalidad que permita actualizar l
  [118/429] DECRETO 262 art 19: 21/21 válidas
        Usuario de Sitio Electrónico Unifi → tener acceso
        Usuario de Sistema Interoperable → solicitar copia
  [119/429] DECRETO 262 art 20: 4/4 válidas
        Usuario Administrador Municipal → Crear credenciales para un Usuario Funcionario Munic
        Usuario Administrador Municipal → Administrar los perfiles del o de los Usuarios Funci
  [120/429] DECRETO 262 art 21: 1/4 válidas
        Usuario Administrador Sociedad Con → Crear credenciales para un Usuario Sociedad Concesio
  [121/429] DECRETO 262 art 22: 4/4 válidas
        Usuario Funcionario Municipal → Realizar Consultas de Estado de Deuda
        Usuario Funcionario Municipal → Consultar si una persona natural o jurídica, a cuyo 
  [122/429] DECRETO 262 art 23: 2/2 válidas
        Usuario Sociedad Concesionaria → permitir el almacenamiento de Convenios de Pago de D
        Usuario Sociedad Concesionaria → permitir el almacenamiento de la información sobre i
  [123/429] DECRETO 262 art 24: 3/3 válidas
        Las municipalidades → informar · plazo: tres días hábiles
        Las municipalidades → dar cumplimiento
  [124/429] DECRETO 262 art 25: 1/1 válidas
        Las Sociedades Concesionarias → informar · plazo: tres días hábiles
  [125/429] DECRETO 262 art 26: 2/2 válidas
        Las municipalidades → informar · plazo: en el mes de enero de cada
        El Administrador del Sitio → proceder a dar inmediatamente de baja · plazo: inmediatamente
  [126/429] DECRETO 262 art 28: 2/2 válidas
        El Sitio Electrónico Unificado de  → permitir al Usuario de Sistema Interoperable, sin re
        El Sitio Electrónico Unificado de  → ofrecer al menos dos canales electrónicos de recauda
  [127/429] DECRETO 262 art 29: 5/5 válidas
        El Sitio Electrónico Unificado de  → ofrecer al Usuario de Sistema Interoperable la posib
        El Sitio Electrónico Unificado de  → permitir omitir el pago por Sociedad Concesionaria o
  [128/429] DECRETO 262 art 30: 4/4 válidas
        El Usuario de Sistema Interoperabl → suscribir uno o más Convenios de Pago de Deuda
        El Usuario de Sistema Interoperabl → tener acceso a las condiciones del o de los convenio
  [129/429] DECRETO 262 art 31: 1/1 válidas
        Las Sociedades Concesionarias → informar · plazo: tres días hábiles
  [130/429] DECRETO 262 art 34: 4/5 válidas
        el titular del vehículo → cumplir con los siguientes requisitos
        el titular del vehículo → No estar en Mora con alguna de las Sociedades Conces
  [131/429] DECRETO 262 art 35: 1/1 válidas
        La primera cuota → deberá pagarse
  [132/429] DECRETO 262 art 36: 2/2 válidas
        El Usuario Funcionario Municipal → informar · plazo: tres días hábiles
        El Usuario Funcionario Municipal → almacenar
  [133/429] DECRETO 262 art 37: 5/5 válidas
        El Administrador del Sitio → crear una base de datos
        El Administrador del Sitio → velar por la implementación y cumplimiento de todas 
  [134/429] DECRETO 262 art 38: 2/2 válidas
        El Administrador del Sitio → velar por el cumplimiento de la obligación de notifi
        el Sitio Electrónico Unificado de  → enviar un correo electrónico informando de ello
  [135/429] DECRETO 262 art 39: 1/1 válidas
        El Administrador del Sitio → informará
  [136/429] DECRETO 262 art 40: 1/1 válidas
        La Política de Privacidad del Siti → informar
  [137/429] DECRETO 262 art 41: 3/4 válidas
        las Sociedades Concesionarias → abstenerse de llevar a cabo instancias de reunión o 
        las Sociedades Concesionarias → abstenerse de llevar a cabo cualquier conducta, de m
  [138/429] DECRETO 262 art 42: 1/1 válidas
        Las Sociedades Concesionarias → encargar a un tercero la creación, implementación, m
  [140/429] DECRETO 262 art 45: 8/8 válidas
        Las Sociedades Concesionarias → suscribir un convenio
        El convenio → contemplar un mandato para la recepción de la boleta
  [141/429] DECRETO 262 art 46: 10/11 válidas
        La Coordinadora para el Proceso de → realizar un proceso de licitación
        Los términos de referencia → ajustarse a las normas y estándares técnicos vigente
  [142/429] DECRETO 262 art 47: 3/4 válidas
        La Coordinadora para el Proceso de → evaluación de las ofertas recibidas
        La Coordinadora para el Proceso de → designados por la Coordinadora para el Proceso de Li
  [143/429] DECRETO 262 art 48: 2/2 válidas
        La Coordinadora para el Proceso de → declarar desierta
        La Coordinadora para el Proceso de → iniciar
  [144/429] DECRETO 262 art 49: 1/1 válidas
        La Coordinadora para el Proceso de → informar · plazo: cinco días hábiles contado
  [145/429] DECRETO 262 art 50: 1/1 válidas
        El Adjudicatario → suscribir el contrato · plazo: diez días hábiles
  [146/429] DECRETO 262 art 51: 1/1 válidas
        La Coordinadora para el Proceso de → informar · plazo: cinco días hábiles contado
  [147/429] DECRETO 262 art 52: 1/1 válidas
        La Coordinadora para el Proceso de → hacer entrega · plazo: ciento ochenta días hábile
  [148/429] DECRETO 262 art primero: 3/3 válidas
        El plazo para el inicio de la oper → es de seis meses, contados desde la publicación del 
        Para el inicio de la operación del → se deberán encontrar habilitadas todas las funcional
  [149/429] DECRETO 262 art segundo: 1/1 válidas
        La Dirección General de Concesione → comunicará
  [150/429] DECRETO 262 art tercero: 1/1 válidas
        Las Bases de Licitación Sitio Elec → entregarse · plazo: 30 días hábiles contados d
  [152/429] DECRETO 37 art 4: 1/1 válidas
        Los propietarios, arrendatarios, u → dar las facilidades necesarias
  [153/429] DECRETO 37 art 5: 1/1 válidas
        Las empresas transmisoras → deberán permitir
  [154/429] DECRETO 37 art 6: 3/3 válidas
        El Coordinador → garantizar el acceso abierto a todos los Sistemas de
        El Coordinador → autorizar la conexión a los Sistemas de Transmisión · plazo: dentro de los plazos defin
  [155/429] DECRETO 37 art 7: 1/1 válidas
        Las conexiones a los Sistemas de T → deberán cumplir
  [157/429] DECRETO 37 art 10: 5/5 válidas
        Los propietarios, arrendatarios, u → No establecer exigencias o estándares técnicos disti
        Los propietarios, arrendatarios, u → No ejercer acciones o actuaciones en desmedro de las
  [158/429] DECRETO 37 art 11: 2/2 válidas
        Los propietarios, arrendatarios, u → no podrán negar el acceso al servicio de transporte 
        El Coordinador → deberá autorizar la conexión a los Sistemas de Trans · plazo: dentro de los plazos defin
  [159/429] DECRETO 37 art 12: 5/5 válidas
        El Coordinador → autorizará la conexión a los Sistemas de Transmisión
        El Coordinador → establecerá la prelación de las solicitudes
  [160/429] DECRETO 37 art 15: 4/4 válidas
        Cualquier interesado → presentar
        El Coordinador → publicar
  [161/429] DECRETO 37 art 16: 1/1 válidas
        el solicitante → señalar
  [162/429] DECRETO 37 art 18: 3/3 válidas
        El Coordinador → comunicará · plazo: no superior a veinte días
        La comunicación → deberá indicar · plazo: no podrá ser mayor a dos m
  [163/429] DECRETO 37 art 19: 3/3 válidas
        El Coordinador → definir como contraparte técnica a un profesional de
        El Coordinador → establecer las fechas para la realización de la o la
  [164/429] DECRETO 37 art 21: 5/5 válidas
        Coordinador → emitirá y comunicará · plazo: treinta días
        Informe de Autorización de Conexió → Definir
  [165/429] DECRETO 37 art 22: 2/2 válidas
        El Coordinador → poner en conocimiento · plazo: en el plazo señalado en el
        El Coordinador → poner en conocimiento · plazo: en el plazo que disponga e
  [166/429] DECRETO 37 art 23: 3/3 válidas
        El Coordinador → emitir y comunicar · plazo: veinte días
        El Coordinador → comunicar
  [167/429] DECRETO 37 art 24: 1/1 válidas
        El titular de la autorización → presentar los antecedentes necesarios
  [168/429] DECRETO 37 art 25: 2/2 válidas
        El Coordinador → dejar sin efecto la autorización de conexión
        El Coordinador → informar dicha situación
  [169/429] DECRETO 37 art 26: 1/1 válidas
        El Coordinador → publicar
  [170/429] DECRETO 37 art 27: 1/1 válidas
        El Coordinador → considerar
  [171/429] DECRETO 37 art 28: 1/1 válidas
        El proyecto asociado a la autoriza → cumplir
  [172/429] DECRETO 37 art 29: 1/1 válidas
        Los propietarios, arrendatarios, u → permitir la conexión a sus instalaciones a quien lo 
  [174/429] DECRETO 37 art 32: 3/3 válidas
        Coordinador → establecer los pagos
        Coordinador → determinar los pagos
  [175/429] DECRETO 37 art 34: 1/1 válidas
        el solicitante → requerir la aprobación de ejecución de obras necesar
  [176/429] DECRETO 37 art 35: 2/2 válidas
        el Coordinador → ordenará sin más trámite la desconexión
        el Coordinador → deberá informar a la Comisión · plazo: en el más breve plazo posi
  [179/429] DECRETO 37 art 41: 6/6 válidas
        El Coordinador → informar · plazo: dentro de los tres días si
        El Coordinador → aprobar o rechazar · plazo: dentro del plazo de treint
  [180/429] DECRETO 37 art 42: 3/3 válidas
        La Comisión → autorizar o rechazar fundadamente la ejecución de la · plazo: treinta días
        La Comisión → solicitar
  [181/429] DECRETO 37 art 43: 1/1 válidas
        Comisión → rechazar
  [182/429] DECRETO 37 art 44: 2/2 válidas
        El titular de la obra → proporcionar · plazo: dentro del plazo que le ha
        el propietario de la obra → estar disponible
  [183/429] DECRETO 37 art 45: 1/1 válidas
        algún solicitante → informar fundamente
  [184/429] DECRETO 37 art 46: 1/1 válidas
        Coordinador → evaluarlas conjuntamente · plazo: quince días
  [185/429] DECRETO 37 art 47: 1/1 válidas
        Los propietarios, arrendatarios, u → permitir la conexión a sus instalaciones
  [186/429] DECRETO 37 art 49: 6/6 válidas
        Los propietarios, arrendatarios, u → presentar
        El Coordinador → publicar
  [187/429] DECRETO 37 art 50: 1/1 válidas
        Cualquier interesado → presentar
  [188/429] DECRETO 37 art 51: 4/4 válidas
        El interesado → presentar
        El Coordinador → establecer
  [190/429] DECRETO 37 art 53: 10/10 válidas
        El Coordinador → comunicará los resultados del examen de admisibilida · plazo: diez días
        El Coordinador → declarará admisible la solicitud
  [191/429] DECRETO 37 art 54: 2/2 válidas
        El Coordinador → rechazar la Solicitud de Uso de Capacidad Técnica Di
        El Coordinador → proseguir con el procedimiento que este reglamento e
  [192/429] DECRETO 37 art 55: 2/2 válidas
        El Coordinador → emitirá · plazo: veinte días contado desde 
        El Coordinador → publicar · plazo: dentro del plazo señalado 
  [193/429] DECRETO 37 art 56: 1/1 válidas
        El Coordinador → emitir y comunicar · plazo: quince días
  [194/429] DECRETO 37 art 57: 3/3 válidas
        Coordinador → aprueba la Solicitud de Uso de Capacidad Técnica Dis
        Coordinador → rechazada
  [195/429] DECRETO 37 art 58: 1/1 válidas
        La o las instalaciones del solicit → deberán haber sido declaradas en construcción · plazo: dentro del plazo señalado 
  [196/429] DECRETO 37 art 60: 3/3 válidas
        El Coordinador → determinará fundadamente la capacidad técnica dispon
        El Coordinador → considerar las instalaciones de transmisión dedicada
  [197/429] DECRETO 37 art 61: 3/3 válidas
        los propietarios, arrendatarios, u → poner en conocimiento
        los propietarios, arrendatarios, u → remitir · plazo: al quinto día de su celebr
  [200/429] DECRETO 37 art 65: 2/2 válidas
        el Coordinador → publicar · plazo: Anualmente y para un horiz
        el Coordinador → actualizar · plazo: al menos mensualmente
  [201/429] DECRETO 37 art 66: 3/3 válidas
        El uso de la capacidad técnica de  → deberá ajustarse
        El solicitante → deberá ajustarse
  [202/429] DECRETO 37 art 67: 1/1 válidas
        El propietario, arrendatario, usuf → dar aviso · plazo: no inferior a cuatro años
  [203/429] DECRETO 37 art 68: 1/1 válidas
        Los costos de las adecuaciones, mo → serán de cargo del solicitante
  [204/429] DECRETO 37 art 70: 1/1 válidas
        La Planificación de la Transmisión → deberá considerar
  [205/429] DECRETO 37 art 71: 6/6 válidas
        La Planificación de la Transmisión → deberá considerar
        La Planificación de la Transmisión → deberá realizarse considerando
  [206/429] DECRETO 37 art 73: 4/4 válidas
        El Proceso de Planificación → contemplar
        la Comisión → proponer
  [208/429] DECRETO 37 art 76: 1/1 válidas
        La Comisión → considerar
  [209/429] DECRETO 37 art 77: 1/1 válidas
        el Ministerio → remitir · plazo: dentro del primer trimestr
  [210/429] DECRETO 37 art 79: 1/1 válidas
        La Planificación de la Transmisión → deberá considerar
  [211/429] DECRETO 37 art 80: 1/1 válidas
        la Comisión → individualizarlas
  [212/429] DECRETO 37 art 81: 1/1 válidas
        las distribuidoras → presentar anualmente a la Comisión · plazo: dentro del mismo plazo de 
  [213/429] DECRETO 37 art 82: 1/1 válidas
        La Comisión → utilizará
  [214/429] DECRETO 37 art 83: 7/7 válidas
        La Comisión → ajustar cada uno de los Escenarios Energéticos defin
        La Comisión → definir la capacidad de expansión de generación y de
  [215/429] DECRETO 37 art 84: 1/1 válidas
        Los antecedentes adicionales propo → explicitarse y fundamentarse
  [216/429] DECRETO 37 art 85: 4/4 válidas
        la Comisión → aplicar
        la Comisión → utilizar
  [218/429] DECRETO 37 art 87: 7/7 válidas
        La Comisión → revisar los antecedentes referidos en los Capítulos 
        La Comisión → efectuar un diagnóstico de los Sistemas de Transmisi
  [219/429] DECRETO 37 art 88: 11/12 válidas
        La Comisión → determinar
        La Comisión → considerar
  [220/429] DECRETO 37 art 89: 1/1 válidas
        La Comisión → determinar
  [222/429] DECRETO 37 art 91: 8/8 válidas
        La Comisión → determinar los proyectos de expansión que resulten e
        La Comisión → considerar
  [224/429] DECRETO 37 art 93: 6/6 válidas
        La Comisión → determinar los proyectos de expansión que promuevan 
        La Comisión → calcular un indicador representativo de los niveles 
  [225/429] DECRETO 37 art 94: 5/5 válidas
        La Comisión → definirá la cartera de proyectos asociados a cada EG
        La Comisión → definir una o más carteras adicionales
  [226/429] DECRETO 37 art 95: 5/5 válidas
        La Comisión → considerar en la Planificación de la Transmisión la 
        Las expansiones de instalaciones p → no degradar el desempeño de las instalaciones dedica
  [227/429] DECRETO 37 art 96: 2/2 válidas
        La Comisión → señalar en el informe técnico preliminar que conteng
        El Coordinador → resguardar que las autorizaciones a solicitudes de u
  [228/429] DECRETO 37 art 97: 1/1 válidas
        los interesados → comunicar · plazo: durante los primeros quinc
  [229/429] DECRETO 37 art 98: 7/7 válidas
        La Comisión → incorporar
        La Comisión → cambiar
  [230/429] DECRETO 37 art 99: 2/2 válidas
        El Coordinador → informar
        los promotores y desarrolladores → informar · plazo: treinta días
  [231/429] DECRETO 37 art 100: 3/3 válidas
        La Comisión → caucionará la materialización futura de los proyecto
        La Comisión → establecerá e informará a los titulares de los proye
  [233/429] DECRETO 37 art 102: 9/9 válidas
        Los Sistemas de Almacenamiento de  → prestar servicios de transmisión permitiendo reducir
        El dimensionamiento de estos siste → deberá estar adaptado a la demanda
  [234/429] DECRETO 37 art 103: 2/2 válidas
        El informe técnico que contenga el → incluir
        Las bases de licitación → especificar
  [235/429] DECRETO 37 art 104: 4/4 válidas
        el Coordinador → publicará un informe de operación de los Sistemas de
        el Coordinador → recomendar y justificar las posibles acciones correc
  [236/429] DECRETO 37 art 105: 1/1 válidas
        Las empresas → informar · plazo: dentro de los plazos estab
  [237/429] DECRETO 37 art 106: 7/7 válidas
        el Coordinador → enviar · plazo: Dentro de los primeros qui
        el Coordinador → solicitar · plazo: el primer trimestre del añ
  [238/429] DECRETO 37 art 107: 5/5 válidas
        La Comisión → publicar · plazo: dentro de los cinco días c
        La Comisión → convocar · plazo: dentro de los cinco días c
  [239/429] DECRETO 37 art 108: 2/2 válidas
        Los promotores de proyectos de exp → presentar · plazo: sesenta días corridos
        la Comisión → publicar · plazo: diez días
  [240/429] DECRETO 37 art 109: 1/1 válidas
        Los promotores de proyectos → dar respuesta por escrito · plazo: dentro del plazo que esta 
  [241/429] DECRETO 37 art 110: 1/1 válidas
        El Coordinador → actualizar, complementar o corregir su propuesta de  · plazo: treinta días
  [242/429] DECRETO 37 art 111: 4/4 válidas
        la Comisión → emitirá el informe técnico preliminar · plazo: Durante el tercer trimestr
        la Comisión → publicar · plazo: en la misma oportunidad
  [243/429] DECRETO 37 art 112: 1/1 válidas
        la Comisión → emitirá y comunicará · plazo: Dentro de los treinta días
  [244/429] DECRETO 37 art 114: 2/2 válidas
        la Comisión → remitir · plazo: dentro de los tres días si
        la Comisión → remitir · plazo: quince días desde la comun
  [245/429] DECRETO 37 art 117: 1/1 válidas
        La Comisión → abrirá un Registro de Participación
  [246/429] DECRETO 37 art 118: 3/3 válidas
        la Comisión → efectuar un llamado público o convocatoria para insc
        el aviso con el llamado o convocat → publicarse dos días consecutivos en un diario de cir
  [247/429] DECRETO 37 art 119: 2/2 válidas
        Los Participantes → presentar
        Los Usuarios e Instituciones Inter → acompañar
  [248/429] DECRETO 37 art 120: 4/4 válidas
        La Comisión → revisará los antecedentes presentados · plazo: Dentro de los cinco días s
        el solicitante → subsane la falta o acompañe los antecedentes respect · plazo: en un plazo de cinco días
  [249/429] DECRETO 37 art 123: 4/4 válidas
        La Comisión → actualizar los registros · plazo: cada cuatro años
        La Comisión → efectuar una nueva convocatoria · plazo: al término del referido pe
  [250/429] DECRETO 37 art 126: 8/8 válidas
        El Coordinador → elaborar las correspondientes bases que regirán el p
        El Coordinador → realizar el llamado a licitación de todas las Obras 
  [251/429] DECRETO 37 art 127: 3/3 válidas
        Las bases de licitación → deberán ajustarse
        Las bases y el proceso de licitaci → deberán sujetarse
  [252/429] DECRETO 37 art 128: 3/3 válidas
        Las bases de licitación → deberán contener y especificar a lo menos
        Las bases de licitación → deberán establecer
  [254/429] DECRETO 37 art 131: 2/2 válidas
        La adjudicación de las Obras de Ex → deberá estar finalizada · plazo: diez meses contado desde l
        el plazo máximo de adjudicación → será de ocho meses · plazo: ocho meses contado desde l
  [255/429] DECRETO 37 art 133: 3/3 válidas
        El Coordinador → requerir · plazo: en el plazo y con la calid
        El Coordinador → tener en consideración
  [256/429] DECRETO 37 art 134: 2/2 válidas
        El Coordinador → deberá, al momento de elaborar las bases de licitaci
        El Coordinador → deberá contar con una nómina permanente de proponent
  [257/429] DECRETO 37 art 135: 4/4 válidas
        El Coordinador → agrupar
        El Coordinador → procurar
  [258/429] DECRETO 37 art 136: 8/8 válidas
        Las garantías que se exijan a los  → deberán considerar
        Las multas por atraso de las obras → deberán ser definidas
  [259/429] DECRETO 37 art 137: 2/2 válidas
        Los llamados de licitación, actos  → deberán efectuarse
        Las mismas bases → deberán contener
  [260/429] DECRETO 37 art 138: 4/4 válidas
        El Coordinador → establecer mecanismos electrónicos de recepción de o
        El Coordinador → presentar ofertas económicas separadamente de las of
  [261/429] DECRETO 37 art 139: 1/1 válidas
        El Coordinador → cautelar el estricto cumplimiento de la custodia y c
  [262/429] DECRETO 37 art 140: 3/3 válidas
        el Coordinador → solicitar a los oferentes que enmienden errores, omi
        el Coordinador → pedir antecedentes adicionales
  [263/429] DECRETO 37 art 141: 1/1 válidas
        funcionarios de la Comisión → guardar absoluta reserva · plazo: hasta la apertura de las o
  [264/429] DECRETO 37 art 142: 1/1 válidas
        El proceso de evaluación efectuado → permitir que cada una de las alternativas y el resul
  [265/429] DECRETO 37 art 143: 3/3 válidas
        El Coordinador → resolver la licitación y adjudicará los derechos de  · plazo: sesenta días
        El Coordinador → comunicar el resultado de la licitación
  [266/429] DECRETO 37 art 144: 4/4 válidas
        Las Obras Nuevas → se adjudicarán
        las ofertas económicas → deberán expresarse
  [267/429] DECRETO 37 art 145: 4/4 válidas
        El Coordinador → declarar total o parcialmente desierta la licitación
        El Coordinador → levantar un acta · plazo: 48 horas
  [268/429] DECRETO 37 art 146: 6/6 válidas
        El Coordinador → licitar nuevamente
        El Coordinador → modificar los plazos del proceso
  [269/429] DECRETO 37 art 147: 2/2 válidas
        La Comisión → remitirá · plazo: Dentro de los cinco días s
        La Comisión → calculará
  [270/429] DECRETO 37 art 148: 1/1 válidas
        el Ministro de Energía → dictará un decreto supremo · plazo: veinte días
  [271/429] DECRETO 37 art 149: 1/1 válidas
        propietarios, arrendatarios, usufr → dar las facilidades necesarias y permitir el acceso 
  [272/429] DECRETO 37 art 152: 5/5 válidas
        El cumplimiento de las condiciones → deberá ser supervisado
        El Coordinador → realizar las auditorías y aprobar el cumplimiento de
  [273/429] DECRETO 37 art 153: 5/5 válidas
        El Coordinador → adoptar las medidas y acciones, y destinar los recur
        El Coordinador → designar un auditor o un inspector técnico
  [274/429] DECRETO 37 art 154: 1/1 válidas
        Los adjudicatarios de las Obras de → disponer de medidas necesarias
  [275/429] DECRETO 37 art 155: 2/2 válidas
        La empresa propietaria de las inst → participar en la supervisión de la ejecución de la o
        La empresa propietaria de las inst → disponer de una auditoría técnica o una inspección t · plazo: oportunamente
  [276/429] DECRETO 37 art 156: 1/1 válidas
        Las Empresas transmisoras → dar las facilidades necesarias
  [277/429] DECRETO 37 art 157: 3/3 válidas
        El Coordinador → emitir un informe
        El Coordinador → comunicar
  [278/429] DECRETO 37 art segundo: 2/2 válidas
        El Ministerio → emitir
        El Ministerio → comunicar · plazo: dentro de los cinco días s
  [279/429] DECRETO 37 art primero transitorio: 1/1 válidas
        La Comisión → actualizar y publicar · plazo: dentro de los dos años sig
  [280/429] DECRETO 61 art primero transitorio: 1/1 válidas
        los pagos de peajes → se deberán efectuar provisionalmente
  [283/429] DECRETO 62 art 3º: 1/1 válidas
        Los Participantes del Balance de P → deberán estar en condiciones de satisfacer, en cada  · plazo: en cada año
  [284/429] DECRETO 62 art 4º: 4/4 válidas
        El Coordinador → comunicará · plazo: a más tardar el último día
        El Coordinador → comunicará · plazo: a más tardar el último día
  [285/429] DECRETO 62 art 5°: 3/3 válidas
        Las reliquidaciones → deberán ser pagadas
        El interés → se entenderá devengado
  [286/429] DECRETO 62 art 6°: 1/1 válidas
        El Coordinador → realizados
  [287/429] DECRETO 62 art 7º: 1/1 válidas
        cada Participante del Balance de P → deberá contar con un contrato de suministro
  [288/429] DECRETO 62 art 8º: 2/3 válidas
        Las empresas → deberán participar de las transferencias de potencia · plazo: desde el mes de inicio de 
        Las empresas que no participen de  → solicitar al Coordinador ser incluidas en las transf · plazo: de acuerdo a los plazos se
  [291/429] DECRETO 62 art 14: 9/9 válidas
        los Participantes del Balance de P → proporcionar
        los Participantes del Balance de P → proporcionar
  [292/429] DECRETO 62 art 15: 1/1 válidas
        los Participantes del Balance de P → proporcionar
  [293/429] DECRETO 62 art 20: 1/4 válidas
        el correspondiente Participante de → solicitar · plazo: a más tardar 15 días corri
  [294/429] DECRETO 62 art 22: 4/5 válidas
        El Coordinador → realizará una verificación de la Potencia Máxima · plazo: Durante cada año
        Centrales Renovables con Capacidad → contar con equipos de medida independientes para cad
  [296/429] DECRETO 62 art 24: 1/1 válidas
        para dicha Unidad Generadora o Sis → se deberá emplear
  [297/429] DECRETO 62 art 25: 3/3 válidas
        El Coordinador → llevar un control estadístico de los estados operati
        se → establecerán Estados Disponibles, Estados No Disponi
  [298/429] DECRETO 62 art 25 bis: 5/5 válidas
        El Coordinador → evaluar la solicitud · plazo: 20 días hábiles contado de
        El Coordinador → verificar · plazo: 20 días hábiles contado de
  [299/429] DECRETO 62 art 25 quinquies: 6/6 válidas
        El Coordinador → analizar · plazo: mensualmente
        El Coordinador → determinar
  [301/429] DECRETO 62 art 28: 2/2 válidas
        los respectivos Participantes del  → acreditar
        dichos participantes → contar
  [302/429] DECRETO 62 art 30: 7/7 válidas
        Las unidades generadoras → declarar capacidad de respaldo
        La declaración de capacidad de res → deberá ser acompañada de una certificación emitida p
  [304/429] DECRETO 62 art 34 bis: 1/1 válidas
        el Coordinador → calcular su potencia inicial
  [306/429] DECRETO 62 art 36: 4/4 válidas
        El Coordinador → determinar
        La Potencia Inicial → ser determinada
  [307/429] DECRETO 62 art 37 bis: 1/1 válidas
        propietario de la instalación → declarar
  [309/429] DECRETO 62 art 44: 2/2 válidas
        Unidades Generadoras → comprobar
        Unidades Generadoras → colocar
  [311/429] DECRETO 62 art 49: 1/2 válidas
        el Coordinador → utilizar
  [315/429] DECRETO 62 art 53º bis: 3/3 válidas
        Coordinador → realizar una verificación de su disponibilidad efect · plazo: cada 2 años
        Participante del Balance de Potenc → enviar al Coordinador una actualización de esta disp · plazo: inmediatamente
  [319/429] DECRETO 62 art 57: 1/1 válidas
        se → deberán utilizar
  [320/429] DECRETO 62 art 58: 3/3 válidas
        Unidades Generadoras y Sistemas de → calcularse
        La potencia → igualar
  [321/429] DECRETO 62 art 58 bis: 1/1 válidas
        Unidades Generadoras térmicas que  → contar con sistemas de información y comunicación
  [322/429] DECRETO 62 art 60: 1/1 válidas
        Se → verificar
  [323/429] DECRETO 62 art 62: 3/3 válidas
        El Coordinador → determinar el Margen de Potencia
        El Coordinador → comunicar los Márgenes de Potencia · plazo: en el tiempo y forma que é
  [324/429] DECRETO 62 art 63 bis: 7/7 válidas
        Comisión → determinar los periodos de control de punta
        Comisión → realizar un informe técnico de periodo de control de · plazo: cada cuatro años
  [325/429] DECRETO 62 art 64: 1/1 válidas
        El Coordinador → llevar un registro
  [326/429] DECRETO 62 art 66: 1/1 válidas
        El Coordinador → establecer un balance físico
  [327/429] DECRETO 62 art 67: 1/2 válidas
        Las empresas propietarias de medio → serán incluidas
  [329/429] DECRETO 62 art 71: 3/3 válidas
        El precio → serán valorizadas
        Tal valorización → deberá considerar
  [332/429] DECRETO 62 art 75: 1/1 válidas
        Las empresas con saldo neto negati → pagarán dicha cantidad · plazo: en doce mensualidades, dur
  [333/429] DECRETO 62 art segundo: 1/1 válidas
        El CDEC → enviar anualmente a la Comisión · plazo: anualmente
  [334/429] DECRETO 62 art 1 transitorio: 1/1 válidas
        La primera aplicación de DTO 44 → será realizada
  [335/429] DECRETO 62 art 5º transitorio: 1/1 válidas
        la DO → determinar · plazo: 90 días después de que se 
  [336/429] DECRETO 7 art segundo: 2/2 válidas
        El pago de esta cuota correspondie → deberá ser cancelada · plazo: dentro de los quince días 
        Las Direcciones de Peajes del CDEC → deberán calcular
  [337/429] DECRETO 7 art tercero: 2/2 válidas
        las empresas de subtransmisión → abonar o cargar a los usuarios · plazo: entre el 1º de enero de 20
        Las Direcciones de Peajes del CDEC → calcular las reliquidaciones · plazo: en conformidad a lo dispue
  [338/429] DECRETO 70 art 37 bis: 1/1 válidas
        El propietario de la instalación → declarar
  [339/429] DECRETO 70 art tercero: 1/1 válidas
        El Coordinador → incorporar
  [340/429] DECRETO 70 art segundo transitorio: 1/1 válidas
        La Comisión Nacional de Energía → publicar · plazo: dentro del primer semestre
  [341/429] DECRETO 8 art tercero: 2/2 válidas
        las empresas de transmisión tronca → abonar o cargar a los usuarios las diferencias · plazo: entre el 1 de enero de 201
        Las Direcciones de Peajes del CDEC → calcular las reliquidaciones
  [342/429] LEY 20571 art 149 ter: 4/4 válidas
        la concesionaria de servicio públi → remitir
        la respectiva concesionaria de ser → remitir · plazo: anualmente
  [343/429] LEY 20571 art 149 quinquies: 2/2 válidas
        Las concesionarias de servicio púb → emitir las facturas
        El Servicio de Impuestos Internos → establecer mediante resolución, la forma y plazo
  [344/429] LEY 20805 art segundo: 1/1 válidas
        se deberá dictar un reglamento → dictar un reglamento · plazo: noventa días
  [345/429] LEY 20928 art primero: 1/1 válidas
        el Ministro de Energía → dictar bajo la fórmula "por orden del Presidente de 
  [346/429] LEY 20936 art 72º: 6/6 válidas
        el coordinador → efectuar un análisis crítico permanente de su quehac
        el coordinador → analizar y considerar la incorporación de nuevas tec
  [348/429] LEY 20936 art 76°: 1/1 válidas
        El pago por uso efectuado por part → se regirá conforme a las reglas establecidas en los 
  [349/429] LEY 20936 art 79°: 6/11 válidas
        Los propietarios, arrendatarios, u → no podrán negar el acceso al servicio de transporte 
        Los señalados propietarios, arrend → deberán permitir la conexión a sus instalaciones a q
  [350/429] LEY 20936 art 80°: 9/9 válidas
        Los propietarios, arrendatarios, u → no podrán negar el servicio a ningún interesado cuan
        El o los propietarios, arrendatari → informar al Coordinador todo cambio en el uso estima
  [351/429] LEY 20936 art 82°: 3/3 válidas
        El Ministerio de Energía → otorgar
        El decreto supremo → definir
  [352/429] LEY 20936 art 83°: 6/6 válidas
        el Ministerio de Energía → desarrollar un proceso de planificación energética d · plazo: Cada cinco años
        el Ministerio de Energía → incluir escenarios de proyección de oferta y demanda
  [353/429] LEY 20936 art 84°: 3/3 válidas
        el Ministerio → dar inicio al proceso · plazo: Al menos veinticuatro mese
        el Ministerio → emitir un informe preliminar de planificación energé · plazo: Dentro de los ocho meses s
  [354/429] LEY 20936 art 85°: 3/3 válidas
        El Ministerio → identificar
        El Ministerio → elaborar
  [355/429] LEY 20936 art 86°: 1/1 válidas
        el Ministerio → elaborará escenarios energéticos posibles para el ho
  [356/429] LEY 20936 art 87°: 4/4 válidas
        la Comisión → llevar a cabo un proceso de planificación de la tran · plazo: Anualmente
        el Ministerio → remitir a la Comisión · plazo: dentro del primer trimestr
  [357/429] LEY 20936 art 88°: 2/2 válidas
        El Coordinador → informar · plazo: con la periodicidad que de
        El reglamento → establecer
  [359/429] LEY 20936 art 90°: 10/10 válidas
        El reglamento → especificar el procedimiento o trámite a través del 
        El reglamento → establecer los medios y la forma en que la Comisión 
  [360/429] LEY 20936 art 91°: 13/13 válidas
        el Coordinador → enviar · plazo: Dentro de los primeros qui
        Los proyectos de transmisión prese → contener
  [361/429] LEY 20936 art 92°: 2/2 válidas
        El Ministro de Energía → fijará las obras de ampliación de los sistemas de tr · plazo: quince días
        El Ministro de Energía → fijará las obras nuevas de los sistemas de transmisi · plazo: sesenta días
  [362/429] LEY 20936 art 93°: 8/8 válidas
        El Ministerio → dar inicio al Estudio de Franja
        El Ministerio → someter el estudio preliminar de franja al proceso d
  [363/429] LEY 20936 art 94°: 6/6 válidas
        El Consejo de Ministros para la Su → acordar el uso de la propuesta de franja
        El Ministerio → dictar un decreto exento expedido bajo la fórmula "p
  [364/429] LEY 20936 art 95°: 5/5 válidas
        Coordinador → efectuar una licitación pública internacional
        Coordinador → elaborar las bases de licitación
  [365/429] LEY 20936 art 96°: 4/4 válidas
        El Coordinador → resolver la licitación y adjudicará los derechos de  · plazo: sesenta días
        El Coordinador → comunicar el resultado de la licitación
  [366/429] LEY 20936 art 97°: 6/6 válidas
        El adjudicatario de los derechos d → someter al sistema de evaluación de impacto ambienta
        El Ministerio → dictar un decreto exento suscrito bajo la fórmula "p
  [367/429] LEY 20936 art 98°: 4/4 válidas
        el titular del mismo → solicitar en forma fundada la aprobación del Ministe
        el proyecto → sujetarse a lo dispuesto en la ley Nº19.300, sobre B
  [368/429] LEY 20936 art 99°: 4/4 válidas
        El propietario de la obra de ampli → será el responsable de pagar
        El propietario de la obra de ampli → recibirá como remuneración
  [369/429] LEY 20936 art 99° bis: 5/5 válidas
        El Ministerio de Energía → disponer que la Comisión elabore una propuesta de ex
        El Ministerio de Energía → disponer la ejecución de las obras de expansión de i
  [370/429] LEY 20936 art 100°: 5/5 válidas
        La Comisión → determinar · plazo: cuatrienalmente
        La Comisión → incorporar
  [371/429] LEY 20936 art 101°: 4/4 válidas
        la Comisión → emitir un informe técnico preliminar con la califica · plazo: Dentro de los noventa días
        la Comisión → emitir y comunicar el informe técnico final de calif · plazo: Dentro de los quince días 
  [373/429] LEY 20936 art 104°: 7/7 válidas
        La Comisión → comunicará a los participantes y usuarios e instituc
        Los participantes y usuarios e ins → realizar observaciones · plazo: veinte días contados desde
  [374/429] LEY 20936 art 105°: 1/1 válidas
        la Comisión → dar inicio al o los estudios de valorización de las  · plazo: Dentro del plazo señalado 
  [375/429] LEY 20936 art 107°: 6/6 válidas
        la Comisión → enviar · plazo: A más tardar veinticuatro 
        los participantes y usuarios e ins → presentar · plazo: dentro del plazo de quince
  [376/429] LEY 20936 art 108°: 4/4 válidas
        Comisión → llamar a licitación pública internacional
        Comisión → adjudicar y supervisar
  [377/429] LEY 20936 art 109°: 1/1 válidas
        Las empresas de transmisión nacion → concurrir al pago del o los estudios de valorización
  [378/429] LEY 20936 art 110°: 1/1 válidas
        Los resultados del o los estudios  → deberán especificar y distinguir
  [379/429] LEY 20936 art 111°: 1/1 válidas
        La Comisión → convocará a una audiencia pública · plazo: cinco días
  [380/429] LEY 20936 art 112°: 8/8 válidas
        la Comisión → elaborar un informe técnico preliminar · plazo: tres meses
        la Comisión → comunicar el informe técnico preliminar · plazo: tres meses
  [381/429] LEY 20936 art 113°: 3/3 válidas
        las empresas de transmisión → reajustar · plazo: quince días de anticipació
        las diferencias → abonadas o cargadas · plazo: con ocasión del cálculo se
  [382/429] LEY 20936 art 114°: 4/4 válidas
        Las empresas propietarias de las i → percibir anualmente el valor anual de la transmisión
        Los propietarios de las instalacio → percibir de los clientes regulados la proporción cor
  [383/429] LEY 20936 art 114° bis: 2/4 válidas
        el Coordinador → efectuar una reasignación de la componente de ingres
        el Coordinador → Identificar las instalaciones de transmisión que pre
  [384/429] LEY 20936 art 115°: 2/2 válidas
        Las boletas o facturas a usuarios  → agrupar los cobros por concepto de transmisión nacio
        Los montos facturados por los resp → ser traspasados
  [385/429] LEY 20936 art 117°: 1/1 válidas
        El Coordinador → realizar todos los cálculos necesarios para la repar
  [387/429] LEY 20936 art 119°: 3/3 válidas
        la Comisión → licitar un estudio · plazo: Antes de cinco meses del p
        la Comisión → emitir un informe técnico
  [388/429] LEY 20936 art 120°: 4/4 válidas
        Los concesionarios de servicio púb → prestar el servicio de transporte, permitiendo el ac
        Quienes transporten electricidad y → pagar al concesionario un peaje igual al valor agreg
  [389/429] LEY 20936 art 212°: 5/5 válidas
        Comisión → fijar anualmente · plazo: antes del 19 de noviembre 
        empresa distribuidora → efectuar el pago de los montos recaudados mensualmen · plazo: mensualmente
  [390/429] LEY 20936 art primero: 4/4 válidas
        La Comisión → establecer · plazo: dentro del primer mes de p
        La Comisión → prestar
  [391/429] LEY 20936 art segundo: 5/5 válidas
        La Comisión → velar por el uso eficiente de los recursos consignad
        El Consejo Directivo → revisar dicho presupuesto y efectuar los ajustes cor
  [392/429] LEY 20936 art tercero: 2/2 válidas
        El cargo único por servicio públic → deberá ser incorporado
        El Panel → enviar · plazo: 30 de junio de 2017
  [393/429] LEY 20936 art cuarto: 1/1 válidas
        Los miembros del Directorio del CD → renunciar
  [394/429] LEY 20936 art sexto: 4/4 válidas
        los CDEC → ceder
        Cualquier donación → no deberá sujetarse
  [395/429] LEY 21472 art 1: 1/1 válidas
        Las empresas distribuidoras → informar
  [397/429] LEY 21472 art 3: 2/3 válidas
        las concesionarias de servicio púb → traspasar
        la distribuidora → identificar
  [398/429] LEY 21472 art 4: 1/1 válidas
        la empresa de distribución → determinar el Beneficio a Cliente Final
  [399/429] LEY 21472 art 5: 2/2 válidas
        la Comisión Nacional de Energía → contabilizará
        la Superintendencia de Electricida → emitir
  [401/429] LEY 21472 art 7: 3/4 válidas
        las concesionarias de servicio púb → pagar
        las distribuidoras → informar
  [402/429] LEY 21472 art 10: 5/7 válidas
        Las concesionarias de distribución → transferir el monto de dinero recaudado con ocasión 
        La Tesorería General de la Repúbli → llevar un registro contable que permita identificar  · plazo: mensualmente
  [403/429] LEY 21472 art 13: 2/2 válidas
        La Comisión Nacional de Energía → establecerá las reglas necesarias para la implementa
        el Coordinador → establecerá un procedimiento interno que determine l
  [404/429] LEY 21472 art 15: 3/3 válidas
        Los clientes sometidos a regulació → participar de este mecanismo de estabilización
        los clientes libres sujetos a peaj → financiar la Componente NT del Cargo MPC
  [405/429] LEY 21472 art 16: 3/4 válidas
        la empresa de distribución → exceptuar del cobro
        la empresa distribuidora → verificarlos · plazo: en la periodicidad que est
  [406/429] LEY 21472 art 17: 1/1 válidas
        El Ministerio de Energía → presentar · plazo: cada seis meses desde la p
  [407/429] LEY 21472 art primero: 1/1 válidas
        el Ministerio de Hacienda → dictar el reglamento · plazo: seis meses
  [408/429] LEY 21472 art cuarto: 1/1 válidas
        Ministerio de Hacienda → efectuará un aporte · plazo: durante el año 2022
  [409/429] LEY 21472 art séptimo: 1/1 válidas
        el Ministerio de Energía y la Teso → remitir · plazo: Semestralmente
  [410/429] LEY 21667 art primero: 3/3 válidas
        La Tesorería General de la Repúbli → destinar los recursos del Fondo de Estabilización de
        La Tesorería General de la Repúbli → realizar el pago de los saldos adeudados en represen
  [411/429] LEY 21667 art segundo: 12/12 válidas
        Comisión Nacional de Energía → emitirá el informe técnico preliminar · plazo: quince días contado desde 
        empresas suministradoras y distrib → realizar observaciones al informe técnico preliminar · plazo: cinco días contado desde s
  [412/429] LEY 21667 art sexto: 3/3 válidas
        el Ministerio de Hacienda → realizará aportes anuales · plazo: Durante los años 2024, 202
        el Ministerio de Energía → remitirán · plazo: Durante la vigencia del su
  [413/429] RESOLUCIÓN 237 art tercero: 1/1 válidas
        La presente resolución → deberá estar disponible · plazo: a más tardar el día hábil 
  [414/429] RESOLUCIÓN 583 art segundo: 1/1 válidas
        La presente resolución → deberá estar disponible · plazo: a más tardar el día hábil 
  [416/429] RESOLUCIÓN 711 art 4°: 1/1 válidas
        La Planificación de la Transmisión → deberá considerar
  [417/429] RESOLUCIÓN 711 art 5°: 6/6 válidas
        La Planificación de la Transmisión → deberá considerar
        La Planificación de la Transmisión → deberá realizarse considerando
  [418/429] RESOLUCIÓN 711 art 6°: 1/1 válidas
        El proceso de planificación → contemplar
  [420/429] RESOLUCIÓN 711 art 8°: 1/1 válidas
        La Comisión → considerar
  [421/429] RESOLUCIÓN 711 art 9°: 1/1 válidas
        el Ministerio → remitir · plazo: dentro del primer trimestr
  [422/429] RESOLUCIÓN 711 art 10°: 1/1 válidas
        la Comisión → individualizarla
  [423/429] RESOLUCIÓN 711 art 12°: 1/1 válidas
        La Planificación de la Transmisión → deberá considerar
  [424/429] RESOLUCIÓN 711 art 14°: 2/2 válidas
        la Comisión → aplicar la metodología
        la Comisión → utilizar la información y los antecedentes
  [426/429] RESOLUCIÓN 711 art 16°: 5/6 válidas
        El proceso de planificación → se iniciará con una etapa de Análisis Preliminar
        se procederá → a realizar un Análisis de Suficiencia
  [427/429] RESOLUCIÓN 711 art 24°: 6/6 válidas
        Las expansiones de instalaciones p → no podrán degradar el desempeño de las instalaciones
        Las expansiones de instalaciones p → deberán considerar los costos asociados y/o los even
  [428/429] RESOLUCIÓN 711 art 26°: 7/7 válidas
        La Comisión → considerará en la Planificación de la Transmisión lo
        La Comisión → incorporar en la planificación de la transmisión, co
  [429/429] RESOLUCIÓN 711 art tercero: 1/1 válidas
        La presente resolución → deberá estar disponible · plazo: a más tarde el día hábil s

=== propuestas 1105 · VÁLIDAS 1061 · descartadas 44 GUARDADAS ===
   descartadas por evidencia no es cita literal: 26
   descartadas por sujeto no aparece: 12
   descartadas por plazo inventado: 6
artículos candidatos: 429
  [1/429] DECRETO 10 art 6: 1/1 válidas
        La Comisión → determinar cuatrienalmente el conjunto de instalacio · plazo: cuatrienalmente
  [2/429] DECRETO 10 art 7: 2/2 válidas
        La Comisión → determinar
        Las líneas y subestaciones eléctri → sujetarse
  [3/429] DECRETO 10 art 8: 4/4 válidas
        La Comisión → incorporar
        La Comisión → incorporar
  [4/429] DECRETO 10 art 9: 2/2 válidas
        la Comisión → incorporará · plazo: dentro de los primeros cin
        la Comisión → incorporar · plazo: dentro del mismo plazo
  [5/429] DECRETO 10 art 11: 1/1 válidas
        la Comisión → agrupar una o más áreas territoriales para conformar · plazo: por tres periodos tarifari
  [6/429] DECRETO 10 art 12: 1/1 válidas
        la Comisión → definir
  [7/429] DECRETO 10 art 13: 1/1 válidas
        el Coordinador → remitir · plazo: veintisiete meses antes de
  [8/429] DECRETO 10 art 14: 1/1 válidas
        la Comisión → emitir y comunicar · plazo: noventa días corridos
  [9/429] DECRETO 10 art 16: 2/3 válidas
        los Participantes y los Usuarios e → presentar sus discrepancias al Panel de Expertos · plazo: diez días
        la Comisión → aprobar el Informe de Calificación definitivo con la · plazo: quince días
  [11/429] DECRETO 10 art 18: 6/6 válidas
        El Coordinador → entregar
        la Comisión → considerar
  [12/429] DECRETO 10 art 21: 3/3 válidas
        La Comisión → realizará una revisión y estudio
        La Comisión → identificar
  [13/429] DECRETO 10 art 22: 1/1 válidas
        La Comisión → calificar
  [17/429] DECRETO 10 art 32: 3/5 válidas
        La Comisión → compararlo
        El caso base → definirse
  [19/429] DECRETO 10 art 34: 4/4 válidas
        La Comisión → calificará los Tramos de Transporte
        La Comisión → detallar
  [20/429] DECRETO 10 art 35: 1/1 válidas
        La Comisión → realizar el señalado ejercicio de prescindencia
  [21/429] DECRETO 10 art 36: 4/4 válidas
        la Comisión → identificará
        la Comisión → determinará
  [22/429] DECRETO 10 art 38: 1/1 válidas
        La Comisión → aplicar
  [23/429] DECRETO 10 art 40: 1/1 válidas
        La Comisión → calificar como pertenecientes al Sistema de Transmis
  [24/429] DECRETO 10 art 41: 1/1 válidas
        La Comisión → efectuar un análisis
  [25/429] DECRETO 10 art 42: 1/1 válidas
        La Comisión → considerar e identificar
  [28/429] DECRETO 10 art 47: 4/4 válidas
        la Comisión → utilizar
        la Comisión → determinar
  [29/429] DECRETO 10 art 49: 5/5 válidas
        El C.O.M.A. → se determinará
        A partir del C.O.M.A. total de la  → se determinarán las asignaciones asociadas a cada Tr
  [30/429] DECRETO 10 art 52: 9/9 válidas
        La Comisión → valorizar
        La Comisión → remunerar
  [31/429] DECRETO 10 art 53: 5/5 válidas
        El V.A.T.T. → se aplicará · plazo: veinte años
        estas instalaciones → deberán ser valorizadas · plazo: transcurridos los cuales
  [32/429] DECRETO 10 art 54: 1/1 válidas
        Los Estudios de Valorización → calcular el V.A.T.T. · plazo: dentro del siguiente perio
  [33/429] DECRETO 10 art 58: 1/1 válidas
        La Comisión → comunicará · plazo: seis meses antes del envío
  [34/429] DECRETO 10 art 59: 1/1 válidas
        los Participantes y los Usuarios e → realizar observaciones · plazo: veinte días
  [35/429] DECRETO 10 art 60: 4/4 válidas
        los Participantes y los Usuarios e → presentar sus discrepancias · plazo: diez días contados desde l
        El Panel → resolver las discrepancias · plazo: veinte días contados desde
  [36/429] DECRETO 10 art 61: 5/5 válidas
        La Comisión → establecerá las categorías de elementos de transmisi
        La Comisión → establecer un conjunto de vidas útiles estándares y 
  [37/429] DECRETO 10 art 62: 1/1 válidas
        La Comisión → calcular · plazo: cada cuatro años
  [39/429] DECRETO 10 art 66: 1/1 válidas
        La información nacional o internac → deberá permitir
  [40/429] DECRETO 10 art 67: 1/1 válidas
        la Comisión → licitar un estudio · plazo: Antes de cinco meses del p
  [41/429] DECRETO 10 art 68: 5/5 válidas
        La valorización de las instalacion → deberá incluir en su V.I. el valor correspondiente a
        Para las instalaciones de transmis → el valor referido en el inciso anterior corresponder
  [42/429] DECRETO 10 art 69: 1/1 válidas
        los Coordinados → presentar · plazo: treinta días contado desde
  [43/429] DECRETO 10 art 76: 1/1 válidas
        El Coordinador → calcular el V.A.T.T.
  [44/429] DECRETO 10 art 77: 4/4 válidas
        El Coordinador → asignar
        La Comisión → deducir
  [45/429] DECRETO 10 art 78: 1/1 válidas
        el Coordinador → utilizar · plazo: A contar del informe del C
  [46/429] DECRETO 10 art 79: 1/1 válidas
        las diferencias encontradas en las → ajustarse
  [47/429] DECRETO 10 art 81: 1/1 válidas
        La Comisión → dar inicio al o los Estudios de Valorización · plazo: veinticuatro meses antes d
  [48/429] DECRETO 10 art 82: 3/3 válidas
        Las Bases técnicas preliminares → deberán contener
        Las Bases técnicas preliminares → deberán indicar
  [51/429] DECRETO 10 art 85: 1/1 válidas
        Los proponentes → presentar garantías de seriedad de la Propuesta
  [52/429] DECRETO 10 art 86: 1/1 válidas
        Las Bases → establecerán
  [53/429] DECRETO 10 art 87: 1/1 válidas
        Las garantías entregadas por los p → deberán ser emitidas
  [54/429] DECRETO 10 art 88: 3/3 válidas
        los Participantes y los Usuarios e → presentar sus observaciones · plazo: quince días
        la Comisión → comunicar las Bases definitivas · plazo: quince días
  [55/429] DECRETO 10 art 89: 2/2 válidas
        El Panel → emitir su dictamen · plazo: treinta días contados desd
        La Comisión → formalizar las Bases definitivas · plazo: quince días
  [56/429] DECRETO 10 art 91: 1/1 válidas
        El consultor → dar respuesta
  [57/429] DECRETO 10 art 95: 8/10 válidas
        La designación del representante d → se realizará directamente por el Ministro de Energía
        La designación de los demás integr → se realizará de común acuerdo por los miembros de su
  [58/429] DECRETO 10 art 96: 1/1 válidas
        Comisión → publicarse
  [59/429] DECRETO 10 art 97: 1/1 válidas
        Los representantes que formen part → dejar de pertenecer, por cualquier circunstancia, a 
  [60/429] DECRETO 10 art 98: 1/1 válidas
        se → proceder
  [61/429] DECRETO 10 art 100: 1/1 válidas
        El Comité → designar un secretario de actas
  [62/429] DECRETO 10 art 101: 5/6 válidas
        La primera sesión del Comité → deberá realizarse · plazo: dentro de los veinte días 
        El Comité → deberá establecer
  [63/429] DECRETO 10 art 104: 15/15 válidas
        Comité → adjudicar
        Comité → supervisar
  [64/429] DECRETO 10 art 105: 2/2 válidas
        El Comité → adjudicar el o los Estudios de Valorización · plazo: veinte días contados desde
        La Comisión → formalizar la adjudicación del o los Estudios de Val · plazo: tres días siguientes a la 
  [65/429] DECRETO 10 art 106: 1/1 válidas
        El proponente que resulte adjudica → suscribirá
  [66/429] DECRETO 10 art 107: 1/1 válidas
        El contrato → se deberá suscribir · plazo: veinte días
  [67/429] DECRETO 10 art 109: 1/1 válidas
        El o los Estudios de Valorización → deberán realizarse · plazo: ocho meses
  [68/429] DECRETO 10 art 110: 3/3 válidas
        Las empresas de los Sistemas de Tr → concurrir al pago del o los Estudios de Valorización
        El Coordinador → determinar e informar las proporciones · plazo: quince días
  [69/429] DECRETO 10 art 111: 1/1 válidas
        la Comisión → fijar el monto definitivo a pagar por las empresas · plazo: Dentro de los diez días si
  [70/429] DECRETO 10 art 112: 3/3 válidas
        Las empresas de los Sistemas de Tr → depositar · plazo: diez días contado desde la
        La Comisión → informar · plazo: con anterioridad a la fech
  [71/429] DECRETO 10 art 114: 1/1 válidas
        Los resultados del o los Estudios  → especificar y distinguir
  [72/429] DECRETO 10 art 115: 5/5 válidas
        La Comisión → convocará a los Participantes y a los Usuarios e Ins · plazo: cinco días
        La Comisión → señalará el lugar, hora y fecha en la que ésta se re
  [73/429] DECRETO 10 art 118: 1/1 válidas
        la Comisión → publicará · plazo: Dentro de los tres días si
  [74/429] DECRETO 10 art 119: 1/1 válidas
        la Comisión → elaborar un Informe Técnico de Valorización prelimin · plazo: tres meses
  [75/429] DECRETO 10 art 123: 2/2 válidas
        la Comisión → remitir · plazo: dentro de los tres días si
        la Comisión → remitir · plazo: veinte días desde la comun
  [76/429] DECRETO 10 art 126: 1/1 válidas
        las diferencias → deberán ser abonadas o cargadas · plazo: con ocasión del cálculo se
  [77/429] DECRETO 10 art 128: 1/1 válidas
        Los abonos o cargos → deberán ser incorporados
  [78/429] DECRETO 10 art 129: 1/1 válidas
        Coordinador → establecer los pagos
  [79/429] DECRETO 10 art 130: 1/1 válidas
        La Comisión → resguardar que no se conformen dobles pagos
  [80/429] DECRETO 10 art 132: 1/1 válidas
        La Comisión → enviar un informe técnico preliminar · plazo: treinta días
  [81/429] DECRETO 10 art 135: 3/3 válidas
        Las Empresas Transmisoras de las i → percibir anualmente el V.A.T.T. correspondiente a ca · plazo: anualmente
        los propietarios de las instalacio → percibir de los clientes regulados la proporción cor
  [82/429] DECRETO 10 art 136: 5/5 válidas
        El transporte por sistemas dedicad → se regirá por lo previsto en los respectivos contrat
        El pago por uso → se deberá calcular en base a un valor de transmisión
  [83/429] DECRETO 10 art 142: 1/1 válidas
        deberá incluirse → incluirse
  [84/429] DECRETO 10 art 143: 1/1 válidas
        La Comisión → calcular · plazo: a más tardar el 20 de juni
  [85/429] DECRETO 10 art 144: 5/5 válidas
        la Comisión → emitir una versión preliminar del informe técnico de · plazo: a más tardar el 20 de mayo
        la Comisión → publicar el informe
  [86/429] DECRETO 10 art 145: 2/2 válidas
        Los cargos únicos por uso → serán recaudados
        Las boletas o facturas a usuarios  → deberán agrupar los cobros por concepto de transmisi
  [87/429] DECRETO 10 art 146: 2/2 válidas
        los suministradores → efectuar los cobros · plazo: Mensual o bimestralmente
        los suministradores → efectuar los cobros · plazo: mensualmente
  [88/429] DECRETO 10 art 147: 2/2 válidas
        Los montos facturados por los resp → ser traspasados
        los suministradores → informar · plazo: el día 25 de cada mes
  [89/429] DECRETO 10 art 148: 2/2 válidas
        el Coordinador → calculará los Ingresos Tarifarios Reales de cada Tra · plazo: Mensualmente
        el Coordinador → calcular un costo marginal en el límite fronterizo
  [90/429] DECRETO 10 art 149: 1/1 válidas
        El Coordinador → enviar · plazo: a más tardar el día 25 de 
  [91/429] DECRETO 10 art 150: 3/3 válidas
        El Coordinador → calcular las prorratas asignables a cada generador q
        El Coordinador → referir las capacidades instaladas de generación a l
  [93/429] DECRETO 10 art 155: 3/4 válidas
        Los ajustes a los cargos únicos → deberán considerar
        Las diferencias señaladas preceden → serán determinadas · plazo: con ocasión del envío de i
  [94/429] DECRETO 10 art 156: 1/1 válidas
        El Coordinador → efectuar una reasignación
  [95/429] DECRETO 10 art 158: 3/3 válidas
        El Coordinador → Identificar
        El Coordinador → Cuantificar y diferenciar
  [96/429] DECRETO 10 art 159: 5/5 válidas
        El Coordinador → establecerá mensualmente los periodos en que se haya
        El Coordinador → calcular los niveles normales referenciales de ingre
  [97/429] DECRETO 10 art 162: 1/1 válidas
        El monto total → deberá ser asignado
  [99/429] DECRETO 10 art 164: 2/2 válidas
        Comisión → abonar o descontar · plazo: en el semestre siguiente
        Coordinador → realizar todos los cálculos necesarios para la repar
  [100/429] DECRETO 10 art 165: 6/6 válidas
        El Coordinador → efectuar una revisión de los ingresos asignados a ca · plazo: dentro de los primeros cin
        El Coordinador → informar los resultados de la revisión · plazo: dentro de los primeros cin
  [101/429] DECRETO 10 art segundo: 1/1 válidas
        La Comisión → considerar
  [103/429] DECRETO 14 art primero: 1/1 válidas
        Las centrales generadoras y las em → deberán pagar
  [104/429] DECRETO 14 art quinto: 1/1 válidas
        Los peajes → deberán ser incorporados
  [106/429] DECRETO 262 art 4: 15/15 válidas
        El Sitio Electrónico Unificado de  → Asegurar su compatibilidad y correcto funcionamiento
        El Sitio Electrónico Unificado de  → ser responsivo, es decir, que se adapte eficientemen
  [107/429] DECRETO 262 art 5: 5/5 válidas
        El Sitio Electrónico Unificado de  → considerar mecanismos de soporte técnico integral y 
        El Sitio Electrónico Unificado de  → habilitar canales de comunicación ininterrumpida
  [108/429] DECRETO 262 art 6: 1/1 válidas
        Sociedades Concesionarias → actualizada · plazo: cada tres días hábiles
  [109/429] DECRETO 262 art 9: 3/3 válidas
        Cada Sociedad Concesionaria → otorgar acceso
        Cada Sociedad Concesionaria → otorgar acceso
  [110/429] DECRETO 262 art 10: 1/1 válidas
        El Sitio Electrónico Unificado de  → deberá contar con
  [111/429] DECRETO 262 art 11: 4/4 válidas
        El Sitio Electrónico Unificado de  → incorporará funcionalidades restringidas y accesible
        En las Bases de Licitación Sitio E → establecerá un procedimiento para la creación de cre
  [112/429] DECRETO 262 art 12: 1/1 válidas
        el Sitio Electrónico Unificado de  → implementar
  [113/429] DECRETO 262 art 13: 3/3 válidas
        El Director de la Unidad de Admini → informar
        El Administrador del Sitio → remitir
  [114/429] DECRETO 262 art 14: 1/1 válidas
        Usuario Administrador Municipal → creación de un nombre de usuario y una contraseña
  [115/429] DECRETO 262 art 15: 3/3 válidas
        cada Sociedad Concesionaria → informar
        El Administrador del Sitio → remitir
  [116/429] DECRETO 262 art 17: 1/1 válidas
        El Sitio Electrónico Unificado de  → ofrecer
  [117/429] DECRETO 262 art 18: 1/1 válidas
        El Sitio Electrónico Unificado de  → contar con la funcionalidad que permita actualizar l
  [118/429] DECRETO 262 art 19: 21/21 válidas
        Usuario de Sitio Electrónico Unifi → tener acceso
        Usuario de Sistema Interoperable → solicitar copia
  [119/429] DECRETO 262 art 20: 4/4 válidas
        Usuario Administrador Municipal → Crear credenciales para un Usuario Funcionario Munic
        Usuario Administrador Municipal → Administrar los perfiles del o de los Usuarios Funci
  [120/429] DECRETO 262 art 21: 4/4 válidas
        Usuario Administrador Sociedad Con → Crear credenciales para un Usuario Sociedad Concesio
        Usuario Administrador Sociedad Con → Administrar los perfiles del o de los Usuarios Socie
  [121/429] DECRETO 262 art 22: 4/4 válidas
        Usuario Funcionario Municipal → Realizar Consultas de Estado de Deuda de una persona
        Usuario Funcionario Municipal → Consultar si una persona natural o jurídica, a cuyo 
  [122/429] DECRETO 262 art 23: 2/2 válidas
        Usuario Sociedad Concesionaria → permitir el almacenamiento de Convenios de Pago de D
        Usuario Sociedad Concesionaria → permitir el almacenamiento de la información sobre i
  [123/429] DECRETO 262 art 24: 1/1 válidas
        Las municipalidades → informar · plazo: tres días hábiles
  [124/429] DECRETO 262 art 25: 1/1 válidas
        Las Sociedades Concesionarias → informar · plazo: tres días hábiles
  [125/429] DECRETO 262 art 26: 1/1 válidas
        Las municipalidades → informar · plazo: en el mes de enero de cada
  [126/429] DECRETO 262 art 28: 2/2 válidas
        El Sitio Electrónico Unificado de  → permitir al Usuario de Sistema Interoperable, sin re
        El Sitio Electrónico Unificado de  → ofrecer al menos dos canales electrónicos de recauda
  [127/429] DECRETO 262 art 29: 5/5 válidas
        El Sitio Electrónico Unificado de  → ofrecer al Usuario de Sistema Interoperable la posib
        El Sitio Electrónico Unificado de  → permitir omitir el pago por Sociedad Concesionaria o
  [129/429] DECRETO 262 art 31: 1/1 válidas
        Las Sociedades Concesionarias → informar · plazo: tres días hábiles
  [130/429] DECRETO 262 art 34: 5/5 válidas
        el titular del vehículo → cumplir con los siguientes requisitos
        el titular del vehículo → No estar en Mora con alguna de las Sociedades Conces
  [131/429] DECRETO 262 art 35: 1/1 válidas
        La primera cuota → deberá pagarse
  [132/429] DECRETO 262 art 36: 4/4 válidas
        El Usuario Funcionario Municipal → informar · plazo: tres días hábiles
        El Usuario Funcionario Municipal → almacenar
  [133/429] DECRETO 262 art 37: 5/5 válidas
        El Administrador del Sitio → crear una base de datos
        El Administrador del Sitio → velar por la implementación y cumplimiento de todas 
  [134/429] DECRETO 262 art 38: 2/2 válidas
        El Administrador del Sitio → velar por el cumplimiento de la obligación de notifi
        el Sitio Electrónico Unificado de  → enviar un correo electrónico informando de ello
  [135/429] DECRETO 262 art 39: 1/1 válidas
        El Administrador del Sitio → informará
  [136/429] DECRETO 262 art 40: 1/1 válidas
        La Política de Privacidad del Siti → informar
  [137/429] DECRETO 262 art 41: 3/4 válidas
        las Sociedades Concesionarias → abstenerse de llevar a cabo instancias de reunión o 
        las Sociedades Concesionarias → abstenerse de llevar a cabo cualquier conducta, de m
  [138/429] DECRETO 262 art 42: 1/1 válidas
        Las Sociedades Concesionarias → encargar a un tercero la creación, implementación, m
  [140/429] DECRETO 262 art 45: 8/8 válidas
        Las Sociedades Concesionarias → suscribir un convenio
        El convenio → contemplar un mandato para la recepción de la boleta
  [141/429] DECRETO 262 art 46: 10/11 válidas
        La Coordinadora para el Proceso de → realizar un proceso de licitación
        La Coordinadora para el Proceso de → ajustarse a las normas y estándares técnicos vigente
  [142/429] DECRETO 262 art 47: 12/12 válidas
        La Coordinadora para el Proceso de → evaluación de las ofertas recibidas
        En las Bases de Licitación Sitio E → establecer factores de evaluación técnicos que sean 
  [143/429] DECRETO 262 art 48: 2/2 válidas
        La Coordinadora para el Proceso de → declarar desierta
        La Coordinadora para el Proceso de → iniciar
  [144/429] DECRETO 262 art 49: 1/1 válidas
        La Coordinadora para el Proceso de → informar · plazo: cinco días hábiles contado
  [145/429] DECRETO 262 art 50: 1/1 válidas
        El Adjudicatario → suscribir el contrato · plazo: diez días hábiles
  [146/429] DECRETO 262 art 51: 1/1 válidas
        La Coordinadora para el Proceso de → informar · plazo: cinco días hábiles contado
  [147/429] DECRETO 262 art 52: 1/1 válidas
        La Coordinadora para el Proceso de → hacer entrega · plazo: ciento ochenta días hábile
  [148/429] DECRETO 262 art primero: 3/3 válidas
        El plazo para el inicio de la oper → es de seis meses, contados desde la publicación del 
        Para el inicio de la operación del → se deberán encontrar habilitadas todas las funcional
  [149/429] DECRETO 262 art segundo: 1/1 válidas
        La Dirección General de Concesione → comunicará
  [150/429] DECRETO 262 art tercero: 1/1 válidas
        Las Bases de Licitación Sitio Elec → entregarse · plazo: 30 días hábiles contados d
  [152/429] DECRETO 37 art 4: 1/1 válidas
        Los propietarios, arrendatarios, u → dar las facilidades necesarias
  [153/429] DECRETO 37 art 5: 1/1 válidas
        Las empresas transmisoras → deberán permitir
  [154/429] DECRETO 37 art 6: 3/3 válidas
        El Coordinador → garantizar el acceso abierto a todos los Sistemas de
        El Coordinador → autorizar la conexión a los Sistemas de Transmisión · plazo: dentro de los plazos defin
  [155/429] DECRETO 37 art 7: 1/1 válidas
        Las conexiones a los Sistemas de T → deberán cumplir
  [157/429] DECRETO 37 art 10: 5/5 válidas
        los propietarios, arrendatarios, u → establecer exigencias o estándares técnicos
        los propietarios, arrendatarios, u → ejercer acciones o actuaciones
  [158/429] DECRETO 37 art 11: 2/2 válidas
        Los propietarios, arrendatarios, u → no podrán negar el acceso al servicio de transporte 
        El Coordinador → deberá autorizar la conexión a los Sistemas de Trans · plazo: dentro de los plazos defin
  [159/429] DECRETO 37 art 12: 5/5 válidas
        El Coordinador → autorizará la conexión a los Sistemas de Transmisión
        El Coordinador → establecerá la prelación de las solicitudes
  [160/429] DECRETO 37 art 15: 4/4 válidas
        Cualquier interesado → presentar
        El Coordinador → publicar
  [161/429] DECRETO 37 art 16: 1/1 válidas
        el solicitante → señalar
  [162/429] DECRETO 37 art 18: 3/3 válidas
        El Coordinador → comunicará · plazo: no superior a veinte días
        El Coordinador → comunicará · plazo: no podrá ser mayor a dos m
  [163/429] DECRETO 37 art 19: 3/3 válidas
        El Coordinador → definir como contraparte técnica a un profesional de
        El Coordinador → establecer las fechas para la realización de la o la
  [164/429] DECRETO 37 art 21: 5/5 válidas
        Coordinador → emitirá y comunicará · plazo: treinta días
        Informe de Autorización de Conexió → Definir
  [165/429] DECRETO 37 art 22: 3/4 válidas
        El Coordinador → poner en conocimiento · plazo: en el plazo señalado en el
        El Coordinador → poner en conocimiento · plazo: en el plazo que disponga e
  [166/429] DECRETO 37 art 23: 3/3 válidas
        El Coordinador → emitir y comunicar · plazo: veinte días
        El Coordinador → comunicar
  [167/429] DECRETO 37 art 24: 1/1 válidas
        El titular de la autorización → presentar los antecedentes necesarios
  [168/429] DECRETO 37 art 25: 2/2 válidas
        El Coordinador → dejar sin efecto la autorización de conexión
        El Coordinador → informar dicha situación
  [169/429] DECRETO 37 art 26: 1/1 válidas
        El Coordinador → publicar
  [170/429] DECRETO 37 art 27: 1/1 válidas
        El Coordinador → considerar
  [171/429] DECRETO 37 art 28: 1/1 válidas
        El proyecto asociado a la autoriza → cumplir
  [172/429] DECRETO 37 art 29: 1/1 válidas
        Los propietarios, arrendatarios, u → permitir la conexión a sus instalaciones a quien lo 
  [173/429] DECRETO 37 art 30: 1/1 válidas
        Los propietarios, arrendatarios, u → deberán ser valorizadas y remuneradas
  [174/429] DECRETO 37 art 32: 3/3 válidas
        Coordinador → establecer los pagos
        propietarios, arrendatarios, usufr → establecer pagos adicionales
  [175/429] DECRETO 37 art 34: 1/1 válidas
        el solicitante → requerir la aprobación de ejecución de obras necesar
  [176/429] DECRETO 37 art 35: 2/2 válidas
        el Coordinador → ordenará sin más trámite la desconexión
        el Coordinador → deberá informar a la Comisión · plazo: en el más breve plazo posi
  [178/429] DECRETO 37 art 40: 2/2 válidas
        Comisión → autorizadas en forma previa y excepcional
        Comisión → analizadas y autorizadas
  [179/429] DECRETO 37 art 41: 6/6 válidas
        El Coordinador → informar · plazo: dentro de los tres días si
        El Coordinador → aprobar o rechazar · plazo: dentro del plazo de treint
  [180/429] DECRETO 37 art 42: 3/3 válidas
        La Comisión → autorizar o rechazar fundadamente la ejecución de la · plazo: treinta días
        La Comisión → contener, al menos, lo siguiente
  [181/429] DECRETO 37 art 43: 1/1 válidas
        Comisión → rechazar
  [182/429] DECRETO 37 art 44: 1/2 válidas
        El titular de la obra → proporcionar · plazo: dentro del plazo que le ha
  [183/429] DECRETO 37 art 45: 1/1 válidas
        algún solicitante → informar fundamente
  [184/429] DECRETO 37 art 46: 1/1 válidas
        el Coordinador → evaluarlas conjuntamente · plazo: quince días
  [185/429] DECRETO 37 art 47: 1/1 válidas
        Los propietarios, arrendatarios, u → permitir la conexión a sus instalaciones a quien cue
  [186/429] DECRETO 37 art 49: 4/4 válidas
        Los propietarios, arrendatarios, u → presentar
        El Coordinador → publicar
  [187/429] DECRETO 37 art 50: 1/1 válidas
        Cualquier interesado → presentar
  [188/429] DECRETO 37 art 51: 5/5 válidas
        El interesado → presentar
        El Coordinador → establecer
  [189/429] DECRETO 37 art 52: 1/1 válidas
        el Coordinador → comunicarlo · plazo: tres días contado desde la
  [190/429] DECRETO 37 art 53: 14/14 válidas
        El Coordinador → comunicará los resultados del examen de admisibilida · plazo: diez días, contado desde l
        El Coordinador → declarará admisible la solicitud
  [191/429] DECRETO 37 art 54: 2/2 válidas
        El Coordinador → rechazar la Solicitud de Uso de Capacidad Técnica Di
        El Coordinador → proseguir con el procedimiento que este reglamento e
  [192/429] DECRETO 37 art 55: 2/2 válidas
        El Coordinador → emitirá · plazo: veinte días contado desde 
        El Coordinador → publicar · plazo: dentro del plazo señalado 
  [193/429] DECRETO 37 art 56: 1/1 válidas
        El Coordinador → emitir y comunicar · plazo: quince días
  [194/429] DECRETO 37 art 57: 1/1 válidas
        Coordinador → aprueba la Solicitud de Uso de Capacidad Técnica Dis
  [195/429] DECRETO 37 art 58: 1/1 válidas
        La o las instalaciones del solicit → deberán haber sido declaradas en construcción · plazo: dentro del plazo señalado 
  [196/429] DECRETO 37 art 60: 3/3 válidas
        El Coordinador → determinará fundadamente la capacidad técnica dispon
        El Coordinador → considerar las instalaciones de transmisión dedicada
  [197/429] DECRETO 37 art 61: 2/2 válidas
        los propietarios, arrendatarios, u → poner en conocimiento
        los propietarios, arrendatarios, u → remitir · plazo: al quinto día de su celebr
  [200/429] DECRETO 37 art 65: 2/2 válidas
        el Coordinador → publicar · plazo: Anualmente y para un horiz
        el Coordinador → actualizar · plazo: al menos mensualmente
  [201/429] DECRETO 37 art 66: 1/1 válidas
        El solicitante → ajustarse
  [202/429] DECRETO 37 art 67: 1/1 válidas
        El propietario, arrendatario, usuf → dar aviso · plazo: no inferior a cuatro años
  [203/429] DECRETO 37 art 68: 1/1 válidas
        Los costos → serán de cargo del solicitante
  [204/429] DECRETO 37 art 70: 1/1 válidas
        La Planificación de la Transmisión → deberá considerar
  [205/429] DECRETO 37 art 71: 6/6 válidas
        La Planificación de la Transmisión → deberá considerar
        La Planificación de la Transmisión → deberá realizarse considerando
  [206/429] DECRETO 37 art 73: 4/4 válidas
        El Proceso de Planificación → contemplar
        la Comisión → proponer
  [208/429] DECRETO 37 art 76: 1/1 válidas
        La Comisión → considerar
  [209/429] DECRETO 37 art 77: 1/1 válidas
        el Ministerio → remitir · plazo: dentro del primer trimestr
  [210/429] DECRETO 37 art 79: 1/1 válidas
        La Planificación de la Transmisión → deberá considerar
  [211/429] DECRETO 37 art 80: 1/1 válidas
        la Comisión → individualizarlas
  [212/429] DECRETO 37 art 81: 1/1 válidas
        las distribuidoras → presentar anualmente a la Comisión · plazo: dentro del mismo plazo de 
  [213/429] DECRETO 37 art 82: 1/1 válidas
        La Comisión → utilizará
  [214/429] DECRETO 37 art 83: 7/7 válidas
        La Comisión → ajustar cada uno de los Escenarios Energéticos defin
        La Comisión → definir la capacidad de expansión de generación y de
  [215/429] DECRETO 37 art 84: 5/5 válidas
        El Ministerio → proporcionar
        el análisis → justificar
  [216/429] DECRETO 37 art 85: 4/4 válidas
        la Comisión → aplicar
        la Comisión → utilizar
  [218/429] DECRETO 37 art 87: 7/7 válidas
        La Comisión → revisar los antecedentes referidos en los Capítulos 
        La Comisión → efectuar un diagnóstico de los Sistemas de Transmisi
  [219/429] DECRETO 37 art 88: 1/1 válidas
        La Comisión → determinar
  [220/429] DECRETO 37 art 89: 1/1 válidas
        La Comisión → determinar
  [221/429] DECRETO 37 art 90: 5/5 válidas
        La Comisión → determinar la factibilidad de ejecución y construcci
        La Comisión → realizar un Análisis de Factibilidad Técnica de los 
  [222/429] DECRETO 37 art 91: 8/8 válidas
        La Comisión → determinar los proyectos de expansión que resulten e
        La Comisión → considerar
  [223/429] DECRETO 37 art 92: 6/6 válidas
        La Comisión → determinar
        La Comisión → determinar
  [224/429] DECRETO 37 art 93: 6/6 válidas
        La Comisión → determinar los proyectos de expansión que promuevan 
        La Comisión → calcular un indicador representativo de los niveles 
  [225/429] DECRETO 37 art 94: 5/5 válidas
        La Comisión → definirá la cartera de proyectos asociados a cada EG
        La Comisión → definir una o más carteras adicionales
  [226/429] DECRETO 37 art 95: 5/5 válidas
        La Comisión → considerar en la Planificación de la Transmisión la 
        Las expansiones de instalaciones p → no degradar el desempeño de las instalaciones dedica
  [227/429] DECRETO 37 art 96: 2/2 válidas
        La Comisión → señalar en el informe técnico preliminar que conteng
        El Coordinador → resguardar que las autorizaciones a solicitudes de u
  [228/429] DECRETO 37 art 97: 1/1 válidas
        los interesados → comunicar · plazo: durante los primeros quinc
  [229/429] DECRETO 37 art 98: 7/7 válidas
        La Comisión → incorporar
        La Comisión → cambiar
  [230/429] DECRETO 37 art 99: 2/2 válidas
        El Coordinador → informar
        los promotores y desarrolladores → informar · plazo: treinta días
  [231/429] DECRETO 37 art 100: 3/3 válidas
        La Comisión → caucionará la materialización futura de los proyecto
        La Comisión → establecerá e informará
  [233/429] DECRETO 37 art 102: 8/8 válidas
        Los Sistemas de Almacenamiento de  → prestar servicios de transmisión permitiendo reducir
        Los Sistemas de Almacenamiento de  → permitir el abastecimiento de la demanda de una zona
  [234/429] DECRETO 37 art 103: 2/2 válidas
        El informe técnico que contenga el → incluir
        Las bases de licitación → especificar
  [235/429] DECRETO 37 art 104: 4/4 válidas
        el Coordinador → publicará un informe de operación de los Sistemas de
        el Coordinador → recomendar y justificar las posibles acciones correc
  [236/429] DECRETO 37 art 105: 1/1 válidas
        Las empresas → informar · plazo: dentro de los plazos estab
  [237/429] DECRETO 37 art 106: 9/9 válidas
        el Coordinador → enviar · plazo: Dentro de los primeros qui
        el Coordinador → solicitar · plazo: el primer trimestre del añ
  [238/429] DECRETO 37 art 107: 5/5 válidas
        La Comisión → publicar · plazo: dentro de los cinco días c
        La Comisión → convocar · plazo: dentro de los cinco días c
  [239/429] DECRETO 37 art 108: 2/2 válidas
        Los promotores de proyectos de exp → presentar · plazo: sesenta días corridos
        la Comisión → publicar · plazo: diez días
  [240/429] DECRETO 37 art 109: 1/1 válidas
        Los promotores de proyectos → dar respuesta por escrito · plazo: dentro del plazo que esta 
  [241/429] DECRETO 37 art 110: 1/1 válidas
        El Coordinador → actualizar, complementar o corregir su propuesta de  · plazo: treinta días
  [242/429] DECRETO 37 art 111: 4/4 válidas
        la Comisión → emitirá el informe técnico preliminar · plazo: Durante el tercer trimestr
        la Comisión → publicar · plazo: en la misma oportunidad
  [243/429] DECRETO 37 art 112: 1/1 válidas
        la Comisión → emitirá y comunicará · plazo: Dentro de los treinta días
  [244/429] DECRETO 37 art 114: 2/2 válidas
        la Comisión → remitir · plazo: dentro de los tres días si
        la Comisión → remitir · plazo: quince días desde la comun
  [245/429] DECRETO 37 art 117: 1/1 válidas
        La Comisión → abrirá un Registro de Participación
  [246/429] DECRETO 37 art 118: 3/3 válidas
        la Comisión → efectuar un llamado público o convocatoria para insc
        el aviso con el llamado o convocat → publicarse dos días consecutivos en un diario de cir
  [247/429] DECRETO 37 art 119: 2/2 válidas
        Los Participantes → presentar
        Los Usuarios e Instituciones Inter → acompañar
  [248/429] DECRETO 37 art 120: 4/4 válidas
        La Comisión → revisará los antecedentes presentados · plazo: Dentro de los cinco días s
        el solicitante → subsane la falta o acompañe los antecedentes respect · plazo: en un plazo de cinco días
  [249/429] DECRETO 37 art 123: 4/4 válidas
        La Comisión → actualizar los registros · plazo: cada cuatro años
        La Comisión → efectuar una nueva convocatoria · plazo: al término del referido pe
  [250/429] DECRETO 37 art 126: 6/6 válidas
        El Coordinador → elaborar las correspondientes bases que regirán el p
        El Coordinador → realizar el llamado a licitación de todas las Obras 
  [251/429] DECRETO 37 art 127: 3/3 válidas
        Las bases de licitación → deberán ajustarse
        Las bases y el proceso de licitaci → deberán sujetarse
  [252/429] DECRETO 37 art 128: 3/3 válidas
        Las bases de licitación → deberán contener y especificar a lo menos
        Las bases de licitación → deberán establecer
  [253/429] DECRETO 37 art 130: 1/1 válidas
        Los plazos del proceso de licitaci → deberán contemplar
  [254/429] DECRETO 37 art 131: 2/2 válidas
        La adjudicación de las Obras de Ex → deberá estar finalizada · plazo: diez meses contado desde l
        el plazo máximo de adjudicación → será de ocho meses · plazo: ocho meses contado desde l
  [256/429] DECRETO 37 art 134: 2/2 válidas
        El Coordinador → deberá, al momento de elaborar las bases de licitaci
        El Coordinador → deberá contar con una nómina permanente de proponent
  [257/429] DECRETO 37 art 135: 4/4 válidas
        El Coordinador → agrupar
        El Coordinador → procurar
  [258/429] DECRETO 37 art 136: 8/8 válidas
        Las garantías que se exijan a los  → deberán considerar
        Las multas por atraso de las obras → deberán ser definidas
  [259/429] DECRETO 37 art 137: 2/2 válidas
        Los llamados de licitación, actos  → deberán efectuarse
        Las mismas bases → deberán contener
  [260/429] DECRETO 37 art 138: 4/4 válidas
        El Coordinador → establecer mecanismos electrónicos de recepción de o
        El Coordinador → presentar ofertas económicas separadamente de las of
  [261/429] DECRETO 37 art 139: 1/1 válidas
        El Coordinador → cautelar el estricto cumplimiento de la custodia y c
  [262/429] DECRETO 37 art 140: 3/3 válidas
        el Coordinador → solicitar
        el Coordinador → pedir
  [263/429] DECRETO 37 art 141: 1/1 válidas
        funcionarios de la Comisión → guardar absoluta reserva · plazo: hasta la apertura de las o
  [264/429] DECRETO 37 art 142: 1/1 válidas
        El proceso de evaluación efectuado → permitir que cada una de las alternativas y el resul
  [265/429] DECRETO 37 art 143: 3/3 válidas
        El Coordinador → resolver la licitación y adjudicará los derechos de  · plazo: sesenta días
        El Coordinador → comunicar el resultado de la licitación
  [266/429] DECRETO 37 art 144: 4/4 válidas
        Las Obras Nuevas → se adjudicarán
        las ofertas económicas → deberán expresarse
  [267/429] DECRETO 37 art 145: 4/4 válidas
        El Coordinador → declarar total o parcialmente desierta la licitación
        El Coordinador → levantar un acta · plazo: 48 horas
  [268/429] DECRETO 37 art 146: 7/7 válidas
        El Coordinador → licitar nuevamente
        El Coordinador → modificar los plazos del proceso e introducir los de
  [269/429] DECRETO 37 art 147: 2/2 válidas
        La Comisión → remitirá · plazo: Dentro de los cinco días s
        La Comisión → calculará
  [270/429] DECRETO 37 art 148: 1/1 válidas
        El Ministro de Energía → dictará un decreto supremo · plazo: veinte días
  [271/429] DECRETO 37 art 149: 1/1 válidas
        propietarios, arrendatarios, usufr → dar las facilidades necesarias y permitir el acceso 
  [272/429] DECRETO 37 art 152: 7/7 válidas
        El Coordinador → supervisar
        El Coordinador → realizar las auditorías
  [273/429] DECRETO 37 art 153: 5/5 válidas
        El Coordinador → adoptar las medidas y acciones, y destinar los recur
        El Coordinador → designar un auditor o un inspector técnico
  [274/429] DECRETO 37 art 154: 1/1 válidas
        Los adjudicatarios de las Obras de → disponer de medidas necesarias
  [275/429] DECRETO 37 art 155: 2/2 válidas
        La empresa propietaria de las inst → participar en la supervisión de la ejecución de la o
        La empresa propietaria de las inst → disponer de una auditoría técnica o una inspección t · plazo: oportunamente
  [276/429] DECRETO 37 art 156: 1/1 válidas
        Las Empresas transmisoras → dar las facilidades necesarias
  [277/429] DECRETO 37 art 157: 4/4 válidas
        El Coordinador → emitir un informe
        El Coordinador → comunicar
  [278/429] DECRETO 37 art segundo: 1/1 válidas
        El Ministerio → emitir · plazo: durante el mes de abril de
  [279/429] DECRETO 37 art primero transitorio: 1/1 válidas
        La Comisión → actualizar y publicar · plazo: dentro de los dos años sig
  [280/429] DECRETO 61 art primero transitorio: 1/1 válidas
        los pagos de peajes → se deberán efectuar provisionalmente
  [283/429] DECRETO 62 art 3º: 1/1 válidas
        Los Participantes del Balance de P → deberán estar en condiciones de satisfacer, en cada  · plazo: en cada año
  [284/429] DECRETO 62 art 4º: 4/4 válidas
        El Coordinador → comunicará · plazo: a más tardar el último día
        El Coordinador → comunicará · plazo: a más tardar el último día
  [285/429] DECRETO 62 art 5°: 3/3 válidas
        Las reliquidaciones → deberán ser pagadas
        El interés → se entenderá devengado
  [286/429] DECRETO 62 art 6°: 1/1 válidas
        El Coordinador → realizados
  [287/429] DECRETO 62 art 7º: 2/2 válidas
        cada Unidad Generadora o sistema d → se le asignará una Potencia de Suficiencia definitiv
        cada Participante del Balance de P → deberá contar con un contrato de suministro
  [288/429] DECRETO 62 art 8º: 2/4 válidas
        Las empresas que no participen de  → solicitar al Coordinador ser incluidas en las transf
        Las empresas que no participen de  → aportar todos los antecedentes e información que les · plazo: de acuerdo a los plazos se
  [291/429] DECRETO 62 art 14: 7/7 válidas
        los Participantes del Balance de P → proporcionar
        los Participantes del Balance de P → proporcionar
  [292/429] DECRETO 62 art 15: 1/1 válidas
        los Participantes del Balance de P → proporcionar
  [293/429] DECRETO 62 art 20: 1/4 válidas
        el correspondiente Participante de → solicitar · plazo: 15 días corridos
  [294/429] DECRETO 62 art 22: 6/6 válidas
        El Coordinador → realizará una verificación de la Potencia Máxima
        El Coordinador → realizará la verificación para la central o grupo de
  [295/429] DECRETO 62 art 23: 1/1 válidas
        Los criterios y condiciones → deberán ser transparentes, no arbitrarios ni discrim
  [296/429] DECRETO 62 art 24: 1/1 válidas
        para dicha Unidad Generadora o Sis → se deberá emplear
  [297/429] DECRETO 62 art 25: 3/3 válidas
        El Coordinador → llevar un control estadístico
        El Coordinador → establecer
  [298/429] DECRETO 62 art 25 bis: 6/6 válidas
        El Coordinador → evaluar la solicitud · plazo: 20 días hábiles contado de
        El Coordinador → verificar · plazo: 20 días hábiles contado de
  [299/429] DECRETO 62 art 25 quinquies: 6/6 válidas
        El Coordinador → analizar · plazo: mensualmente
        El Coordinador → determinar
  [301/429] DECRETO 62 art 28: 2/2 válidas
        los respectivos Participantes del  → acreditar
        dichos participantes → contar
  [302/429] DECRETO 62 art 30: 7/7 válidas
        Las unidades generadoras → declarar capacidad de respaldo
        La declaración de capacidad de res → deberá ser acompañada de una certificación emitida p
  [304/429] DECRETO 62 art 34 bis: 1/1 válidas
        el Coordinador → calcular su potencia inicial
  [306/429] DECRETO 62 art 36: 4/4 válidas
        Unidades Generadoras → hacer uso de la información disponible
        La Potencia Inicial → ser determinada
  [307/429] DECRETO 62 art 37 bis: 1/1 válidas
        propietario de la instalación → declarar
  [309/429] DECRETO 62 art 44: 1/2 válidas
        Unidades Generadoras que pertenezc → comprobar
  [310/429] DECRETO 62 art 48: 1/1 válidas
        el caudal afluente de cada unidad  → deberá considerar adecuadamente
  [311/429] DECRETO 62 art 49: 1/1 válidas
        el Coordinador → utilizar
  [315/429] DECRETO 62 art 53º bis: 3/3 válidas
        Coordinador → realizar una verificación de su disponibilidad efect · plazo: cada 2 años
        Participante del Balance de Potenc → enviar al Coordinador una actualización de esta disp · plazo: inmediatamente
  [319/429] DECRETO 62 art 57: 1/1 válidas
        se deberán → utilizar criterios de proporcionalidad
  [320/429] DECRETO 62 art 58: 2/3 válidas
        Unidades Generadoras y Sistemas de → calcularse
        La potencia transmitida entre subs → ser igual
  [321/429] DECRETO 62 art 58 bis: 1/1 válidas
        Unidades Generadoras térmicas que  → contar con sistemas de información y comunicación
  [322/429] DECRETO 62 art 60: 1/1 válidas
        Se deberá verificar → verificar
  [323/429] DECRETO 62 art 62: 3/3 válidas
        El Coordinador → determinar el Margen de Potencia para cada uno de lo
        El Coordinador → comunicar los Márgenes de Potencia · plazo: en el tiempo y forma que é
  [324/429] DECRETO 62 art 63 bis: 7/7 válidas
        Comisión → determinar los periodos de control de punta
        Comisión → realizar un informe técnico de periodo de control de · plazo: cada cuatro años
  [325/429] DECRETO 62 art 64: 1/1 válidas
        El Coordinador → llevar un registro
  [326/429] DECRETO 62 art 66: 1/1 válidas
        El Coordinador → establecer un balance físico
  [327/429] DECRETO 62 art 67: 1/2 válidas
        Las empresas propietarias de medio → serán incluidas
  [329/429] DECRETO 62 art 71: 1/1 válidas
        El precio → serán valorizadas
  [332/429] DECRETO 62 art 75: 1/1 válidas
        Las empresas con saldo neto negati → pagarán dicha cantidad · plazo: en doce mensualidades, dur
  [333/429] DECRETO 62 art segundo: 1/1 válidas
        El CDEC → enviar anualmente a la Comisión · plazo: anualmente
  [334/429] DECRETO 62 art 1 transitorio: 1/1 válidas
        La primera aplicación de DTO 44, E → será realizada
  [335/429] DECRETO 62 art 5º transitorio: 1/1 válidas
        la DO → determinar · plazo: 90 días después de que se 
  [336/429] DECRETO 7 art segundo: 2/2 válidas
        El pago de esta cuota correspondie → deberá ser cancelada · plazo: dentro de los quince días 
        Las Direcciones de Peajes del CDEC → deberán calcular
  [337/429] DECRETO 7 art tercero: 2/2 válidas
        las empresas de subtransmisión → abonar o cargar a los usuarios · plazo: entre el 1º de enero de 20
        Las Direcciones de Peajes del CDEC → calcular las reliquidaciones
  [338/429] DECRETO 70 art 37 bis: 1/1 válidas
        El propietario de la instalación → declarar
  [339/429] DECRETO 70 art tercero: 1/1 válidas
        El Coordinador → incorporar
  [340/429] DECRETO 70 art segundo transitorio: 1/1 válidas
        La Comisión Nacional de Energía → publicar · plazo: dentro del primer semestre
  [341/429] DECRETO 8 art tercero: 2/2 válidas
        las empresas de transmisión tronca → abonar o cargar a los usuarios las diferencias · plazo: por todo el periodo que tr
        Las Direcciones de Peajes del CDEC → calcular las reliquidaciones
  [342/429] LEY 20571 art 149 ter: 4/4 válidas
        la concesionaria de servicio públi → remitir
        la concesionaria de servicio públi → remitir · plazo: anualmente
  [343/429] LEY 20571 art 149 quinquies: 2/2 válidas
        Las concesionarias de servicio púb → emitir las facturas
        El Servicio de Impuestos Internos → establecer mediante resolución, la forma y plazo
  [344/429] LEY 20805 art segundo: 1/1 válidas
        se deberá dictar un reglamento → dictar un reglamento · plazo: noventa días
  [345/429] LEY 20928 art primero: 1/1 válidas
        el Ministro de Energía → dictar bajo la fórmula "por orden del Presidente de 
  [346/429] LEY 20936 art 72º: 7/7 válidas
        el coordinador → disponer de recursos permanentes
        el coordinador → efectuar un análisis crítico permanente
  [348/429] LEY 20936 art 76°: 1/1 válidas
        El pago por uso efectuado por part → se regirá conforme a las reglas establecidas en los 
  [349/429] LEY 20936 art 79°: 9/9 válidas
        Los propietarios, arrendatarios, u → no podrán negar el acceso al servicio de transporte 
        Los señalados propietarios, arrend → deberán permitir la conexión a sus instalaciones a q
  [350/429] LEY 20936 art 80°: 8/8 válidas
        Los propietarios, arrendatarios, u → no podrán negar el servicio a ningún interesado cuan
        El o los propietarios, arrendatari → informar al Coordinador todo cambio en el uso estima
  [351/429] LEY 20936 art 82°: 3/3 válidas
        El Ministerio de Energía → otorgar
        El decreto supremo → definir
  [352/429] LEY 20936 art 83°: 6/6 válidas
        el Ministerio de Energía → desarrollar un proceso de planificación energética d · plazo: Cada cinco años
        el Ministerio de Energía → incluir escenarios de proyección de oferta y demanda
  [353/429] LEY 20936 art 84°: 3/3 válidas
        el Ministerio → dar inicio al proceso · plazo: Al menos veinticuatro mese
        el Ministerio → emitir un informe preliminar de planificación energé · plazo: Dentro de los ocho meses s
  [354/429] LEY 20936 art 85°: 3/3 válidas
        El Ministerio → identificar
        El Ministerio → elaborar
  [355/429] LEY 20936 art 86°: 1/1 válidas
        Ministerio de Energía → definir dichos escenarios energéticos, incluyendo su · plazo: Antes del vencimiento del 
  [356/429] LEY 20936 art 87°: 4/4 válidas
        la Comisión → llevar a cabo un proceso de planificación de la tran · plazo: Anualmente
        el Ministerio → remitir a la Comisión · plazo: dentro del primer trimestr
  [357/429] LEY 20936 art 88°: 2/2 válidas
        El Coordinador → informar · plazo: con la periodicidad que de
        El reglamento → establecer
  [359/429] LEY 20936 art 90°: 7/9 válidas
        El reglamento → especificar el procedimiento o trámite a través del 
        El reglamento → establecer los medios y la forma en que la Comisión 
  [360/429] LEY 20936 art 91°: 11/12 válidas
        el Coordinador → enviar · plazo: Dentro de los primeros qui
        La Comisión → publicar · plazo: Dentro de los cinco días c
  [361/429] LEY 20936 art 92°: 2/2 válidas
        El Ministro de Energía → fijará las obras de ampliación de los sistemas de tr · plazo: quince días
        El Ministro de Energía → fijará las obras nuevas de los sistemas de transmisi · plazo: sesenta días
  [362/429] LEY 20936 art 93°: 7/8 válidas
        El Ministerio → dar inicio al Estudio de Franja
        El Ministerio → someter el estudio preliminar de franja al proceso d
  [363/429] LEY 20936 art 94°: 6/6 válidas
        El Consejo de Ministros para la Su → acordar el uso de la propuesta de franja
        El Ministerio → dictar un decreto exento expedido bajo la fórmula "p
  [364/429] LEY 20936 art 95°: 5/5 válidas
        Coordinador → efectuar una licitación pública internacional
        Coordinador → elaborar las bases de licitación
  [365/429] LEY 20936 art 96°: 4/4 válidas
        El Coordinador → resolver la licitación y adjudicará los derechos de 
        El Coordinador → comunicar el resultado de la licitación
  [366/429] LEY 20936 art 97°: 6/6 válidas
        El adjudicatario de los derechos d → someter al sistema de evaluación de impacto ambienta
        El Ministerio → dictar un decreto exento suscrito bajo la fórmula "p
  [367/429] LEY 20936 art 98°: 4/4 válidas
        el titular del mismo → solicitar en forma fundada la aprobación del Ministe
        el proyecto → sujetarse a lo dispuesto en la ley Nº19.300, sobre B
  [368/429] LEY 20936 art 99°: 4/4 válidas
        El propietario de la obra de ampli → pagar
        El propietario de la obra de ampli → recibir
  [369/429] LEY 20936 art 99° bis: 5/5 válidas
        El Ministerio de Energía → disponer que la Comisión elabore una propuesta de ex
        El Ministerio de Energía → disponer la ejecución de las obras de expansión de i
  [370/429] LEY 20936 art 100°: 5/5 válidas
        La Comisión → determinar · plazo: cuatrienalmente
        La Comisión → incorporar
  [371/429] LEY 20936 art 101°: 6/7 válidas
        la Comisión → emitir un informe técnico preliminar con la califica · plazo: noventa días corridos
        los participantes y usuarios e ins → presentar sus observaciones · plazo: quince días
  [373/429] LEY 20936 art 104°: 7/7 válidas
        La Comisión → comunicará a los participantes y usuarios e instituc
        Los participantes y usuarios e ins → realizar observaciones · plazo: veinte días contados desde
  [374/429] LEY 20936 art 105°: 1/1 válidas
        la Comisión → dar inicio al o los estudios de valorización de las  · plazo: Dentro del plazo señalado 
  [375/429] LEY 20936 art 107°: 6/6 válidas
        la Comisión → enviar · plazo: A más tardar veinticuatro 
        los participantes y usuarios e ins → presentar · plazo: dentro del plazo de quince
  [376/429] LEY 20936 art 108°: 4/4 válidas
        Comisión → llamar a licitación pública internacional
        Comisión → adjudicar y supervisar
  [377/429] LEY 20936 art 109°: 1/1 válidas
        Las empresas de transmisión nacion → concurrir al pago del o los estudios de valorización
  [378/429] LEY 20936 art 110°: 1/1 válidas
        Los resultados del o los estudios  → deberán especificar y distinguir
  [379/429] LEY 20936 art 111°: 1/1 válidas
        La Comisión → convocará a una audiencia pública · plazo: cinco días
  [380/429] LEY 20936 art 112°: 8/9 válidas
        la Comisión → elaborar un informe técnico preliminar · plazo: tres meses
        la Comisión → comunicar el informe técnico preliminar · plazo: tres meses
  [381/429] LEY 20936 art 113°: 3/3 válidas
        las empresas de transmisión → reajustar · plazo: quince días de anticipació
        las diferencias → abonadas o cargadas · plazo: con ocasión del cálculo se
  [382/429] LEY 20936 art 114°: 4/4 válidas
        Las empresas propietarias de las i → percibir anualmente el valor anual de la transmisión
        Los propietarios de las instalacio → percibir de los clientes regulados la proporción cor
  [383/429] LEY 20936 art 114° bis: 2/4 válidas
        el Coordinador → efectuar una reasignación de la componente de ingres
        el Coordinador → Identificar las instalaciones de transmisión que pre
  [384/429] LEY 20936 art 115°: 1/1 válidas
        Los montos facturados por los resp → deberán ser traspasados
  [385/429] LEY 20936 art 117°: 1/1 válidas
        El Coordinador → realizar todos los cálculos necesarios para la repar
  [387/429] LEY 20936 art 119°: 3/3 válidas
        la Comisión → licitar un estudio que defina la metodología de cálc · plazo: Antes de cinco meses del p
        la Comisión → emitir un informe técnico con la tasa de descuento
  [388/429] LEY 20936 art 120°: 4/4 válidas
        Los concesionarios de servicio púb → prestar el servicio de transporte, permitiendo el ac
        Quienes transporten electricidad y → pagar al concesionario un peaje igual al valor agreg
  [389/429] LEY 20936 art 212°: 5/5 válidas
        Comisión → fijar anualmente · plazo: antes del 19 de noviembre 
        empresa distribuidora → efectuar el pago de los montos recaudados mensualmen · plazo: mensualmente
  [390/429] LEY 20936 art primero: 4/4 válidas
        La Comisión → establecer · plazo: dentro del primer mes de p
        La Comisión → prestar
  [391/429] LEY 20936 art segundo: 4/4 válidas
        La Comisión → velar por el uso eficiente de los recursos consignad
        El Consejo Directivo → revisar dicho presupuesto y efectuar los ajustes cor
  [392/429] LEY 20936 art tercero: 2/2 válidas
        El cargo único por servicio públic → deberá ser incorporado
        El Panel → enviar · plazo: a más tardar el 30 de juni
  [393/429] LEY 20936 art cuarto: 1/1 válidas
        Las personas que al momento de su  → renunciar
  [394/429] LEY 20936 art sexto: 4/4 válidas
        los CDEC → ceder
        Cualquier donación → no deberá sujetarse
  [395/429] LEY 21472 art 1: 1/1 válidas
        Las empresas distribuidoras → informar
  [397/429] LEY 21472 art 3: 2/3 válidas
        las concesionarias de servicio púb → traspasar
        la distribuidora → identificar
  [398/429] LEY 21472 art 4: 1/1 válidas
        la empresa de distribución → determinar el Beneficio a Cliente Final
  [399/429] LEY 21472 art 5: 3/3 válidas
        Comisión Nacional de Energía → contabilizar
        Superintendencia de Electricidad y → emitir
  [401/429] LEY 21472 art 7: 3/4 válidas
        las concesionarias de servicio púb → pagar · plazo: A partir de la publicación
        las distribuidoras → informar
  [402/429] LEY 21472 art 10: 2/3 válidas
        Las concesionarias de distribución → transferir el monto de dinero recaudado con ocasión 
        Las concesionarias de distribución → transferir · plazo: en la fecha que el documen
  [403/429] LEY 21472 art 13: 2/2 válidas
        La Comisión Nacional de Energía → establecerá las reglas necesarias para la implementa
        el Coordinador → establecerá un procedimiento interno que determine l
  [404/429] LEY 21472 art 15: 3/3 válidas
        Los clientes sometidos a regulació → opten por cambiar al régimen de precios libres · plazo: a partir de la vigencia de
        los clientes libres sujetos a peaj → financiar la Componente NT del Cargo MPC
  [405/429] LEY 21472 art 16: 3/4 válidas
        la empresa de distribución → exceptuar del cobro
        la empresa distribuidora → verificarlos · plazo: en la periodicidad que est
  [406/429] LEY 21472 art 17: 1/1 válidas
        El Ministerio de Energía → presentar · plazo: cada seis meses desde la p
  [407/429] LEY 21472 art primero: 1/1 válidas
        Ministerio de Hacienda → dictar el reglamento · plazo: seis meses contado desde l
  [408/429] LEY 21472 art cuarto: 1/1 válidas
        Ministerio de Hacienda → efectuará un aporte · plazo: durante el año 2022
  [409/429] LEY 21472 art séptimo: 1/1 válidas
        el Ministerio de Energía y la Teso → remitir · plazo: Semestralmente
  [410/429] LEY 21667 art primero: 3/3 válidas
        La Tesorería General de la Repúbli → destinar los recursos del Fondo de Estabilización de
        La Tesorería General de la Repúbli → realizar el pago de los saldos adeudados en represen
  [411/429] LEY 21667 art segundo: 12/12 válidas
        Comisión Nacional de Energía → emitirá el informe técnico preliminar · plazo: quince días contado desde 
        empresas suministradoras y distrib → realizar observaciones al informe técnico preliminar · plazo: cinco días contado desde s
  [412/429] LEY 21667 art sexto: 3/3 válidas
        el Ministerio de Hacienda → realizará aportes anuales · plazo: Durante los años 2024, 202
        el Ministerio de Energía → remitirán · plazo: Durante la vigencia del su
  [413/429] RESOLUCIÓN 237 art tercero: 1/1 válidas
        La presente resolución → deberá estar disponible · plazo: a más tardar el día hábil 
  [414/429] RESOLUCIÓN 583 art segundo: 1/1 válidas
        La presente resolución → deberá estar disponible · plazo: a más tardar el día hábil 
  [416/429] RESOLUCIÓN 711 art 4°: 1/1 válidas
        La Planificación de la Transmisión → deberá considerar
  [417/429] RESOLUCIÓN 711 art 5°: 6/6 válidas
        La Planificación de la Transmisión → deberá considerar
        La Planificación de la Transmisión → deberá realizarse considerando
  [418/429] RESOLUCIÓN 711 art 6°: 1/1 válidas
        El proceso de planificación → contemplar
  [420/429] RESOLUCIÓN 711 art 8°: 1/1 válidas
        La Comisión → considerar
  [421/429] RESOLUCIÓN 711 art 9°: 1/1 válidas
        el Ministerio → remitir · plazo: dentro del primer trimestr
  [422/429] RESOLUCIÓN 711 art 10°: 1/1 válidas
        la Comisión → individualizarla
  [423/429] RESOLUCIÓN 711 art 12°: 1/1 válidas
        La Planificación de la Transmisión → deberá considerar
  [424/429] RESOLUCIÓN 711 art 14°: 2/2 válidas
        la Comisión → aplicar la metodología
        la Comisión → utilizar la información y los antecedentes
  [426/429] RESOLUCIÓN 711 art 16°: 5/5 válidas
        El proceso de planificación → se iniciará con una etapa de Análisis Preliminar
        se procederá → a realizar un Análisis de Suficiencia
  [427/429] RESOLUCIÓN 711 art 24°: 5/5 válidas
        Las expansiones de instalaciones p → no podrán degradar el desempeño de las instalaciones
        Las expansiones de instalaciones p → deberán considerar los costos asociados y/o los even
  [428/429] RESOLUCIÓN 711 art 26°: 7/7 válidas
        La Comisión → considerará en la Planificación de la Transmisión lo
        La Comisión → incorporar en la planificación de la transmisión, co
  [429/429] RESOLUCIÓN 711 art tercero: 1/1 válidas
        La presente resolución → deberá estar disponible · plazo: a más tarde el día hábil s

=== propuestas 1119 · VÁLIDAS 1076 · descartadas 43 GUARDADAS ===
   descartadas por evidencia no es cita literal: 21
   descartadas por sujeto no aparece: 14
   descartadas por plazo inventado: 8
