2026-08-19 10:15:01 relanzo gate_noregresion
2026-08-19 18:30:01 cola COMPLETA, nada que hacer
2026-08-19 18:45:01 cola COMPLETA, nada que hacer
2026-08-19 19:00:01 cola COMPLETA, nada que hacer
2026-08-19 19:15:01 cola COMPLETA, nada que hacer
2026-08-19 19:30:01 cola COMPLETA, nada que hacer
2026-08-19 19:45:01 cola COMPLETA, nada que hacer
2026-08-19 20:00:01 cola COMPLETA, nada que hacer
2026-08-19 20:15:01 cola COMPLETA, nada que hacer
2026-08-19 20:30:01 cola COMPLETA, nada que hacer
2026-08-19 20:45:01 cola COMPLETA, nada que hacer
2026-08-19 21:00:01 cola COMPLETA, nada que hacer
2026-08-19 21:15:01 cola COMPLETA, nada que hacer
2026-08-19 21:30:01 cola COMPLETA, nada que hacer
2026-08-19 21:45:01 cola COMPLETA, nada que hacer
2026-08-19 22:00:01 cola COMPLETA, nada que hacer
2026-08-19 22:15:01 cola COMPLETA, nada que hacer
2026-08-19 22:30:01 cola COMPLETA, nada que hacer
2026-08-19 22:45:01 cola COMPLETA, nada que hacer
2026-08-19 23:00:01 cola COMPLETA, nada que hacer
2026-08-19 23:15:01 cola COMPLETA, nada que hacer
2026-08-19 23:30:01 cola COMPLETA, nada que hacer
2026-08-19 23:45:01 cola COMPLETA, nada que hacer
2026-08-20 07:30:01 relanzo post_reingesta_op
2026-08-20 12:45:02 cola COMPLETA, nada que hacer
2026-08-20 13:00:01 cola COMPLETA, nada que hacer
2026-08-20 13:15:01 cola COMPLETA, nada que hacer
2026-08-20 13:30:01 cola COMPLETA, nada que hacer
2026-08-20 13:45:01 cola COMPLETA, nada que hacer
2026-08-20 14:00:01 cola COMPLETA, nada que hacer
2026-08-20 14:15:01 cola COMPLETA, nada que hacer
2026-08-20 14:30:01 cola COMPLETA, nada que hacer
2026-08-20 14:45:01 cola COMPLETA, nada que hacer
2026-08-20 15:00:01 cola COMPLETA, nada que hacer
2026-08-20 15:15:01 cola COMPLETA, nada que hacer
2026-08-20 15:30:01 cola COMPLETA, nada que hacer
2026-08-20 15:44:56 relanzo veto_fraseos
2026-08-20 18:15:01 relanzo veto_operativas
2026-08-20 19:39:01 relanzo veto_operativas
2026-08-20 23:00:01 cola COMPLETA, nada que hacer
2026-08-20 23:15:01 cola COMPLETA, nada que hacer
2026-08-20 23:30:01 cola COMPLETA, nada que hacer
2026-08-20 23:45:01 cola COMPLETA, nada que hacer
2026-08-21 00:00:01 cola COMPLETA, nada que hacer
2026-08-21 00:15:02 cola COMPLETA, nada que hacer
2026-08-21 00:30:01 cola COMPLETA, nada que hacer
2026-08-21 00:45:01 cola COMPLETA, nada que hacer
2026-08-21 01:00:01 cola COMPLETA, nada que hacer
2026-08-21 01:15:01 cola COMPLETA, nada que hacer
2026-08-21 01:30:01 cola COMPLETA, nada que hacer
2026-08-21 01:45:01 cola COMPLETA, nada que hacer
2026-08-21 02:00:01 cola COMPLETA, nada que hacer
2026-08-21 02:15:01 cola COMPLETA, nada que hacer
2026-08-21 02:30:02 cola COMPLETA, nada que hacer
2026-08-21 02:45:01 cola COMPLETA, nada que hacer
2026-08-21 03:00:01 cola COMPLETA, nada que hacer
2026-08-21 03:15:01 cola COMPLETA, nada que hacer
2026-08-21 03:30:01 cola COMPLETA, nada que hacer
2026-08-21 03:45:01 cola COMPLETA, nada que hacer
2026-08-21 04:00:01 cola COMPLETA, nada que hacer
2026-08-21 04:15:01 cola COMPLETA, nada que hacer
2026-08-21 04:30:01 cola COMPLETA, nada que hacer
2026-08-21 04:45:02 cola COMPLETA, nada que hacer
2026-08-21 05:00:01 cola COMPLETA, nada que hacer
2026-08-21 05:15:01 cola COMPLETA, nada que hacer
2026-08-21 05:30:01 cola COMPLETA, nada que hacer
2026-08-21 05:45:01 cola COMPLETA, nada que hacer
2026-08-21 06:00:01 cola COMPLETA, nada que hacer
2026-08-21 06:15:01 cola COMPLETA, nada que hacer
2026-08-21 06:30:01 cola COMPLETA, nada que hacer
2026-08-21 06:45:02 cola COMPLETA, nada que hacer
2026-08-21 07:00:01 cola COMPLETA, nada que hacer
2026-08-21 07:15:01 cola COMPLETA, nada que hacer
2026-08-21 07:30:01 cola COMPLETA, nada que hacer
2026-08-21 07:45:01 cola COMPLETA, nada que hacer
2026-08-21 08:00:01 cola COMPLETA, nada que hacer
2026-08-21 08:15:01 cola COMPLETA, nada que hacer
2026-08-21 08:30:01 cola COMPLETA, nada que hacer
2026-08-21 08:45:01 cola COMPLETA, nada que hacer
2026-08-21 09:00:01 cola COMPLETA, nada que hacer
2026-08-21 09:15:01 cola COMPLETA, nada que hacer
2026-08-21 09:30:01 cola COMPLETA, nada que hacer
2026-08-21 09:45:01 cola COMPLETA, nada que hacer
2026-08-21 10:00:01 cola COMPLETA, nada que hacer
2026-08-21 10:15:01 cola COMPLETA, nada que hacer
2026-08-21 10:30:01 cola COMPLETA, nada que hacer
2026-08-21 10:45:01 cola COMPLETA, nada que hacer
2026-08-21 10:48:16 relanzo ambiguedad
2026-08-21 10:48:37 relanzo ambiguedad
2026-08-21 10:49:14 relanzo ambiguedad
2026-08-21 11:30:01 cola COMPLETA, nada que hacer
2026-08-21 11:45:02 cola COMPLETA, nada que hacer
2026-08-21 12:00:01 cola COMPLETA, nada que hacer
2026-08-21 12:15:01 cola COMPLETA, nada que hacer
2026-08-21 12:30:01 cola COMPLETA, nada que hacer
2026-08-21 12:45:01 cola COMPLETA, nada que hacer
2026-08-21 13:00:01 cola COMPLETA, nada que hacer
2026-08-21 13:15:01 cola COMPLETA, nada que hacer
2026-08-21 13:30:01 cola COMPLETA, nada que hacer
2026-08-21 13:45:02 cola COMPLETA, nada que hacer
2026-08-21 14:00:01 cola COMPLETA, nada que hacer
2026-08-21 14:15:01 cola COMPLETA, nada que hacer
2026-08-21 14:30:01 cola COMPLETA, nada que hacer
2026-08-21 14:45:01 cola COMPLETA, nada que hacer
2026-08-21 15:00:01 cola COMPLETA, nada que hacer
2026-08-21 15:15:01 cola COMPLETA, nada que hacer
2026-08-21 15:30:01 cola COMPLETA, nada que hacer
2026-08-21 15:45:02 cola COMPLETA, nada que hacer
2026-08-21 16:00:01 cola COMPLETA, nada que hacer
2026-08-21 16:15:01 cola COMPLETA, nada que hacer
2026-08-21 16:30:01 cola COMPLETA, nada que hacer
2026-08-21 16:45:01 cola COMPLETA, nada que hacer
2026-08-21 17:00:01 cola COMPLETA, nada que hacer
2026-08-21 17:15:01 cola COMPLETA, nada que hacer
2026-08-21 17:30:02 cola COMPLETA, nada que hacer
2026-08-21 17:45:01 cola COMPLETA, nada que hacer
2026-08-21 18:00:01 cola COMPLETA, nada que hacer
2026-08-21 18:15:01 cola COMPLETA, nada que hacer
2026-08-21 18:30:01 cola COMPLETA, nada que hacer
2026-08-21 18:45:01 cola COMPLETA, nada que hacer
2026-08-21 19:00:01 cola COMPLETA, nada que hacer
2026-08-21 19:15:01 cola COMPLETA, nada que hacer
2026-08-21 19:30:02 cola COMPLETA, nada que hacer
2026-08-21 19:45:01 cola COMPLETA, nada que hacer
2026-08-21 20:00:01 cola COMPLETA, nada que hacer
2026-08-21 20:15:01 cola COMPLETA, nada que hacer
2026-08-21 20:30:01 cola COMPLETA, nada que hacer
2026-08-21 20:45:01 cola COMPLETA, nada que hacer
2026-08-21 21:00:01 cola COMPLETA, nada que hacer
2026-08-21 21:15:01 cola COMPLETA, nada que hacer
2026-08-21 21:30:02 cola COMPLETA, nada que hacer
2026-08-21 21:45:01 cola COMPLETA, nada que hacer
2026-08-21 22:00:01 cola COMPLETA, nada que hacer
2026-08-21 22:15:01 cola COMPLETA, nada que hacer
2026-08-21 22:30:01 cola COMPLETA, nada que hacer
2026-08-21 22:45:01 cola COMPLETA, nada que hacer
2026-08-21 23:00:01 cola COMPLETA, nada que hacer
2026-08-21 23:15:01 cola COMPLETA, nada que hacer
2026-08-21 23:30:01 cola COMPLETA, nada que hacer
2026-08-21 23:45:01 cola COMPLETA, nada que hacer
2026-08-22 00:00:01 cola COMPLETA, nada que hacer
2026-08-22 00:15:38 cola COMPLETA, nada que hacer
2026-08-22 00:30:01 cola COMPLETA, nada que hacer
2026-08-22 00:45:01 cola COMPLETA, nada que hacer
2026-08-22 01:00:01 cola COMPLETA, nada que hacer
2026-08-22 01:15:01 cola COMPLETA, nada que hacer
2026-08-22 01:19:39 relanzo r5_fallback
2026-08-22 04:30:02 relanzo r5_fallback
2026-08-22 04:45:01 relanzo r5_fallback
2026-08-22 05:00:01 relanzo r5_fallback
2026-08-22 05:15:01 relanzo r5_fallback
2026-08-22 05:30:01 relanzo r5_fallback
2026-08-22 05:45:02 relanzo r5_fallback
2026-08-22 06:00:01 relanzo r5_fallback
2026-08-22 06:15:01 relanzo r5_fallback
2026-08-22 06:30:01 relanzo r5_fallback
2026-08-22 06:45:01 relanzo r5_fallback
2026-08-22 07:00:01 relanzo r5_fallback
2026-08-22 07:15:01 relanzo r5_fallback
2026-08-22 07:30:01 relanzo r5_fallback
2026-08-22 07:45:01 relanzo r5_fallback
2026-08-22 08:00:01 relanzo r5_fallback
2026-08-22 08:15:01 relanzo r5_fallback
2026-08-22 08:30:01 relanzo r5_fallback
2026-08-22 08:45:01 relanzo r5_fallback
2026-08-22 09:00:02 relanzo r5_fallback
2026-08-22 09:15:01 relanzo r5_fallback
2026-08-22 09:30:01 relanzo r5_fallback
2026-08-22 09:45:01 relanzo r5_fallback
2026-08-22 10:00:01 relanzo r5_fallback
2026-08-22 10:15:01 relanzo r5_fallback
2026-08-22 10:30:01 relanzo r5_fallback
2026-08-22 10:45:01 relanzo r5_fallback
2026-08-22 11:00:01 relanzo r5_fallback
2026-08-22 11:15:01 relanzo r5_fallback
2026-08-22 11:30:01 relanzo r5_fallback
2026-08-22 11:45:01 relanzo r5_fallback
2026-08-22 12:00:01 relanzo r5_fallback
2026-08-22 12:15:01 relanzo r5_fallback
2026-08-22 12:30:01 relanzo r5_fallback
2026-08-22 12:45:01 relanzo r5_fallback
2026-08-22 13:00:01 relanzo r5_fallback
2026-08-22 13:15:01 relanzo r5_fallback
2026-08-22 13:30:01 relanzo r5_fallback
2026-08-22 13:45:01 relanzo r5_fallback
2026-08-22 14:00:01 relanzo r5_fallback
2026-08-22 14:15:01 relanzo r5_fallback
2026-08-22 14:30:01 relanzo r5_fallback
2026-08-22 14:45:01 relanzo r5_fallback
2026-08-22 15:00:02 relanzo r5_fallback
2026-08-22 15:15:01 relanzo r5_fallback
2026-08-22 15:17:17 relanzo filtro_fraseos
2026-08-22 18:56:47 relanzo filtro_operativas
2026-08-23 00:32:27 relanzo filtro_operativas
2026-08-23 02:00:50 relanzo filtro_operativas
2026-08-23 10:45:02 cola COMPLETA, nada que hacer
2026-08-23 11:00:01 cola COMPLETA, nada que hacer
2026-08-23 11:15:01 cola COMPLETA, nada que hacer
2026-08-23 11:30:01 cola COMPLETA, nada que hacer
2026-08-23 11:45:01 cola COMPLETA, nada que hacer
2026-08-23 12:00:01 cola COMPLETA, nada que hacer
2026-08-23 12:15:01 cola COMPLETA, nada que hacer
2026-08-23 12:30:01 cola COMPLETA, nada que hacer
2026-08-23 12:45:02 cola COMPLETA, nada que hacer
2026-08-23 13:00:01 cola COMPLETA, nada que hacer
2026-08-23 13:15:01 cola COMPLETA, nada que hacer
2026-08-23 13:30:01 cola COMPLETA, nada que hacer
2026-08-23 13:45:01 cola COMPLETA, nada que hacer
2026-08-23 14:00:01 cola COMPLETA, nada que hacer
2026-08-23 14:15:01 cola COMPLETA, nada que hacer
2026-08-23 14:30:02 cola COMPLETA, nada que hacer
2026-08-23 14:45:01 cola COMPLETA, nada que hacer
2026-08-23 15:00:01 cola COMPLETA, nada que hacer
2026-08-23 15:15:01 cola COMPLETA, nada que hacer
2026-08-23 15:30:01 cola COMPLETA, nada que hacer
2026-08-23 15:45:01 cola COMPLETA, nada que hacer
2026-08-23 16:00:01 cola COMPLETA, nada que hacer
2026-08-23 16:15:02 cola COMPLETA, nada que hacer
2026-08-23 16:30:01 cola COMPLETA, nada que hacer
2026-08-23 16:45:01 cola COMPLETA, nada que hacer
2026-08-23 17:00:01 cola COMPLETA, nada que hacer
2026-08-23 17:15:01 cola COMPLETA, nada que hacer
2026-08-23 17:30:01 cola COMPLETA, nada que hacer
2026-08-23 17:45:01 cola COMPLETA, nada que hacer
2026-08-23 18:00:02 cola COMPLETA, nada que hacer
2026-08-23 18:15:01 cola COMPLETA, nada que hacer
2026-08-23 18:30:01 cola COMPLETA, nada que hacer
2026-08-23 18:45:01 cola COMPLETA, nada que hacer
2026-08-23 19:00:01 cola COMPLETA, nada que hacer
2026-08-23 19:15:01 cola COMPLETA, nada que hacer
2026-08-23 19:30:01 cola COMPLETA, nada que hacer
2026-08-24 00:45:01 cola COMPLETA, nada que hacer
2026-08-24 01:15:01 relanzo selfcons_n1
2026-08-24 05:45:01 cola COMPLETA, nada que hacer
2026-08-24 06:00:01 cola COMPLETA, nada que hacer
2026-08-24 06:15:01 cola COMPLETA, nada que hacer
2026-08-24 06:30:01 cola COMPLETA, nada que hacer
2026-08-24 06:45:02 cola COMPLETA, nada que hacer
2026-08-24 07:00:01 cola COMPLETA, nada que hacer
2026-08-24 07:15:01 cola COMPLETA, nada que hacer
2026-08-24 07:30:01 cola COMPLETA, nada que hacer
2026-08-24 07:45:01 cola COMPLETA, nada que hacer
2026-08-24 08:00:01 cola COMPLETA, nada que hacer
2026-08-24 08:15:02 cola COMPLETA, nada que hacer
2026-08-24 08:30:01 cola COMPLETA, nada que hacer
2026-08-24 08:45:01 cola COMPLETA, nada que hacer
2026-08-24 09:00:01 cola COMPLETA, nada que hacer
2026-08-24 09:15:01 cola COMPLETA, nada que hacer
2026-08-24 09:30:01 cola COMPLETA, nada que hacer
2026-08-24 09:45:02 cola COMPLETA, nada que hacer
2026-08-24 10:00:01 cola COMPLETA, nada que hacer
2026-08-24 10:15:01 cola COMPLETA, nada que hacer
2026-08-24 10:30:01 cola COMPLETA, nada que hacer
2026-08-24 10:45:01 cola COMPLETA, nada que hacer
2026-08-24 11:00:01 cola COMPLETA, nada que hacer
2026-08-24 11:15:02 cola COMPLETA, nada que hacer
2026-08-24 11:30:01 cola COMPLETA, nada que hacer
2026-08-24 13:00:01 cola COMPLETA, nada que hacer
2026-08-24 13:15:01 cola COMPLETA, nada que hacer
2026-08-24 13:30:01 cola COMPLETA, nada que hacer
2026-08-24 13:45:01 cola COMPLETA, nada que hacer
2026-08-24 14:00:02 cola COMPLETA, nada que hacer
2026-08-24 14:15:01 cola COMPLETA, nada que hacer
2026-08-24 14:30:01 cola COMPLETA, nada que hacer
2026-08-24 14:45:01 cola COMPLETA, nada que hacer
2026-08-24 15:00:01 cola COMPLETA, nada que hacer
2026-08-24 16:30:01 cola COMPLETA, nada que hacer
2026-08-24 16:45:02 cola COMPLETA, nada que hacer
2026-08-24 17:00:01 cola COMPLETA, nada que hacer
2026-08-24 17:15:01 cola COMPLETA, nada que hacer
2026-08-24 17:30:01 cola COMPLETA, nada que hacer
2026-08-24 17:45:01 cola COMPLETA, nada que hacer
2026-08-24 18:00:01 cola COMPLETA, nada que hacer
2026-08-24 18:15:01 cola COMPLETA, nada que hacer
2026-08-24 18:30:01 cola COMPLETA, nada que hacer
2026-08-24 18:45:01 cola COMPLETA, nada que hacer
2026-08-24 19:00:01 cola COMPLETA, nada que hacer
2026-08-24 19:15:01 cola COMPLETA, nada que hacer
2026-08-24 19:30:01 cola COMPLETA, nada que hacer
2026-08-24 19:45:02 cola COMPLETA, nada que hacer
2026-08-24 20:00:01 cola COMPLETA, nada que hacer
2026-08-24 20:15:01 cola COMPLETA, nada que hacer
2026-08-24 20:30:01 cola COMPLETA, nada que hacer
2026-08-24 20:45:01 cola COMPLETA, nada que hacer
2026-08-24 21:00:01 cola COMPLETA, nada que hacer
2026-08-24 21:15:01 cola COMPLETA, nada que hacer
2026-08-24 21:30:01 cola COMPLETA, nada que hacer
2026-08-24 21:45:01 cola COMPLETA, nada que hacer
2026-08-24 22:00:01 cola COMPLETA, nada que hacer
2026-08-24 22:15:01 cola COMPLETA, nada que hacer
2026-08-24 22:30:01 cola COMPLETA, nada que hacer
2026-08-24 22:45:01 cola COMPLETA, nada que hacer
2026-08-24 23:00:01 cola COMPLETA, nada que hacer
2026-08-24 23:15:01 cola COMPLETA, nada que hacer
2026-08-24 23:30:01 cola COMPLETA, nada que hacer
2026-08-24 23:45:02 cola COMPLETA, nada que hacer
2026-08-25 00:00:01 cola COMPLETA, nada que hacer
2026-08-25 00:15:01 cola COMPLETA, nada que hacer
2026-08-25 00:30:01 cola COMPLETA, nada que hacer
2026-08-25 01:15:01 cola COMPLETA, nada que hacer
2026-08-25 01:30:02 cola COMPLETA, nada que hacer
2026-08-25 01:45:01 cola COMPLETA, nada que hacer
2026-08-25 02:00:01 cola COMPLETA, nada que hacer
2026-08-25 02:15:01 cola COMPLETA, nada que hacer
2026-08-25 02:30:01 cola COMPLETA, nada que hacer
2026-08-25 02:45:01 cola COMPLETA, nada que hacer
2026-08-25 03:00:02 cola COMPLETA, nada que hacer
2026-08-25 03:15:01 cola COMPLETA, nada que hacer
2026-08-25 03:30:01 cola COMPLETA, nada que hacer
2026-08-25 03:45:01 cola COMPLETA, nada que hacer
2026-08-25 04:00:01 cola COMPLETA, nada que hacer
2026-08-25 04:15:02 cola COMPLETA, nada que hacer
2026-08-25 04:30:01 cola COMPLETA, nada que hacer
2026-08-25 04:45:01 cola COMPLETA, nada que hacer
2026-08-25 05:00:01 cola COMPLETA, nada que hacer
2026-08-25 05:15:01 cola COMPLETA, nada que hacer
2026-08-25 05:30:01 cola COMPLETA, nada que hacer
2026-08-25 05:45:02 cola COMPLETA, nada que hacer
2026-08-25 06:00:01 cola COMPLETA, nada que hacer
2026-08-25 06:15:01 cola COMPLETA, nada que hacer
2026-08-25 06:30:01 cola COMPLETA, nada que hacer
2026-08-25 06:45:01 cola COMPLETA, nada que hacer
2026-08-25 07:00:01 cola COMPLETA, nada que hacer
2026-08-25 07:15:02 cola COMPLETA, nada que hacer
2026-08-25 07:30:01 cola COMPLETA, nada que hacer
2026-08-25 07:45:01 cola COMPLETA, nada que hacer
2026-08-25 08:00:01 cola COMPLETA, nada que hacer
2026-08-25 08:15:01 cola COMPLETA, nada que hacer
2026-08-25 09:15:01 cola COMPLETA, nada que hacer
2026-08-25 09:30:01 cola COMPLETA, nada que hacer
2026-08-25 09:45:01 cola COMPLETA, nada que hacer
2026-08-25 10:00:01 cola COMPLETA, nada que hacer
2026-08-25 10:15:01 cola COMPLETA, nada que hacer
2026-08-25 10:30:01 cola COMPLETA, nada que hacer
2026-08-25 10:45:01 cola COMPLETA, nada que hacer
2026-08-25 11:00:01 cola COMPLETA, nada que hacer
2026-08-25 11:15:01 cola COMPLETA, nada que hacer
2026-08-25 11:30:02 cola COMPLETA, nada que hacer
2026-08-25 11:45:01 cola COMPLETA, nada que hacer
2026-08-25 12:00:01 cola COMPLETA, nada que hacer
2026-08-25 12:15:01 cola COMPLETA, nada que hacer
2026-08-25 12:30:01 cola COMPLETA, nada que hacer
2026-08-25 15:00:01 cola COMPLETA, nada que hacer
2026-08-25 15:15:01 cola COMPLETA, nada que hacer
2026-08-25 15:30:01 cola COMPLETA, nada que hacer
2026-08-25 17:45:01 cola COMPLETA, nada que hacer
2026-08-25 18:00:01 cola COMPLETA, nada que hacer
2026-08-25 18:15:02 cola COMPLETA, nada que hacer
2026-08-25 18:30:01 cola COMPLETA, nada que hacer
2026-08-25 18:45:01 cola COMPLETA, nada que hacer
2026-08-25 19:00:01 cola COMPLETA, nada que hacer
2026-08-25 19:15:01 cola COMPLETA, nada que hacer
2026-08-25 19:30:02 cola COMPLETA, nada que hacer
2026-08-25 19:45:01 cola COMPLETA, nada que hacer
2026-08-25 20:00:01 cola COMPLETA, nada que hacer
2026-08-26 03:00:01 cola COMPLETA, nada que hacer
2026-08-26 03:15:01 cola COMPLETA, nada que hacer
2026-08-26 03:30:01 cola COMPLETA, nada que hacer
2026-08-26 03:45:01 cola COMPLETA, nada que hacer
2026-08-26 04:00:01 cola COMPLETA, nada que hacer
2026-08-26 04:15:02 cola COMPLETA, nada que hacer
2026-08-26 04:30:01 cola COMPLETA, nada que hacer
2026-08-26 04:45:01 cola COMPLETA, nada que hacer
2026-08-26 05:00:01 cola COMPLETA, nada que hacer
2026-08-26 05:15:01 cola COMPLETA, nada que hacer
2026-08-26 05:30:01 cola COMPLETA, nada que hacer
2026-08-26 05:45:02 cola COMPLETA, nada que hacer
2026-08-26 06:00:01 cola COMPLETA, nada que hacer
2026-08-26 06:15:01 cola COMPLETA, nada que hacer
2026-08-26 06:30:01 cola COMPLETA, nada que hacer
2026-08-26 06:45:01 cola COMPLETA, nada que hacer
2026-08-26 07:00:01 cola COMPLETA, nada que hacer
2026-08-26 07:15:02 cola COMPLETA, nada que hacer
2026-08-26 07:30:01 cola COMPLETA, nada que hacer
2026-08-26 07:45:01 cola COMPLETA, nada que hacer
2026-08-26 08:00:01 cola COMPLETA, nada que hacer
2026-08-26 08:15:01 cola COMPLETA, nada que hacer
2026-08-26 08:30:01 cola COMPLETA, nada que hacer
2026-08-26 08:45:02 cola COMPLETA, nada que hacer
2026-08-26 09:00:01 cola COMPLETA, nada que hacer
2026-08-26 09:15:01 cola COMPLETA, nada que hacer
2026-08-26 09:30:01 cola COMPLETA, nada que hacer
2026-08-26 09:45:01 cola COMPLETA, nada que hacer
2026-08-26 10:00:02 cola COMPLETA, nada que hacer
2026-08-26 10:15:01 cola COMPLETA, nada que hacer
2026-08-26 10:30:01 cola COMPLETA, nada que hacer
2026-08-26 10:45:01 cola COMPLETA, nada que hacer
2026-08-26 11:00:01 cola COMPLETA, nada que hacer
2026-08-26 11:15:01 cola COMPLETA, nada que hacer
2026-08-26 11:30:02 cola COMPLETA, nada que hacer
2026-08-26 11:45:01 cola COMPLETA, nada que hacer
2026-08-26 14:15:01 cola COMPLETA, nada que hacer
2026-08-26 14:30:02 cola COMPLETA, nada que hacer
2026-08-26 14:45:01 cola COMPLETA, nada que hacer
2026-08-26 15:00:01 cola COMPLETA, nada que hacer
2026-08-26 15:15:01 cola COMPLETA, nada que hacer
2026-08-26 15:30:02 cola COMPLETA, nada que hacer
2026-08-26 15:45:01 cola COMPLETA, nada que hacer
2026-08-26 16:00:01 cola COMPLETA, nada que hacer
2026-08-26 16:15:01 cola COMPLETA, nada que hacer
2026-08-26 16:30:01 cola COMPLETA, nada que hacer
2026-08-26 16:45:01 cola COMPLETA, nada que hacer
2026-08-26 17:00:02 cola COMPLETA, nada que hacer
2026-08-26 17:15:01 cola COMPLETA, nada que hacer
2026-08-26 17:30:01 cola COMPLETA, nada que hacer
2026-08-26 17:45:01 cola COMPLETA, nada que hacer
2026-08-26 18:00:01 cola COMPLETA, nada que hacer
2026-08-26 18:15:02 cola COMPLETA, nada que hacer
2026-08-26 18:30:01 cola COMPLETA, nada que hacer
2026-08-26 18:45:01 cola COMPLETA, nada que hacer
2026-08-26 23:30:01 cola COMPLETA, nada que hacer
2026-08-26 23:45:01 cola COMPLETA, nada que hacer
2026-08-27 00:00:01 cola COMPLETA, nada que hacer
2026-08-27 00:15:02 cola COMPLETA, nada que hacer
2026-08-27 00:30:01 cola COMPLETA, nada que hacer
2026-08-27 00:45:01 cola COMPLETA, nada que hacer
2026-08-27 03:30:02 cola COMPLETA, nada que hacer
2026-08-27 03:45:01 cola COMPLETA, nada que hacer
2026-08-27 04:00:01 cola COMPLETA, nada que hacer
2026-08-27 04:15:01 cola COMPLETA, nada que hacer
2026-08-27 04:30:01 cola COMPLETA, nada que hacer
2026-08-27 04:45:01 cola COMPLETA, nada que hacer
2026-08-27 05:00:01 cola COMPLETA, nada que hacer
2026-08-27 05:15:02 cola COMPLETA, nada que hacer
2026-08-27 05:30:01 cola COMPLETA, nada que hacer
2026-08-27 05:45:01 cola COMPLETA, nada que hacer
2026-08-27 06:00:01 cola COMPLETA, nada que hacer
2026-08-27 06:15:01 cola COMPLETA, nada que hacer
2026-08-27 06:30:02 cola COMPLETA, nada que hacer
2026-08-27 06:45:01 cola COMPLETA, nada que hacer
2026-08-27 07:00:01 cola COMPLETA, nada que hacer
2026-08-27 07:15:01 cola COMPLETA, nada que hacer
2026-08-27 07:30:01 cola COMPLETA, nada que hacer
2026-08-27 07:45:01 cola COMPLETA, nada que hacer
2026-08-27 08:00:02 cola COMPLETA, nada que hacer
2026-08-27 08:15:01 cola COMPLETA, nada que hacer
2026-08-27 08:30:01 cola COMPLETA, nada que hacer
2026-08-27 08:45:01 cola COMPLETA, nada que hacer
2026-08-27 09:00:01 cola COMPLETA, nada que hacer
2026-08-27 09:15:01 cola COMPLETA, nada que hacer
2026-08-27 09:30:02 cola COMPLETA, nada que hacer
2026-08-27 09:45:01 cola COMPLETA, nada que hacer
2026-08-27 10:00:01 cola COMPLETA, nada que hacer
2026-08-27 10:15:01 cola COMPLETA, nada que hacer
2026-08-27 10:30:01 cola COMPLETA, nada que hacer
2026-08-27 10:45:01 cola COMPLETA, nada que hacer
2026-08-27 11:00:02 cola COMPLETA, nada que hacer
2026-08-27 11:15:01 cola COMPLETA, nada que hacer
2026-08-27 11:30:01 cola COMPLETA, nada que hacer
2026-08-27 11:45:01 cola COMPLETA, nada que hacer
2026-08-27 12:00:01 cola COMPLETA, nada que hacer
2026-08-27 12:15:02 cola COMPLETA, nada que hacer
2026-08-27 12:30:01 cola COMPLETA, nada que hacer
2026-08-27 12:45:01 cola COMPLETA, nada que hacer
2026-08-27 13:00:01 cola COMPLETA, nada que hacer
2026-08-27 13:15:01 cola COMPLETA, nada que hacer
2026-08-27 13:30:01 cola COMPLETA, nada que hacer
2026-08-27 13:45:02 cola COMPLETA, nada que hacer
2026-08-27 14:00:01 cola COMPLETA, nada que hacer
2026-08-27 14:15:01 cola COMPLETA, nada que hacer
2026-08-27 14:30:01 cola COMPLETA, nada que hacer
2026-08-27 14:45:01 cola COMPLETA, nada que hacer
2026-08-27 15:00:01 cola COMPLETA, nada que hacer
2026-08-27 15:15:01 cola COMPLETA, nada que hacer
2026-08-27 15:30:01 cola COMPLETA, nada que hacer
2026-08-27 15:45:01 cola COMPLETA, nada que hacer
2026-08-27 16:00:01 cola COMPLETA, nada que hacer
2026-08-27 16:15:01 cola COMPLETA, nada que hacer
2026-08-27 16:30:02 cola COMPLETA, nada que hacer
2026-08-27 16:45:01 cola COMPLETA, nada que hacer
2026-08-27 17:00:01 cola COMPLETA, nada que hacer
2026-08-27 17:15:01 cola COMPLETA, nada que hacer
2026-08-27 17:30:01 cola COMPLETA, nada que hacer
2026-08-27 17:45:01 cola COMPLETA, nada que hacer
2026-08-27 18:00:02 cola COMPLETA, nada que hacer
2026-08-27 18:15:01 cola COMPLETA, nada que hacer
2026-08-27 18:30:01 cola COMPLETA, nada que hacer
2026-08-27 18:45:01 cola COMPLETA, nada que hacer
2026-08-27 19:00:01 cola COMPLETA, nada que hacer
2026-08-27 19:15:01 cola COMPLETA, nada que hacer
2026-08-27 19:30:02 cola COMPLETA, nada que hacer
2026-08-27 19:45:01 cola COMPLETA, nada que hacer
2026-08-27 20:00:01 cola COMPLETA, nada que hacer
2026-08-27 20:15:01 cola COMPLETA, nada que hacer
2026-08-27 20:30:01 cola COMPLETA, nada que hacer
2026-08-27 20:45:01 cola COMPLETA, nada que hacer
2026-08-27 21:00:02 cola COMPLETA, nada que hacer
2026-08-27 21:15:01 cola COMPLETA, nada que hacer
2026-08-27 21:30:01 cola COMPLETA, nada que hacer
2026-08-27 21:45:01 cola COMPLETA, nada que hacer
2026-08-27 22:00:01 cola COMPLETA, nada que hacer
2026-08-27 22:15:02 cola COMPLETA, nada que hacer
2026-08-27 22:30:01 cola COMPLETA, nada que hacer
2026-08-27 22:45:01 cola COMPLETA, nada que hacer
2026-08-27 23:00:01 cola COMPLETA, nada que hacer
2026-08-27 23:15:01 cola COMPLETA, nada que hacer
2026-08-28 00:15:01 cola COMPLETA, nada que hacer
2026-08-28 00:30:01 cola COMPLETA, nada que hacer
2026-08-28 00:45:01 cola COMPLETA, nada que hacer
2026-08-28 01:00:02 cola COMPLETA, nada que hacer
2026-08-28 01:15:01 cola COMPLETA, nada que hacer
2026-08-28 01:30:01 cola COMPLETA, nada que hacer
2026-08-28 01:45:01 cola COMPLETA, nada que hacer
2026-08-28 02:00:01 cola COMPLETA, nada que hacer
2026-08-28 02:15:01 cola COMPLETA, nada que hacer
2026-08-28 02:30:02 cola COMPLETA, nada que hacer
2026-08-28 02:45:01 cola COMPLETA, nada que hacer
2026-08-28 03:00:01 cola COMPLETA, nada que hacer
2026-08-28 03:15:01 cola COMPLETA, nada que hacer
2026-08-28 03:30:01 cola COMPLETA, nada que hacer
2026-08-28 03:45:02 cola COMPLETA, nada que hacer
2026-08-28 04:00:01 cola COMPLETA, nada que hacer
2026-08-28 04:15:01 cola COMPLETA, nada que hacer
2026-08-28 04:30:01 cola COMPLETA, nada que hacer
2026-08-28 04:45:01 cola COMPLETA, nada que hacer
2026-08-28 05:00:01 cola COMPLETA, nada que hacer
2026-08-28 05:15:02 cola COMPLETA, nada que hacer
2026-08-28 05:30:01 cola COMPLETA, nada que hacer
2026-08-28 05:45:01 cola COMPLETA, nada que hacer
2026-08-28 06:00:01 cola COMPLETA, nada que hacer
2026-08-28 06:15:01 cola COMPLETA, nada que hacer
2026-08-28 06:30:02 cola COMPLETA, nada que hacer
2026-08-28 06:45:01 cola COMPLETA, nada que hacer
2026-08-28 07:00:01 cola COMPLETA, nada que hacer
2026-08-28 07:15:01 cola COMPLETA, nada que hacer
2026-08-28 07:30:01 cola COMPLETA, nada que hacer
2026-08-28 07:45:01 cola COMPLETA, nada que hacer
2026-08-28 08:00:02 cola COMPLETA, nada que hacer
2026-08-28 08:15:01 cola COMPLETA, nada que hacer
2026-08-28 08:30:01 cola COMPLETA, nada que hacer
2026-08-28 08:45:01 cola COMPLETA, nada que hacer
2026-08-28 09:00:01 cola COMPLETA, nada que hacer
2026-08-28 09:15:01 cola COMPLETA, nada que hacer
2026-08-28 09:30:02 cola COMPLETA, nada que hacer
2026-08-28 09:45:01 cola COMPLETA, nada que hacer
2026-08-28 10:00:01 cola COMPLETA, nada que hacer
2026-08-28 10:15:01 cola COMPLETA, nada que hacer
2026-08-28 10:30:01 cola COMPLETA, nada que hacer
2026-08-28 10:45:01 cola COMPLETA, nada que hacer
2026-08-28 11:00:02 cola COMPLETA, nada que hacer
2026-08-28 11:15:01 cola COMPLETA, nada que hacer
2026-08-28 11:30:01 cola COMPLETA, nada que hacer
2026-08-28 11:45:01 cola COMPLETA, nada que hacer
2026-08-28 12:00:01 cola COMPLETA, nada que hacer
2026-08-28 12:15:02 cola COMPLETA, nada que hacer
2026-08-28 12:30:01 cola COMPLETA, nada que hacer
2026-08-28 12:45:01 cola COMPLETA, nada que hacer
2026-08-28 13:00:01 cola COMPLETA, nada que hacer
2026-08-28 13:15:01 cola COMPLETA, nada que hacer
2026-08-28 13:30:01 cola COMPLETA, nada que hacer
2026-08-28 13:45:02 cola COMPLETA, nada que hacer
2026-08-28 14:00:01 cola COMPLETA, nada que hacer
2026-08-28 14:15:01 cola COMPLETA, nada que hacer
2026-08-28 17:00:02 cola COMPLETA, nada que hacer
2026-08-28 17:15:01 cola COMPLETA, nada que hacer
2026-08-28 17:30:01 cola COMPLETA, nada que hacer
2026-08-28 17:45:01 cola COMPLETA, nada que hacer
2026-08-28 18:00:01 cola COMPLETA, nada que hacer
2026-08-28 19:30:01 cola COMPLETA, nada que hacer
2026-08-28 19:45:02 cola COMPLETA, nada que hacer
2026-08-28 20:00:01 cola COMPLETA, nada que hacer
2026-08-28 20:15:01 cola COMPLETA, nada que hacer
2026-08-28 20:30:01 cola COMPLETA, nada que hacer
2026-08-28 20:45:01 cola COMPLETA, nada que hacer
2026-08-28 21:00:01 cola COMPLETA, nada que hacer
2026-08-28 21:15:01 cola COMPLETA, nada que hacer
2026-08-28 21:30:01 cola COMPLETA, nada que hacer
2026-08-28 21:45:01 cola COMPLETA, nada que hacer
2026-08-28 22:00:01 cola COMPLETA, nada que hacer
2026-08-28 22:15:02 cola COMPLETA, nada que hacer
2026-08-28 22:30:01 cola COMPLETA, nada que hacer
2026-08-28 22:45:01 cola COMPLETA, nada que hacer
2026-08-28 23:00:01 cola COMPLETA, nada que hacer
2026-08-28 23:15:01 cola COMPLETA, nada que hacer
2026-08-28 23:30:01 cola COMPLETA, nada que hacer
2026-08-28 23:45:02 cola COMPLETA, nada que hacer
2026-08-29 00:00:01 cola COMPLETA, nada que hacer
2026-08-29 00:15:01 cola COMPLETA, nada que hacer
2026-08-29 00:30:01 cola COMPLETA, nada que hacer
2026-08-29 00:45:02 cola COMPLETA, nada que hacer
2026-08-29 01:00:01 cola COMPLETA, nada que hacer
2026-08-29 01:15:01 cola COMPLETA, nada que hacer
2026-08-29 01:30:01 cola COMPLETA, nada que hacer
2026-08-29 01:45:01 cola COMPLETA, nada que hacer
2026-08-29 02:00:01 cola COMPLETA, nada que hacer
2026-08-29 02:15:02 cola COMPLETA, nada que hacer
2026-08-29 02:30:01 cola COMPLETA, nada que hacer
2026-08-29 02:45:01 cola COMPLETA, nada que hacer
2026-08-29 03:00:01 cola COMPLETA, nada que hacer
2026-08-29 03:15:01 cola COMPLETA, nada que hacer
2026-08-29 03:30:01 cola COMPLETA, nada que hacer
2026-08-29 03:45:02 cola COMPLETA, nada que hacer
2026-08-29 04:00:01 cola COMPLETA, nada que hacer
2026-08-29 04:15:01 cola COMPLETA, nada que hacer
2026-08-29 04:30:01 cola COMPLETA, nada que hacer
2026-08-29 04:45:01 cola COMPLETA, nada que hacer
2026-08-29 05:00:01 cola COMPLETA, nada que hacer
2026-08-29 05:15:02 cola COMPLETA, nada que hacer
2026-08-29 05:30:01 cola COMPLETA, nada que hacer
2026-08-29 05:45:01 cola COMPLETA, nada que hacer
2026-08-29 06:00:01 cola COMPLETA, nada que hacer
2026-08-29 06:15:01 cola COMPLETA, nada que hacer
2026-08-29 06:30:02 cola COMPLETA, nada que hacer
2026-08-29 06:45:01 cola COMPLETA, nada que hacer
2026-08-29 07:00:01 cola COMPLETA, nada que hacer
2026-08-29 07:15:01 cola COMPLETA, nada que hacer
2026-08-29 07:30:01 cola COMPLETA, nada que hacer
2026-08-29 07:45:01 cola COMPLETA, nada que hacer
2026-08-29 08:00:02 cola COMPLETA, nada que hacer
2026-08-29 08:15:01 cola COMPLETA, nada que hacer
2026-08-29 08:30:01 cola COMPLETA, nada que hacer
2026-08-29 08:45:01 cola COMPLETA, nada que hacer
2026-08-29 09:00:01 cola COMPLETA, nada que hacer
2026-08-29 09:15:02 cola COMPLETA, nada que hacer
2026-08-29 09:30:01 cola COMPLETA, nada que hacer
2026-08-29 09:45:01 cola COMPLETA, nada que hacer
2026-08-29 10:00:01 cola COMPLETA, nada que hacer
2026-08-29 10:15:01 cola COMPLETA, nada que hacer
2026-08-29 10:30:01 cola COMPLETA, nada que hacer
2026-08-29 10:45:02 cola COMPLETA, nada que hacer
2026-08-29 12:15:01 cola COMPLETA, nada que hacer
2026-08-29 12:30:02 cola COMPLETA, nada que hacer
2026-08-29 12:45:01 cola COMPLETA, nada que hacer
2026-08-29 13:00:01 cola COMPLETA, nada que hacer
2026-08-29 13:15:01 cola COMPLETA, nada que hacer
2026-08-29 13:30:01 cola COMPLETA, nada que hacer
2026-08-29 13:45:01 cola COMPLETA, nada que hacer
2026-08-29 14:00:02 cola COMPLETA, nada que hacer
2026-08-29 14:15:01 cola COMPLETA, nada que hacer
2026-08-29 14:30:01 cola COMPLETA, nada que hacer
2026-08-29 14:45:01 cola COMPLETA, nada que hacer
2026-08-29 15:00:01 cola COMPLETA, nada que hacer
2026-08-29 15:15:02 cola COMPLETA, nada que hacer
2026-08-29 15:30:01 cola COMPLETA, nada que hacer
2026-08-29 15:45:01 cola COMPLETA, nada que hacer
2026-08-29 16:00:01 cola COMPLETA, nada que hacer
2026-08-29 16:15:01 cola COMPLETA, nada que hacer
2026-08-29 16:30:01 cola COMPLETA, nada que hacer
2026-08-29 16:45:01 cola COMPLETA, nada que hacer
2026-08-29 17:00:01 cola COMPLETA, nada que hacer
2026-08-29 17:15:01 cola COMPLETA, nada que hacer
2026-08-29 17:30:01 cola COMPLETA, nada que hacer
2026-08-29 17:45:01 cola COMPLETA, nada que hacer
2026-08-29 18:00:01 cola COMPLETA, nada que hacer
2026-08-29 18:15:02 cola COMPLETA, nada que hacer
2026-08-29 18:30:01 cola COMPLETA, nada que hacer
2026-08-29 18:45:01 cola COMPLETA, nada que hacer
2026-08-29 19:00:01 cola COMPLETA, nada que hacer
2026-08-29 19:15:01 cola COMPLETA, nada que hacer
2026-08-29 19:30:01 cola COMPLETA, nada que hacer
2026-08-29 19:45:02 cola COMPLETA, nada que hacer
2026-08-29 20:00:01 cola COMPLETA, nada que hacer
2026-08-29 20:15:01 cola COMPLETA, nada que hacer
2026-08-29 20:30:01 cola COMPLETA, nada que hacer
2026-08-29 20:45:01 cola COMPLETA, nada que hacer
2026-08-29 21:00:01 cola COMPLETA, nada que hacer
2026-08-29 21:15:02 cola COMPLETA, nada que hacer
2026-08-29 21:30:01 cola COMPLETA, nada que hacer
2026-08-29 21:45:01 cola COMPLETA, nada que hacer
2026-08-29 22:00:01 cola COMPLETA, nada que hacer
2026-08-29 22:15:01 cola COMPLETA, nada que hacer
2026-08-29 22:30:01 cola COMPLETA, nada que hacer
2026-08-29 22:45:02 cola COMPLETA, nada que hacer
2026-08-29 23:00:01 cola COMPLETA, nada que hacer
2026-08-29 23:15:01 cola COMPLETA, nada que hacer
2026-08-29 23:30:01 cola COMPLETA, nada que hacer
2026-08-29 23:45:01 cola COMPLETA, nada que hacer
2026-08-30 00:00:01 cola COMPLETA, nada que hacer
2026-08-30 00:15:01 cola COMPLETA, nada que hacer
2026-08-30 00:30:01 cola COMPLETA, nada que hacer
2026-08-30 00:45:01 cola COMPLETA, nada que hacer
2026-08-30 01:00:01 cola COMPLETA, nada que hacer
2026-08-30 01:15:01 cola COMPLETA, nada que hacer
2026-08-30 01:30:01 cola COMPLETA, nada que hacer
2026-08-30 01:45:02 cola COMPLETA, nada que hacer
2026-08-30 02:00:01 cola COMPLETA, nada que hacer
2026-08-30 02:15:01 cola COMPLETA, nada que hacer
2026-08-30 02:30:01 cola COMPLETA, nada que hacer
2026-08-30 02:45:01 cola COMPLETA, nada que hacer
2026-08-30 03:00:01 cola COMPLETA, nada que hacer
2026-08-30 03:15:01 cola COMPLETA, nada que hacer
2026-08-30 03:30:01 cola COMPLETA, nada que hacer
2026-08-30 03:45:01 cola COMPLETA, nada que hacer
2026-08-30 04:00:01 cola COMPLETA, nada que hacer
2026-08-30 04:15:01 cola COMPLETA, nada que hacer
2026-08-30 04:30:01 cola COMPLETA, nada que hacer
2026-08-30 04:45:02 cola COMPLETA, nada que hacer
2026-08-30 05:00:01 cola COMPLETA, nada que hacer
2026-08-30 05:15:01 cola COMPLETA, nada que hacer
2026-08-30 05:30:01 cola COMPLETA, nada que hacer
2026-08-30 05:45:01 cola COMPLETA, nada que hacer
2026-08-30 06:00:01 cola COMPLETA, nada que hacer
2026-08-30 06:15:01 cola COMPLETA, nada que hacer
2026-08-30 06:30:01 cola COMPLETA, nada que hacer
2026-08-30 06:45:01 cola COMPLETA, nada que hacer
2026-08-30 07:00:01 cola COMPLETA, nada que hacer
2026-08-30 07:15:01 cola COMPLETA, nada que hacer
2026-08-30 07:30:02 cola COMPLETA, nada que hacer
2026-08-30 07:45:01 cola COMPLETA, nada que hacer
2026-08-30 08:00:01 cola COMPLETA, nada que hacer
2026-08-30 08:15:01 cola COMPLETA, nada que hacer
2026-08-30 08:30:01 cola COMPLETA, nada que hacer
2026-08-30 08:45:01 cola COMPLETA, nada que hacer
2026-08-30 09:00:02 cola COMPLETA, nada que hacer
2026-08-30 09:15:01 cola COMPLETA, nada que hacer
2026-08-30 09:30:01 cola COMPLETA, nada que hacer
2026-08-30 09:45:01 cola COMPLETA, nada que hacer
2026-08-30 10:00:01 cola COMPLETA, nada que hacer
2026-08-30 10:15:01 cola COMPLETA, nada que hacer
2026-08-30 10:30:02 cola COMPLETA, nada que hacer
2026-08-30 10:45:01 cola COMPLETA, nada que hacer
2026-08-30 11:00:01 cola COMPLETA, nada que hacer
2026-08-30 11:15:01 cola COMPLETA, nada que hacer
2026-08-30 11:30:01 cola COMPLETA, nada que hacer
2026-08-30 13:15:01 cola COMPLETA, nada que hacer
2026-08-30 15:00:01 cola COMPLETA, nada que hacer
2026-08-31 00:15:01 cola COMPLETA, nada que hacer
2026-08-31 00:30:02 cola COMPLETA, nada que hacer
2026-08-31 00:45:01 cola COMPLETA, nada que hacer
2026-08-31 06:15:02 cola COMPLETA, nada que hacer
2026-08-31 06:30:01 cola COMPLETA, nada que hacer
2026-08-31 06:45:01 cola COMPLETA, nada que hacer
2026-08-31 07:00:01 cola COMPLETA, nada que hacer
2026-08-31 07:15:01 cola COMPLETA, nada que hacer
2026-08-31 07:30:02 cola COMPLETA, nada que hacer
2026-08-31 07:45:01 cola COMPLETA, nada que hacer
2026-08-31 08:00:01 cola COMPLETA, nada que hacer
2026-08-31 08:15:01 cola COMPLETA, nada que hacer
2026-08-31 08:30:01 cola COMPLETA, nada que hacer
2026-08-31 08:45:01 cola COMPLETA, nada que hacer
2026-08-31 09:00:01 cola COMPLETA, nada que hacer
2026-08-31 09:15:01 cola COMPLETA, nada que hacer
2026-08-31 09:30:01 cola COMPLETA, nada que hacer
2026-08-31 09:45:01 cola COMPLETA, nada que hacer
2026-08-31 10:00:01 cola COMPLETA, nada que hacer
2026-08-31 10:15:01 cola COMPLETA, nada que hacer
2026-08-31 10:30:01 cola COMPLETA, nada que hacer
2026-08-31 10:45:01 cola COMPLETA, nada que hacer
2026-08-31 11:00:01 cola COMPLETA, nada que hacer
2026-08-31 11:15:01 cola COMPLETA, nada que hacer
2026-08-31 11:30:01 cola COMPLETA, nada que hacer
2026-08-31 11:45:02 cola COMPLETA, nada que hacer
2026-08-31 12:00:01 cola COMPLETA, nada que hacer
2026-08-31 12:15:01 cola COMPLETA, nada que hacer
2026-08-31 12:30:01 cola COMPLETA, nada que hacer
2026-08-31 12:45:01 cola COMPLETA, nada que hacer
2026-08-31 13:00:02 cola COMPLETA, nada que hacer
2026-08-31 13:15:01 cola COMPLETA, nada que hacer
2026-08-31 13:30:01 cola COMPLETA, nada que hacer
2026-08-31 13:45:01 cola COMPLETA, nada que hacer
2026-08-31 14:00:01 cola COMPLETA, nada que hacer
2026-08-31 14:15:01 cola COMPLETA, nada que hacer
2026-08-31 14:30:01 cola COMPLETA, nada que hacer
2026-08-31 14:45:01 cola COMPLETA, nada que hacer
2026-08-31 15:00:01 cola COMPLETA, nada que hacer
2026-08-31 17:45:01 cola COMPLETA, nada que hacer
2026-08-31 18:00:01 cola COMPLETA, nada que hacer
2026-08-31 18:15:01 cola COMPLETA, nada que hacer
2026-08-31 18:30:01 cola COMPLETA, nada que hacer
2026-08-31 18:45:02 cola COMPLETA, nada que hacer
2026-08-31 19:00:01 cola COMPLETA, nada que hacer
2026-08-31 19:15:01 cola COMPLETA, nada que hacer
2026-08-31 19:30:01 cola COMPLETA, nada que hacer
2026-08-31 19:45:01 cola COMPLETA, nada que hacer
2026-08-31 20:00:01 cola COMPLETA, nada que hacer
2026-08-31 20:15:02 cola COMPLETA, nada que hacer
2026-08-31 20:30:01 cola COMPLETA, nada que hacer
2026-08-31 20:45:01 cola COMPLETA, nada que hacer
2026-08-31 21:00:01 cola COMPLETA, nada que hacer
2026-08-31 21:15:01 cola COMPLETA, nada que hacer
2026-08-31 21:30:02 cola COMPLETA, nada que hacer
2026-08-31 21:45:01 cola COMPLETA, nada que hacer
2026-08-31 22:00:01 cola COMPLETA, nada que hacer
2026-08-31 22:15:01 cola COMPLETA, nada que hacer
2026-08-31 22:30:01 cola COMPLETA, nada que hacer
2026-08-31 22:45:01 cola COMPLETA, nada que hacer
2026-08-31 23:00:02 cola COMPLETA, nada que hacer
2026-08-31 23:15:01 cola COMPLETA, nada que hacer
2026-08-31 23:30:01 cola COMPLETA, nada que hacer
2026-08-31 23:45:01 cola COMPLETA, nada que hacer
2026-09-01 00:00:01 cola COMPLETA, nada que hacer
2026-09-01 00:15:01 cola COMPLETA, nada que hacer
2026-09-01 00:30:01 cola COMPLETA, nada que hacer
2026-09-01 00:45:01 cola COMPLETA, nada que hacer
2026-09-01 01:00:01 cola COMPLETA, nada que hacer
2026-09-01 01:15:01 cola COMPLETA, nada que hacer
2026-09-01 01:30:02 cola COMPLETA, nada que hacer
2026-09-01 01:45:01 cola COMPLETA, nada que hacer
2026-09-01 02:00:01 cola COMPLETA, nada que hacer
2026-09-01 02:15:01 cola COMPLETA, nada que hacer
2026-09-01 02:30:01 cola COMPLETA, nada que hacer
2026-09-01 02:45:01 cola COMPLETA, nada que hacer
2026-09-01 03:00:02 cola COMPLETA, nada que hacer
2026-09-01 03:15:01 cola COMPLETA, nada que hacer
2026-09-01 03:30:01 cola COMPLETA, nada que hacer
2026-09-01 03:45:01 cola COMPLETA, nada que hacer
2026-09-01 04:00:01 cola COMPLETA, nada que hacer
2026-09-01 04:15:02 cola COMPLETA, nada que hacer
2026-09-01 04:30:01 cola COMPLETA, nada que hacer
2026-09-01 04:45:01 cola COMPLETA, nada que hacer
2026-09-01 05:00:01 cola COMPLETA, nada que hacer
2026-09-01 05:15:01 cola COMPLETA, nada que hacer
2026-09-01 05:30:01 cola COMPLETA, nada que hacer
2026-09-01 05:45:02 cola COMPLETA, nada que hacer
2026-09-01 06:00:01 cola COMPLETA, nada que hacer
2026-09-01 06:15:01 cola COMPLETA, nada que hacer
2026-09-01 06:30:01 cola COMPLETA, nada que hacer
2026-09-01 06:45:01 cola COMPLETA, nada que hacer
2026-09-01 07:00:01 cola COMPLETA, nada que hacer
2026-09-01 07:15:01 cola COMPLETA, nada que hacer
2026-09-01 07:30:01 cola COMPLETA, nada que hacer
2026-09-01 07:45:01 cola COMPLETA, nada que hacer
2026-09-01 08:00:01 cola COMPLETA, nada que hacer
2026-09-01 08:15:02 cola COMPLETA, nada que hacer
2026-09-01 08:30:01 cola COMPLETA, nada que hacer
2026-09-01 08:45:01 cola COMPLETA, nada que hacer
2026-09-01 09:00:01 cola COMPLETA, nada que hacer
2026-09-01 09:15:01 cola COMPLETA, nada que hacer
2026-09-01 09:30:01 cola COMPLETA, nada que hacer
2026-09-01 09:45:02 cola COMPLETA, nada que hacer
2026-09-01 10:00:01 cola COMPLETA, nada que hacer
2026-09-01 10:15:01 cola COMPLETA, nada que hacer
2026-09-01 10:30:01 cola COMPLETA, nada que hacer
2026-09-01 10:45:01 cola COMPLETA, nada que hacer
2026-09-01 11:00:02 cola COMPLETA, nada que hacer
2026-09-01 11:15:01 cola COMPLETA, nada que hacer
2026-09-01 11:30:01 cola COMPLETA, nada que hacer
2026-09-01 11:45:01 cola COMPLETA, nada que hacer
2026-09-01 12:00:01 cola COMPLETA, nada que hacer
2026-09-01 12:15:01 cola COMPLETA, nada que hacer
2026-09-01 12:30:01 cola COMPLETA, nada que hacer
2026-09-01 12:45:01 cola COMPLETA, nada que hacer
2026-09-01 13:00:02 cola COMPLETA, nada que hacer
2026-09-01 13:15:01 cola COMPLETA, nada que hacer
2026-09-01 13:30:01 cola COMPLETA, nada que hacer
2026-09-01 13:45:02 cola COMPLETA, nada que hacer
2026-09-01 14:00:01 cola COMPLETA, nada que hacer
2026-09-01 14:15:01 cola COMPLETA, nada que hacer
2026-09-01 14:30:01 cola COMPLETA, nada que hacer
2026-09-01 14:45:01 cola COMPLETA, nada que hacer
2026-09-01 15:00:02 cola COMPLETA, nada que hacer
2026-09-01 15:15:01 cola COMPLETA, nada que hacer
2026-09-01 15:30:01 cola COMPLETA, nada que hacer
2026-09-01 15:45:01 cola COMPLETA, nada que hacer
2026-09-01 16:00:01 cola COMPLETA, nada que hacer
2026-09-01 16:15:02 cola COMPLETA, nada que hacer
2026-09-01 16:30:01 cola COMPLETA, nada que hacer
2026-09-01 16:45:01 cola COMPLETA, nada que hacer
2026-09-01 17:00:01 cola COMPLETA, nada que hacer
2026-09-01 17:15:01 cola COMPLETA, nada que hacer
2026-09-01 17:30:01 cola COMPLETA, nada que hacer
2026-09-01 17:45:02 cola COMPLETA, nada que hacer
2026-09-01 18:00:01 cola COMPLETA, nada que hacer
2026-09-01 18:15:01 cola COMPLETA, nada que hacer
2026-09-01 18:30:01 cola COMPLETA, nada que hacer
2026-09-01 18:45:01 cola COMPLETA, nada que hacer
2026-09-01 19:00:02 cola COMPLETA, nada que hacer
2026-09-01 19:15:01 cola COMPLETA, nada que hacer
2026-09-01 19:30:01 cola COMPLETA, nada que hacer
2026-09-01 19:45:01 cola COMPLETA, nada que hacer
2026-09-01 20:00:01 cola COMPLETA, nada que hacer
2026-09-01 20:15:01 cola COMPLETA, nada que hacer
2026-09-01 20:30:02 cola COMPLETA, nada que hacer
2026-09-01 20:45:01 cola COMPLETA, nada que hacer
2026-09-01 21:00:01 cola COMPLETA, nada que hacer
2026-09-01 21:15:01 cola COMPLETA, nada que hacer
2026-09-01 21:30:01 cola COMPLETA, nada que hacer
2026-09-01 21:45:02 cola COMPLETA, nada que hacer
2026-09-01 22:00:01 cola COMPLETA, nada que hacer
2026-09-01 22:45:01 cola COMPLETA, nada que hacer
2026-09-02 07:15:02 cola COMPLETA, nada que hacer
2026-09-02 07:30:01 cola COMPLETA, nada que hacer
2026-09-02 07:45:01 cola COMPLETA, nada que hacer
2026-09-02 08:00:01 cola COMPLETA, nada que hacer
2026-09-02 08:15:01 cola COMPLETA, nada que hacer
2026-09-02 08:30:01 cola COMPLETA, nada que hacer
2026-09-02 08:45:02 cola COMPLETA, nada que hacer
2026-09-02 09:00:01 cola COMPLETA, nada que hacer
2026-09-02 09:15:01 cola COMPLETA, nada que hacer
2026-09-02 09:30:01 cola COMPLETA, nada que hacer
2026-09-02 09:45:01 cola COMPLETA, nada que hacer
2026-09-02 10:00:02 cola COMPLETA, nada que hacer
2026-09-02 10:15:01 cola COMPLETA, nada que hacer
2026-09-02 10:30:01 cola COMPLETA, nada que hacer
2026-09-02 10:45:01 cola COMPLETA, nada que hacer
2026-09-02 11:00:01 cola COMPLETA, nada que hacer
2026-09-02 11:15:01 cola COMPLETA, nada que hacer
2026-09-02 11:30:01 cola COMPLETA, nada que hacer
2026-09-02 11:45:01 cola COMPLETA, nada que hacer
2026-09-02 12:00:01 cola COMPLETA, nada que hacer
2026-09-02 12:15:02 cola COMPLETA, nada que hacer
2026-09-02 12:30:01 cola COMPLETA, nada que hacer
2026-09-02 12:45:01 cola COMPLETA, nada que hacer
2026-09-02 13:00:01 cola COMPLETA, nada que hacer
2026-09-02 13:15:01 cola COMPLETA, nada que hacer
2026-09-02 13:30:01 cola COMPLETA, nada que hacer
2026-09-02 13:45:02 cola COMPLETA, nada que hacer
2026-09-02 14:00:01 cola COMPLETA, nada que hacer
2026-09-02 14:15:01 cola COMPLETA, nada que hacer
2026-09-02 14:30:01 cola COMPLETA, nada que hacer
2026-09-02 14:45:01 cola COMPLETA, nada que hacer
2026-09-02 15:00:01 cola COMPLETA, nada que hacer
2026-09-02 15:15:01 cola COMPLETA, nada que hacer
2026-09-02 15:30:01 cola COMPLETA, nada que hacer
2026-09-02 15:45:01 cola COMPLETA, nada que hacer
2026-09-02 16:00:01 cola COMPLETA, nada que hacer
2026-09-02 16:15:01 cola COMPLETA, nada que hacer
2026-09-02 16:30:02 cola COMPLETA, nada que hacer
2026-09-02 16:45:01 cola COMPLETA, nada que hacer
2026-09-02 17:00:01 cola COMPLETA, nada que hacer
2026-09-02 17:15:01 cola COMPLETA, nada que hacer
2026-09-02 17:30:01 cola COMPLETA, nada que hacer
2026-09-02 17:45:01 cola COMPLETA, nada que hacer
2026-09-02 18:00:02 cola COMPLETA, nada que hacer
2026-09-02 18:15:01 cola COMPLETA, nada que hacer
2026-09-02 18:30:01 cola COMPLETA, nada que hacer
2026-09-02 18:45:01 cola COMPLETA, nada que hacer
2026-09-02 19:00:02 cola COMPLETA, nada que hacer
2026-09-02 19:15:01 cola COMPLETA, nada que hacer
2026-09-02 19:30:01 cola COMPLETA, nada que hacer
2026-09-02 19:45:01 cola COMPLETA, nada que hacer
2026-09-02 20:00:01 cola COMPLETA, nada que hacer
2026-09-02 20:15:01 cola COMPLETA, nada que hacer
2026-09-02 20:30:02 cola COMPLETA, nada que hacer
2026-09-02 20:45:01 cola COMPLETA, nada que hacer
2026-09-02 21:00:01 cola COMPLETA, nada que hacer
2026-09-02 21:15:01 cola COMPLETA, nada que hacer
2026-09-02 21:30:01 cola COMPLETA, nada que hacer
2026-09-02 21:45:02 cola COMPLETA, nada que hacer
2026-09-02 22:00:01 cola COMPLETA, nada que hacer
2026-09-02 22:15:01 cola COMPLETA, nada que hacer
2026-09-02 22:30:01 cola COMPLETA, nada que hacer
2026-09-02 22:45:01 cola COMPLETA, nada que hacer
2026-09-02 23:00:01 cola COMPLETA, nada que hacer
2026-09-02 23:15:02 cola COMPLETA, nada que hacer
2026-09-02 23:30:01 cola COMPLETA, nada que hacer
2026-09-02 23:45:01 cola COMPLETA, nada que hacer
2026-09-03 00:00:01 cola COMPLETA, nada que hacer
2026-09-03 00:15:02 cola COMPLETA, nada que hacer
2026-09-03 00:30:01 cola COMPLETA, nada que hacer
2026-09-03 00:45:01 cola COMPLETA, nada que hacer
2026-09-03 01:00:01 cola COMPLETA, nada que hacer
2026-09-03 01:15:01 cola COMPLETA, nada que hacer
2026-09-03 01:30:01 cola COMPLETA, nada que hacer
2026-09-03 01:45:02 cola COMPLETA, nada que hacer
2026-09-03 02:00:01 cola COMPLETA, nada que hacer
2026-09-03 02:15:01 cola COMPLETA, nada que hacer
2026-09-03 02:30:01 cola COMPLETA, nada que hacer
2026-09-03 02:45:01 cola COMPLETA, nada que hacer
2026-09-03 03:00:01 cola COMPLETA, nada que hacer
2026-09-03 03:15:01 cola COMPLETA, nada que hacer
2026-09-03 03:30:01 cola COMPLETA, nada que hacer
2026-09-03 03:45:01 cola COMPLETA, nada que hacer
2026-09-03 04:00:01 cola COMPLETA, nada que hacer
2026-09-03 04:15:01 cola COMPLETA, nada que hacer
2026-09-03 04:30:02 cola COMPLETA, nada que hacer
2026-09-03 04:45:01 cola COMPLETA, nada que hacer
2026-09-03 05:00:01 cola COMPLETA, nada que hacer
2026-09-03 05:15:01 cola COMPLETA, nada que hacer
2026-09-03 05:30:01 cola COMPLETA, nada que hacer
2026-09-03 05:45:01 cola COMPLETA, nada que hacer
2026-09-03 06:00:02 cola COMPLETA, nada que hacer
2026-09-03 06:15:01 cola COMPLETA, nada que hacer
2026-09-03 06:30:01 cola COMPLETA, nada que hacer
2026-09-03 06:45:01 cola COMPLETA, nada que hacer
2026-09-03 07:00:01 cola COMPLETA, nada que hacer
2026-09-03 07:15:02 cola COMPLETA, nada que hacer
2026-09-03 07:30:01 cola COMPLETA, nada que hacer
2026-09-03 07:45:01 cola COMPLETA, nada que hacer
2026-09-03 08:00:01 cola COMPLETA, nada que hacer
2026-09-03 08:15:01 cola COMPLETA, nada que hacer
2026-09-03 08:30:02 cola COMPLETA, nada que hacer
2026-09-03 08:45:01 cola COMPLETA, nada que hacer
2026-09-03 09:00:01 cola COMPLETA, nada que hacer
2026-09-03 09:15:01 cola COMPLETA, nada que hacer
2026-09-03 09:30:01 cola COMPLETA, nada que hacer
2026-09-03 09:45:02 cola COMPLETA, nada que hacer
2026-09-03 10:00:01 cola COMPLETA, nada que hacer
2026-09-03 10:15:01 cola COMPLETA, nada que hacer
2026-09-03 10:30:01 cola COMPLETA, nada que hacer
2026-09-03 10:45:01 cola COMPLETA, nada que hacer
2026-09-03 11:00:01 cola COMPLETA, nada que hacer
2026-09-03 11:15:01 cola COMPLETA, nada que hacer
2026-09-03 11:30:01 cola COMPLETA, nada que hacer
2026-09-03 11:45:01 cola COMPLETA, nada que hacer
2026-09-03 12:00:01 cola COMPLETA, nada que hacer
2026-09-03 12:15:01 cola COMPLETA, nada que hacer
2026-09-03 12:30:01 cola COMPLETA, nada que hacer
2026-09-03 12:45:01 cola COMPLETA, nada que hacer
2026-09-03 13:00:01 cola COMPLETA, nada que hacer
2026-09-03 13:15:01 cola COMPLETA, nada que hacer
2026-09-03 13:30:02 cola COMPLETA, nada que hacer
2026-09-03 13:45:01 cola COMPLETA, nada que hacer
2026-09-03 14:00:01 cola COMPLETA, nada que hacer
2026-09-03 14:15:01 cola COMPLETA, nada que hacer
2026-09-03 14:30:01 cola COMPLETA, nada que hacer
2026-09-03 14:45:01 cola COMPLETA, nada que hacer
2026-09-03 15:00:02 cola COMPLETA, nada que hacer
2026-09-03 15:15:01 cola COMPLETA, nada que hacer
2026-09-03 15:30:01 cola COMPLETA, nada que hacer
2026-09-03 15:45:01 cola COMPLETA, nada que hacer
2026-09-03 16:00:01 cola COMPLETA, nada que hacer
2026-09-03 16:15:02 cola COMPLETA, nada que hacer
2026-09-03 16:30:01 cola COMPLETA, nada que hacer
2026-09-03 16:45:01 cola COMPLETA, nada que hacer
2026-09-03 17:00:01 cola COMPLETA, nada que hacer
2026-09-03 17:15:01 cola COMPLETA, nada que hacer
2026-09-03 17:30:02 cola COMPLETA, nada que hacer
2026-09-03 17:45:01 cola COMPLETA, nada que hacer
2026-09-03 18:00:01 cola COMPLETA, nada que hacer
2026-09-03 18:15:01 cola COMPLETA, nada que hacer
2026-09-04 14:15:01 PLAN AGOTADO (4/4) -- MAQUINA OCIOSA, falta plan nuevo
2026-09-04 14:30:02 PLAN AGOTADO (1/1) -- MAQUINA OCIOSA, falta plan nuevo
2026-09-04 14:30:41 nada corriendo con plan 0
0/1 -> relanzo trabajar.sh
2026-09-04 15:30:01 PLAN AGOTADO (1/1) -- MAQUINA OCIOSA, falta plan nuevo
2026-09-04 15:31:02 nada corriendo con plan 0/2 -> relanzo trabajar.sh
2026-09-05 10:45:01 PLAN AGOTADO (0/0) -- MAQUINA OCIOSA, falta plan nuevo
2026-09-05 10:46:29 nada corriendo con plan 0/1 -> relanzo trabajar.sh
2026-09-05 11:27:10 nada corriendo con plan 0/1 -> relanzo trabajar.sh
2026-09-05 12:15:01 PLAN AGOTADO (1/1) -- MAQUINA OCIOSA, falta plan nuevo
2026-09-05 12:15:45 nada corriendo con plan 0/1 -> relanzo trabajar.sh
2026-09-05 15:30:01 PLAN AGOTADO (1/1) -- MAQUINA OCIOSA, falta plan nuevo
2026-09-05 15:30:59 nada corriendo con plan 0/2 -> relanzo trabajar.sh
2026-09-05 17:00:01 PLAN AGOTADO (2/2) -- MAQUINA OCIOSA, falta plan nuevo
2026-09-05 17:01:24 nada corriendo con plan 0/2 -> relanzo trabajar.sh
2026-09-06 14:15:01 nada corriendo con plan 1/2 -> relanzo trabajar.sh
2026-09-06 16:00:01 PLAN AGOTADO (2/2) -- MAQUINA OCIOSA, falta plan nuevo
2026-09-06 16:15:01 PLAN AGOTADO hace 15 min (desde 2026-09-06 16:00:01) -- MAQUINA OCIOSA
2026-09-06 16:30:01 PLAN AGOTADO hace 30 min (desde 2026-09-06 16:00:01) -- MAQUINA OCIOSA
2026-09-06 16:45:01 PLAN AGOTADO hace 45 min (desde 2026-09-06 16:00:01) -- MAQUINA OCIOSA
2026-09-06 17:00:01 PLAN AGOTADO hace 60 min (desde 2026-09-06 16:00:01) -- MAQUINA OCIOSA
2026-09-06 17:15:01 PLAN AGOTADO hace 75 min (desde 2026-09-06 16:00:01) -- MAQUINA OCIOSA
2026-09-06 17:30:01 PLAN AGOTADO hace 90 min (desde 2026-09-06 16:00:01) -- MAQUINA OCIOSA
2026-09-06 17:45:01 PLAN AGOTADO hace 105 min (desde 2026-09-06 16:00:01) -- MAQUINA OCIOSA
2026-09-06 18:00:01 PLAN AGOTADO hace 120 min (desde 2026-09-06 16:00:01) -- MAQUINA OCIOSA
2026-09-06 18:15:01 PLAN AGOTADO hace 135 min (desde 2026-09-06 16:00:01) -- MAQUINA OCIOSA
2026-09-06 18:30:01 PLAN AGOTADO hace 150 min (desde 2026-09-06 16:00:01) -- MAQUINA OCIOSA
2026-09-06 18:45:01 PLAN AGOTADO hace 165 min (desde 2026-09-06 16:00:01) -- MAQUINA OCIOSA
2026-09-06 19:00:01 PLAN AGOTADO hace 180 min (desde 2026-09-06 16:00:01) -- MAQUINA OCIOSA
2026-09-06 19:15:01 PLAN AGOTADO hace 195 min (desde 2026-09-06 16:00:01) -- MAQUINA OCIOSA
2026-09-06 19:30:01 PLAN AGOTADO hace 210 min (desde 2026-09-06 16:00:01) -- MAQUINA OCIOSA
2026-09-06 19:45:01 PLAN AGOTADO hace 225 min (desde 2026-09-06 16:00:01) -- MAQUINA OCIOSA
2026-09-06 20:00:01 PLAN AGOTADO hace 240 min (desde 2026-09-06 16:00:01) -- MAQUINA OCIOSA
2026-09-06 20:15:01 PLAN AGOTADO hace 255 min (desde 2026-09-06 16:00:01) -- MAQUINA OCIOSA
2026-09-06 20:30:01 PLAN AGOTADO hace 270 min (desde 2026-09-06 16:00:01) -- MAQUINA OCIOSA
2026-09-06 20:45:01 PLAN AGOTADO hace 285 min (desde 2026-09-06 16:00:01) -- MAQUINA OCIOSA
2026-09-06 21:00:01 PLAN AGOTADO hace 300 min (desde 2026-09-06 16:00:01) -- MAQUINA OCIOSA
2026-09-06 21:15:02 PLAN AGOTADO hace 315 min (desde 2026-09-06 16:00:01) -- MAQUINA OCIOSA
2026-09-06 21:30:01 PLAN AGOTADO hace 330 min (desde 2026-09-06 16:00:01) -- MAQUINA OCIOSA
2026-09-06 21:45:01 PLAN AGOTADO hace 345 min (desde 2026-09-06 16:00:01) -- MAQUINA OCIOSA
2026-09-06 22:00:01 PLAN AGOTADO hace 360 min (desde 2026-09-06 16:00:01) -- MAQUINA OCIOSA
2026-09-06 22:15:01 PLAN AGOTADO hace 375 min (desde 2026-09-06 16:00:01) -- MAQUINA OCIOSA
2026-09-06 22:30:01 PLAN AGOTADO hace 390 min (desde 2026-09-06 16:00:01) -- MAQUINA OCIOSA
2026-09-06 22:45:01 PLAN AGOTADO hace 405 min (desde 2026-09-06 16:00:01) -- MAQUINA OCIOSA
2026-09-06 23:00:01 PLAN AGOTADO hace 420 min (desde 2026-09-06 16:00:01) -- MAQUINA OCIOSA
2026-09-06 23:15:01 PLAN AGOTADO hace 435 min (desde 2026-09-06 16:00:01) -- MAQUINA OCIOSA
2026-09-06 23:30:01 PLAN AGOTADO hace 450 min (desde 2026-09-06 16:00:01) -- MAQUINA OCIOSA
2026-09-06 23:45:01 PLAN AGOTADO hace 465 min (desde 2026-09-06 16:00:01) -- MAQUINA OCIOSA
2026-09-07 00:00:01 PLAN AGOTADO hace 480 min (desde 2026-09-06 16:00:01) -- MAQUINA OCIOSA
2026-09-07 00:15:01 PLAN AGOTADO hace 495 min (desde 2026-09-06 16:00:01) -- MAQUINA OCIOSA
2026-09-07 00:30:01 PLAN AGOTADO hace 510 min (desde 2026-09-06 16:00:01) -- MAQUINA OCIOSA
2026-09-09 09:30:01 PLAN AGOTADO hace 3930 min (desde 2026-09-06 16:00:01) -- MAQUINA OCIOSA
2026-09-09 09:45:01 PLAN AGOTADO hace 3945 min (desde 2026-09-06 16:00:01) -- MAQUINA OCIOSA
2026-09-09 10:00:01 PLAN AGOTADO hace 3960 min (desde 2026-09-06 16:00:01) -- MAQUINA OCIOSA
2026-09-09 10:15:01 PLAN AGOTADO hace 3975 min (desde 2026-09-06 16:00:01) -- MAQUINA OCIOSA
2026-09-09 10:30:01 PLAN AGOTADO hace 3990 min (desde 2026-09-06 16:00:01) -- MAQUINA OCIOSA
2026-09-09 10:45:01 PLAN AGOTADO hace 4005 min (desde 2026-09-06 16:00:01) -- MAQUINA OCIOSA
2026-09-09 11:00:01 PLAN AGOTADO hace 4020 min (desde 2026-09-06 16:00:01) -- MAQUINA OCIOSA
2026-09-09 11:15:02 PLAN AGOTADO hace 4035 min (desde 2026-09-06 16:00:01) -- MAQUINA OCIOSA
2026-09-09 11:30:01 PLAN AGOTADO hace 4050 min (desde 2026-09-06 16:00:01) -- MAQUINA OCIOSA
2026-09-09 11:45:01 PLAN AGOTADO hace 4065 min (desde 2026-09-06 16:00:01) -- MAQUINA OCIOSA
2026-09-09 12:00:01 PLAN AGOTADO hace 4080 min (desde 2026-09-06 16:00:01) -- MAQUINA OCIOSA
2026-09-09 12:15:01 PLAN AGOTADO hace 4095 min (desde 2026-09-06 16:00:01) -- MAQUINA OCIOSA
2026-09-09 12:30:01 PLAN AGOTADO hace 4110 min (desde 2026-09-06 16:00:01) -- MAQUINA OCIOSA
2026-09-09 12:45:01 PLAN AGOTADO hace 4125 min (desde 2026-09-06 16:00:01) -- MAQUINA OCIOSA
2026-09-09 13:00:01 PLAN AGOTADO hace 4140 min (desde 2026-09-06 16:00:01) -- MAQUINA OCIOSA
2026-09-09 13:15:01 PLAN AGOTADO hace 4155 min (desde 2026-09-06 16:00:01) -- MAQUINA OCIOSA
2026-09-09 13:30:01 PLAN AGOTADO hace 4170 min (desde 2026-09-06 16:00:01) -- MAQUINA OCIOSA
2026-09-09 13:45:01 PLAN AGOTADO hace 4185 min (desde 2026-09-06 16:00:01) -- MAQUINA OCIOSA
2026-09-09 14:00:01 PLAN AGOTADO hace 4200 min (desde 2026-09-06 16:00:01) -- MAQUINA OCIOSA
2026-09-09 14:15:01 PLAN AGOTADO hace 4215 min (desde 2026-09-06 16:00:01) -- MAQUINA OCIOSA
2026-09-09 14:30:01 PLAN AGOTADO hace 4230 min (desde 2026-09-06 16:00:01) -- MAQUINA OCIOSA
2026-09-09 14:45:01 PLAN AGOTADO hace 4245 min (desde 2026-09-06 16:00:01) -- MAQUINA OCIOSA
2026-09-09 15:00:01 PLAN AGOTADO hace 4260 min (desde 2026-09-06 16:00:01) -- MAQUINA OCIOSA
2026-09-09 15:15:01 PLAN AGOTADO hace 4275 min (desde 2026-09-06 16:00:01) -- MAQUINA OCIOSA
2026-09-09 15:30:01 PLAN AGOTADO hace 4290 min (desde 2026-09-06 16:00:01) -- MAQUINA OCIOSA
2026-09-09 15:45:01 PLAN AGOTADO hace 4305 min (desde 2026-09-06 16:00:01) -- MAQUINA OCIOSA
2026-09-09 16:00:01 PLAN AGOTADO hace 4320 min (desde 2026-09-06 16:00:01) -- MAQUINA OCIOSA
2026-09-09 16:15:01 PLAN AGOTADO hace 4335 min (desde 2026-09-06 16:00:01) -- MAQUINA OCIOSA
2026-09-09 16:30:01 PLAN AGOTADO hace 4350 min (desde 2026-09-06 16:00:01) -- MAQUINA OCIOSA
2026-09-09 16:45:01 PLAN AGOTADO hace 4365 min (desde 2026-09-06 16:00:01) -- MAQUINA OCIOSA
2026-09-09 17:00:01 PLAN AGOTADO hace 4380 min (desde 2026-09-06 16:00:01) -- MAQUINA OCIOSA
2026-09-09 17:15:01 PLAN AGOTADO hace 4395 min (desde 2026-09-06 16:00:01) -- MAQUINA OCIOSA
2026-09-09 17:30:01 PLAN AGOTADO hace 4410 min (desde 2026-09-06 16:00:01) -- MAQUINA OCIOSA
2026-09-09 17:45:02 PLAN AGOTADO hace 4425 min (desde 2026-09-06 16:00:01) -- MAQUINA OCIOSA
2026-09-09 18:00:01 PLAN AGOTADO hace 4440 min (desde 2026-09-06 16:00:01) -- MAQUINA OCIOSA
2026-09-09 18:15:01 PLAN AGOTADO hace 4455 min (desde 2026-09-06 16:00:01) -- MAQUINA OCIOSA
2026-09-09 18:30:01 PLAN AGOTADO hace 4470 min (desde 2026-09-06 16:00:01) -- MAQUINA OCIOSA
2026-09-09 18:45:01 PLAN AGOTADO hace 4485 min (desde 2026-09-06 16:00:01) -- MAQUINA OCIOSA
2026-09-09 19:00:01 PLAN AGOTADO hace 4500 min (desde 2026-09-06 16:00:01) -- MAQUINA OCIOSA
2026-09-09 19:15:01 PLAN AGOTADO hace 4515 min (desde 2026-09-06 16:00:01) -- MAQUINA OCIOSA
2026-09-09 19:30:01 PLAN AGOTADO hace 4530 min (desde 2026-09-06 16:00:01) -- MAQUINA OCIOSA
2026-09-09 19:45:01 PLAN AGOTADO hace 4545 min (desde 2026-09-06 16:00:01) -- MAQUINA OCIOSA
2026-09-09 20:00:01 PLAN AGOTADO hace 4560 min (desde 2026-09-06 16:00:01) -- MAQUINA OCIOSA
2026-09-09 20:15:01 PLAN AGOTADO hace 4575 min (desde 2026-09-06 16:00:01) -- MAQUINA OCIOSA
2026-09-09 20:30:01 PLAN AGOTADO hace 4590 min (desde 2026-09-06 16:00:01) -- MAQUINA OCIOSA
2026-09-09 20:45:02 PLAN AGOTADO hace 4605 min (desde 2026-09-06 16:00:01) -- MAQUINA OCIOSA
2026-09-09 21:00:01 PLAN AGOTADO hace 4620 min (desde 2026-09-06 16:00:01) -- MAQUINA OCIOSA
2026-09-09 21:15:01 PLAN AGOTADO hace 4635 min (desde 2026-09-06 16:00:01) -- MAQUINA OCIOSA
2026-09-09 21:30:01 PLAN AGOTADO hace 4650 min (desde 2026-09-06 16:00:01) -- MAQUINA OCIOSA
2026-09-09 21:45:01 PLAN AGOTADO hace 4665 min (desde 2026-09-06 16:00:01) -- MAQUINA OCIOSA
2026-09-09 22:00:01 PLAN AGOTADO hace 4680 min (desde 2026-09-06 16:00:01) -- MAQUINA OCIOSA
2026-09-09 22:15:01 PLAN AGOTADO hace 4695 min (desde 2026-09-06 16:00:01) -- MAQUINA OCIOSA
2026-09-09 22:30:01 PLAN AGOTADO hace 4710 min (desde 2026-09-06 16:00:01) -- MAQUINA OCIOSA
2026-09-09 22:45:01 PLAN AGOTADO hace 4725 min (desde 2026-09-06 16:00:01) -- MAQUINA OCIOSA
2026-09-09 23:00:01 PLAN AGOTADO hace 4740 min (desde 2026-09-06 16:00:01) -- MAQUINA OCIOSA
2026-09-09 23:15:01 PLAN AGOTADO hace 4755 min (desde 2026-09-06 16:00:01) -- MAQUINA OCIOSA
2026-09-09 23:30:01 PLAN AGOTADO hace 4770 min (desde 2026-09-06 16:00:01) -- MAQUINA OCIOSA
2026-09-09 23:45:01 PLAN AGOTADO hace 4785 min (desde 2026-09-06 16:00:01) -- MAQUINA OCIOSA
2026-09-10 00:00:01 PLAN AGOTADO hace 4800 min (desde 2026-09-06 16:00:01) -- MAQUINA OCIOSA
2026-09-10 00:15:01 PLAN AGOTADO hace 4815 min (desde 2026-09-06 16:00:01) -- MAQUINA OCIOSA
2026-09-10 00:30:01 PLAN AGOTADO hace 4830 min (desde 2026-09-06 16:00:01) -- MAQUINA OCIOSA
2026-09-10 00:45:01 PLAN AGOTADO hace 4845 min (desde 2026-09-06 16:00:01) -- MAQUINA OCIOSA
2026-09-10 01:00:01 PLAN AGOTADO hace 4860 min (desde 2026-09-06 16:00:01) -- MAQUINA OCIOSA
2026-09-10 01:15:01 PLAN AGOTADO hace 4875 min (desde 2026-09-06 16:00:01) -- MAQUINA OCIOSA
2026-09-10 01:30:01 PLAN AGOTADO hace 4890 min (desde 2026-09-06 16:00:01) -- MAQUINA OCIOSA
2026-09-10 01:45:01 PLAN AGOTADO hace 4905 min (desde 2026-09-06 16:00:01) -- MAQUINA OCIOSA
2026-09-10 02:00:01 PLAN AGOTADO hace 4920 min (desde 2026-09-06 16:00:01) -- MAQUINA OCIOSA
2026-09-10 02:15:01 PLAN AGOTADO hace 4935 min (desde 2026-09-06 16:00:01) -- MAQUINA OCIOSA
2026-09-10 02:30:01 PLAN AGOTADO hace 4950 min (desde 2026-09-06 16:00:01) -- MAQUINA OCIOSA
2026-09-10 02:45:01 PLAN AGOTADO hace 4965 min (desde 2026-09-06 16:00:01) -- MAQUINA OCIOSA
2026-09-10 03:00:01 PLAN AGOTADO hace 4980 min (desde 2026-09-06 16:00:01) -- MAQUINA OCIOSA
2026-09-10 03:15:01 PLAN AGOTADO hace 4995 min (desde 2026-09-06 16:00:01) -- MAQUINA OCIOSA
2026-09-10 03:30:01 PLAN AGOTADO hace 5010 min (desde 2026-09-06 16:00:01) -- MAQUINA OCIOSA
2026-09-10 03:45:01 PLAN AGOTADO hace 5025 min (desde 2026-09-06 16:00:01) -- MAQUINA OCIOSA
2026-09-10 04:00:01 PLAN AGOTADO hace 5040 min (desde 2026-09-06 16:00:01) -- MAQUINA OCIOSA
2026-09-10 04:15:01 PLAN AGOTADO hace 5055 min (desde 2026-09-06 16:00:01) -- MAQUINA OCIOSA
2026-09-10 04:30:01 PLAN AGOTADO hace 5070 min (desde 2026-09-06 16:00:01) -- MAQUINA OCIOSA
2026-09-10 04:45:01 PLAN AGOTADO hace 5085 min (desde 2026-09-06 16:00:01) -- MAQUINA OCIOSA
2026-09-10 05:00:01 PLAN AGOTADO hace 5100 min (desde 2026-09-06 16:00:01) -- MAQUINA OCIOSA
2026-09-10 05:15:01 PLAN AGOTADO hace 5115 min (desde 2026-09-06 16:00:01) -- MAQUINA OCIOSA
2026-09-10 05:30:01 PLAN AGOTADO hace 5130 min (desde 2026-09-06 16:00:01) -- MAQUINA OCIOSA
2026-09-10 05:45:01 PLAN AGOTADO hace 5145 min (desde 2026-09-06 16:00:01) -- MAQUINA OCIOSA
2026-09-10 06:00:01 PLAN AGOTADO hace 5160 min (desde 2026-09-06 16:00:01) -- MAQUINA OCIOSA
2026-09-10 06:15:01 PLAN AGOTADO hace 5175 min (desde 2026-09-06 16:00:01) -- MAQUINA OCIOSA
2026-09-10 06:30:01 PLAN AGOTADO hace 5190 min (desde 2026-09-06 16:00:01) -- MAQUINA OCIOSA
2026-09-10 06:45:01 PLAN AGOTADO hace 5205 min (desde 2026-09-06 16:00:01) -- MAQUINA OCIOSA
2026-09-10 07:00:01 PLAN AGOTADO hace 5220 min (desde 2026-09-06 16:00:01) -- MAQUINA OCIOSA
2026-09-10 07:15:01 PLAN AGOTADO hace 5235 min (desde 2026-09-06 16:00:01) -- MAQUINA OCIOSA
2026-09-10 07:30:01 PLAN AGOTADO hace 5250 min (desde 2026-09-06 16:00:01) -- MAQUINA OCIOSA
2026-09-10 07:45:01 PLAN AGOTADO hace 5265 min (desde 2026-09-06 16:00:01) -- MAQUINA OCIOSA
2026-09-10 08:00:01 PLAN AGOTADO hace 5280 min (desde 2026-09-06 16:00:01) -- MAQUINA OCIOSA
2026-09-10 08:15:01 PLAN AGOTADO hace 5295 min (desde 2026-09-06 16:00:01) -- MAQUINA OCIOSA
2026-09-10 08:30:01 PLAN AGOTADO hace 5310 min (desde 2026-09-06 16:00:01) -- MAQUINA OCIOSA
2026-09-10 08:45:01 PLAN AGOTADO hace 5325 min (desde 2026-09-06 16:00:01) -- MAQUINA OCIOSA
2026-09-10 09:00:01 PLAN AGOTADO hace 5340 min (desde 2026-09-06 16:00:01) -- MAQUINA OCIOSA
2026-09-10 09:15:01 PLAN AGOTADO hace 5355 min (desde 2026-09-06 16:00:01) -- MAQUINA OCIOSA
2026-09-10 09:30:01 PLAN AGOTADO hace 5370 min (desde 2026-09-06 16:00:01) -- MAQUINA OCIOSA
2026-09-10 09:45:01 PLAN AGOTADO hace 5385 min (desde 2026-09-06 16:00:01) -- MAQUINA OCIOSA
2026-09-10 10:00:01 PLAN AGOTADO hace 5400 min (desde 2026-09-06 16:00:01) -- MAQUINA OCIOSA
2026-09-10 10:15:01 PLAN AGOTADO hace 5415 min (desde 2026-09-06 16:00:01) -- MAQUINA OCIOSA
2026-09-10 10:30:01 PLAN AGOTADO hace 5430 min (desde 2026-09-06 16:00:01) -- MAQUINA OCIOSA
2026-09-10 10:45:01 PLAN AGOTADO hace 5445 min (desde 2026-09-06 16:00:01) -- MAQUINA OCIOSA
2026-09-10 11:00:01 PLAN AGOTADO hace 5460 min (desde 2026-09-06 16:00:01) -- MAQUINA OCIOSA
2026-09-10 11:15:01 PLAN AGOTADO hace 5475 min (desde 2026-09-06 16:00:01) -- MAQUINA OCIOSA
2026-09-10 11:30:01 PLAN AGOTADO hace 5490 min (desde 2026-09-06 16:00:01) -- MAQUINA OCIOSA
2026-09-10 11:45:01 PLAN AGOTADO hace 5505 min (desde 2026-09-06 16:00:01) -- MAQUINA OCIOSA
2026-09-10 12:00:01 PLAN AGOTADO hace 5520 min (desde 2026-09-06 16:00:01) -- MAQUINA OCIOSA
2026-09-10 12:15:01 PLAN AGOTADO hace 5535 min (desde 2026-09-06 16:00:01) -- MAQUINA OCIOSA
2026-09-10 12:30:01 PLAN AGOTADO hace 5550 min (desde 2026-09-06 16:00:01) -- MAQUINA OCIOSA
2026-09-10 12:45:01 PLAN AGOTADO hace 5565 min (desde 2026-09-06 16:00:01) -- MAQUINA OCIOSA
2026-09-10 13:00:01 PLAN AGOTADO hace 5580 min (desde 2026-09-06 16:00:01) -- MAQUINA OCIOSA
2026-09-10 13:15:01 PLAN AGOTADO hace 5595 min (desde 2026-09-06 16:00:01) -- MAQUINA OCIOSA
2026-09-10 13:30:01 PLAN AGOTADO hace 5610 min (desde 2026-09-06 16:00:01) -- MAQUINA OCIOSA
2026-09-10 13:45:01 PLAN AGOTADO hace 5625 min (desde 2026-09-06 16:00:01) -- MAQUINA OCIOSA
2026-09-10 14:00:01 PLAN AGOTADO hace 5640 min (desde 2026-09-06 16:00:01) -- MAQUINA OCIOSA
2026-09-10 14:15:01 PLAN AGOTADO hace 5655 min (desde 2026-09-06 16:00:01) -- MAQUINA OCIOSA
2026-09-10 14:30:02 PLAN AGOTADO hace 5670 min (desde 2026-09-06 16:00:01) -- MAQUINA OCIOSA
2026-09-10 14:45:01 PLAN AGOTADO hace 5685 min (desde 2026-09-06 16:00:01) -- MAQUINA OCIOSA
2026-09-10 15:00:01 PLAN AGOTADO hace 5700 min (desde 2026-09-06 16:00:01) -- MAQUINA OCIOSA
2026-09-10 15:15:01 PLAN AGOTADO hace 5715 min (desde 2026-09-06 16:00:01) -- MAQUINA OCIOSA
2026-09-10 15:30:01 PLAN AGOTADO hace 5730 min (desde 2026-09-06 16:00:01) -- MAQUINA OCIOSA
2026-09-10 15:45:01 PLAN AGOTADO hace 5745 min (desde 2026-09-06 16:00:01) -- MAQUINA OCIOSA
2026-09-11 16:15:01 PLAN AGOTADO hace 7215 min (desde 2026-09-06 16:00:01) -- MAQUINA OCIOSA
2026-09-11 16:30:01 PLAN AGOTADO hace 7230 min (desde 2026-09-06 16:00:01) -- MAQUINA OCIOSA
2026-09-11 16:45:01 PLAN AGOTADO hace 7245 min (desde 2026-09-06 16:00:01) -- MAQUINA OCIOSA
2026-09-11 17:00:01 PLAN AGOTADO hace 7260 min (desde 2026-09-06 16:00:01) -- MAQUINA OCIOSA
2026-09-11 17:15:01 PLAN AGOTADO hace 7275 min (desde 2026-09-06 16:00:01) -- MAQUINA OCIOSA
2026-09-11 17:30:02 PLAN AGOTADO hace 7290 min (desde 2026-09-06 16:00:01) -- MAQUINA OCIOSA
2026-09-11 17:45:01 PLAN AGOTADO hace 7305 min (desde 2026-09-06 16:00:01) -- MAQUINA OCIOSA
2026-09-11 18:00:01 PLAN AGOTADO hace 7320 min (desde 2026-09-06 16:00:01) -- MAQUINA OCIOSA
2026-09-11 18:15:01 PLAN AGOTADO hace 7335 min (desde 2026-09-06 16:00:01) -- MAQUINA OCIOSA
2026-09-11 18:30:01 PLAN AGOTADO hace 7350 min (desde 2026-09-06 16:00:01) -- MAQUINA OCIOSA
2026-09-11 18:45:01 PLAN AGOTADO hace 7365 min (desde 2026-09-06 16:00:01) -- MAQUINA OCIOSA
2026-09-11 19:00:01 PLAN AGOTADO hace 7380 min (desde 2026-09-06 16:00:01) -- MAQUINA OCIOSA
2026-09-11 19:15:01 PLAN AGOTADO hace 7395 min (desde 2026-09-06 16:00:01) -- MAQUINA OCIOSA
2026-09-11 19:30:01 PLAN AGOTADO hace 7410 min (desde 2026-09-06 16:00:01) -- MAQUINA OCIOSA
2026-09-11 19:45:01 PLAN AGOTADO hace 7425 min (desde 2026-09-06 16:00:01) -- MAQUINA OCIOSA
2026-09-11 20:00:01 PLAN AGOTADO hace 7440 min (desde 2026-09-06 16:00:01) -- MAQUINA OCIOSA
2026-09-11 20:15:01 PLAN AGOTADO hace 7455 min (desde 2026-09-06 16:00:01) -- MAQUINA OCIOSA
2026-09-11 20:30:01 PLAN AGOTADO hace 7470 min (desde 2026-09-06 16:00:01) -- MAQUINA OCIOSA
2026-09-11 20:45:01 PLAN AGOTADO hace 7485 min (desde 2026-09-06 16:00:01) -- MAQUINA OCIOSA
2026-09-11 21:00:01 PLAN AGOTADO hace 7500 min (desde 2026-09-06 16:00:01) -- MAQUINA OCIOSA
2026-09-11 21:15:01 PLAN AGOTADO hace 7515 min (desde 2026-09-06 16:00:01) -- MAQUINA OCIOSA
2026-09-11 21:30:01 PLAN AGOTADO hace 7530 min (desde 2026-09-06 16:00:01) -- MAQUINA OCIOSA
2026-09-11 21:45:01 PLAN AGOTADO hace 7545 min (desde 2026-09-06 16:00:01) -- MAQUINA OCIOSA
2026-09-11 22:00:01 PLAN AGOTADO hace 7560 min (desde 2026-09-06 16:00:01) -- MAQUINA OCIOSA
2026-09-11 22:15:01 PLAN AGOTADO hace 7575 min (desde 2026-09-06 16:00:01) -- MAQUINA OCIOSA
2026-09-11 22:30:01 PLAN AGOTADO hace 7590 min (desde 2026-09-06 16:00:01) -- MAQUINA OCIOSA
2026-09-11 22:45:01 PLAN AGOTADO hace 7605 min (desde 2026-09-06 16:00:01) -- MAQUINA OCIOSA
2026-09-11 23:00:01 PLAN AGOTADO hace 7620 min (desde 2026-09-06 16:00:01) -- MAQUINA OCIOSA
2026-09-11 23:15:01 PLAN AGOTADO hace 7635 min (desde 2026-09-06 16:00:01) -- MAQUINA OCIOSA
2026-09-11 23:30:01 PLAN AGOTADO hace 7650 min (desde 2026-09-06 16:00:01) -- MAQUINA OCIOSA
2026-09-11 23:45:02 PLAN AGOTADO hace 7665 min (desde 2026-09-06 16:00:01) -- MAQUINA OCIOSA
2026-09-12 00:00:01 PLAN AGOTADO hace 7680 min (desde 2026-09-06 16:00:01) -- MAQUINA OCIOSA
2026-09-12 00:15:01 PLAN AGOTADO hace 7695 min (desde 2026-09-06 16:00:01) -- MAQUINA OCIOSA
2026-09-12 00:30:01 PLAN AGOTADO hace 7710 min (desde 2026-09-06 16:00:01) -- MAQUINA OCIOSA
2026-09-12 00:45:01 PLAN AGOTADO hace 7725 min (desde 2026-09-06 16:00:01) -- MAQUINA OCIOSA
2026-09-12 01:00:01 PLAN AGOTADO hace 7740 min (desde 2026-09-06 16:00:01) -- MAQUINA OCIOSA
2026-09-12 01:15:01 PLAN AGOTADO hace 7755 min (desde 2026-09-06 16:00:01) -- MAQUINA OCIOSA
2026-09-12 01:30:01 PLAN AGOTADO hace 7770 min (desde 2026-09-06 16:00:01) -- MAQUINA OCIOSA
2026-09-12 01:45:01 PLAN AGOTADO hace 7785 min (desde 2026-09-06 16:00:01) -- MAQUINA OCIOSA
2026-09-12 02:00:01 PLAN AGOTADO hace 7800 min (desde 2026-09-06 16:00:01) -- MAQUINA OCIOSA
2026-09-12 02:15:01 PLAN AGOTADO hace 7815 min (desde 2026-09-06 16:00:01) -- MAQUINA OCIOSA
2026-09-12 02:30:01 PLAN AGOTADO hace 7830 min (desde 2026-09-06 16:00:01) -- MAQUINA OCIOSA
2026-09-12 02:45:02 PLAN AGOTADO hace 7845 min (desde 2026-09-06 16:00:01) -- MAQUINA OCIOSA
2026-09-12 03:00:01 PLAN AGOTADO hace 7860 min (desde 2026-09-06 16:00:01) -- MAQUINA OCIOSA
2026-09-12 03:15:01 PLAN AGOTADO hace 7875 min (desde 2026-09-06 16:00:01) -- MAQUINA OCIOSA
2026-09-12 03:30:01 PLAN AGOTADO hace 7890 min (desde 2026-09-06 16:00:01) -- MAQUINA OCIOSA
2026-09-12 03:45:01 PLAN AGOTADO hace 7905 min (desde 2026-09-06 16:00:01) -- MAQUINA OCIOSA
2026-09-12 04:00:01 PLAN AGOTADO hace 7920 min (desde 2026-09-06 16:00:01) -- MAQUINA OCIOSA
2026-09-12 04:15:01 PLAN AGOTADO hace 7935 min (desde 2026-09-06 16:00:01) -- MAQUINA OCIOSA
2026-09-12 04:30:01 PLAN AGOTADO hace 7950 min (desde 2026-09-06 16:00:01) -- MAQUINA OCIOSA
2026-09-12 04:45:01 PLAN AGOTADO hace 7965 min (desde 2026-09-06 16:00:01) -- MAQUINA OCIOSA
2026-09-12 05:00:01 PLAN AGOTADO hace 7980 min (desde 2026-09-06 16:00:01) -- MAQUINA OCIOSA
2026-09-12 05:15:01 PLAN AGOTADO hace 7995 min (desde 2026-09-06 16:00:01) -- MAQUINA OCIOSA
2026-09-12 05:30:01 PLAN AGOTADO hace 8010 min (desde 2026-09-06 16:00:01) -- MAQUINA OCIOSA
2026-09-12 05:45:01 PLAN AGOTADO hace 8025 min (desde 2026-09-06 16:00:01) -- MAQUINA OCIOSA
2026-09-12 06:00:01 PLAN AGOTADO hace 8040 min (desde 2026-09-06 16:00:01) -- MAQUINA OCIOSA
2026-09-12 06:15:01 PLAN AGOTADO hace 8055 min (desde 2026-09-06 16:00:01) -- MAQUINA OCIOSA
2026-09-12 06:30:01 PLAN AGOTADO hace 8070 min (desde 2026-09-06 16:00:01) -- MAQUINA OCIOSA
2026-09-12 06:45:01 PLAN AGOTADO hace 8085 min (desde 2026-09-06 16:00:01) -- MAQUINA OCIOSA
2026-09-12 07:00:01 PLAN AGOTADO hace 8100 min (desde 2026-09-06 16:00:01) -- MAQUINA OCIOSA
2026-09-12 07:15:01 PLAN AGOTADO hace 8115 min (desde 2026-09-06 16:00:01) -- MAQUINA OCIOSA
2026-09-12 07:30:01 PLAN AGOTADO hace 8130 min (desde 2026-09-06 16:00:01) -- MAQUINA OCIOSA
2026-09-12 07:45:01 PLAN AGOTADO hace 8145 min (desde 2026-09-06 16:00:01) -- MAQUINA OCIOSA
2026-09-12 08:00:01 PLAN AGOTADO hace 8160 min (desde 2026-09-06 16:00:01) -- MAQUINA OCIOSA
2026-09-12 08:15:01 PLAN AGOTADO hace 8175 min (desde 2026-09-06 16:00:01) -- MAQUINA OCIOSA
2026-09-12 08:30:01 PLAN AGOTADO hace 8190 min (desde 2026-09-06 16:00:01) -- MAQUINA OCIOSA
2026-09-12 08:45:01 PLAN AGOTADO hace 8205 min (desde 2026-09-06 16:00:01) -- MAQUINA OCIOSA
2026-09-12 18:15:01 PLAN AGOTADO hace 8775 min (desde 2026-09-06 16:00:01) -- MAQUINA OCIOSA
2026-09-12 18:30:01 PLAN AGOTADO hace 8790 min (desde 2026-09-06 16:00:01) -- MAQUINA OCIOSA
2026-09-12 18:45:01 PLAN AGOTADO hace 8805 min (desde 2026-09-06 16:00:01) -- MAQUINA OCIOSA
2026-09-12 19:00:01 PLAN AGOTADO hace 8820 min (desde 2026-09-06 16:00:01) -- MAQUINA OCIOSA
2026-09-12 19:15:02 PLAN AGOTADO hace 8835 min (desde 2026-09-06 16:00:01) -- MAQUINA OCIOSA
2026-09-12 19:30:01 PLAN AGOTADO hace 8850 min (desde 2026-09-06 16:00:01) -- MAQUINA OCIOSA
2026-09-12 19:45:01 PLAN AGOTADO hace 8865 min (desde 2026-09-06 16:00:01) -- MAQUINA OCIOSA
2026-09-12 20:00:01 PLAN AGOTADO hace 8880 min (desde 2026-09-06 16:00:01) -- MAQUINA OCIOSA
2026-09-12 20:15:01 PLAN AGOTADO hace 8895 min (desde 2026-09-06 16:00:01) -- MAQUINA OCIOSA
2026-09-12 20:30:01 PLAN AGOTADO hace 8910 min (desde 2026-09-06 16:00:01) -- MAQUINA OCIOSA
2026-09-12 20:45:01 PLAN AGOTADO hace 8925 min (desde 2026-09-06 16:00:01) -- MAQUINA OCIOSA
2026-09-12 21:00:01 PLAN AGOTADO hace 8940 min (desde 2026-09-06 16:00:01) -- MAQUINA OCIOSA
2026-09-12 21:15:01 PLAN AGOTADO hace 8955 min (desde 2026-09-06 16:00:01) -- MAQUINA OCIOSA
2026-09-12 21:30:01 PLAN AGOTADO hace 8970 min (desde 2026-09-06 16:00:01) -- MAQUINA OCIOSA
2026-09-12 21:45:01 PLAN AGOTADO hace 8985 min (desde 2026-09-06 16:00:01) -- MAQUINA OCIOSA
2026-09-12 22:00:01 PLAN AGOTADO hace 9000 min (desde 2026-09-06 16:00:01) -- MAQUINA OCIOSA
2026-09-12 22:15:01 PLAN AGOTADO hace 9015 min (desde 2026-09-06 16:00:01) -- MAQUINA OCIOSA
2026-09-12 22:30:01 PLAN AGOTADO hace 9030 min (desde 2026-09-06 16:00:01) -- MAQUINA OCIOSA
2026-09-12 22:45:01 PLAN AGOTADO hace 9045 min (desde 2026-09-06 16:00:01) -- MAQUINA OCIOSA
2026-09-12 23:00:01 PLAN AGOTADO hace 9060 min (desde 2026-09-06 16:00:01) -- MAQUINA OCIOSA
2026-09-12 23:15:01 PLAN AGOTADO hace 9075 min (desde 2026-09-06 16:00:01) -- MAQUINA OCIOSA
2026-09-12 23:30:01 PLAN AGOTADO hace 9090 min (desde 2026-09-06 16:00:01) -- MAQUINA OCIOSA
2026-09-12 23:45:01 PLAN AGOTADO hace 9105 min (desde 2026-09-06 16:00:01) -- MAQUINA OCIOSA
2026-09-13 00:00:01 PLAN AGOTADO hace 9120 min (desde 2026-09-06 16:00:01) -- MAQUINA OCIOSA
2026-09-13 00:15:01 PLAN AGOTADO hace 9135 min (desde 2026-09-06 16:00:01) -- MAQUINA OCIOSA
2026-09-13 00:30:01 PLAN AGOTADO hace 9150 min (desde 2026-09-06 16:00:01) -- MAQUINA OCIOSA
2026-09-13 00:45:01 PLAN AGOTADO hace 9165 min (desde 2026-09-06 16:00:01) -- MAQUINA OCIOSA
2026-09-13 01:00:01 PLAN AGOTADO hace 9180 min (desde 2026-09-06 16:00:01) -- MAQUINA OCIOSA
2026-09-13 01:15:02 PLAN AGOTADO hace 9195 min (desde 2026-09-06 16:00:01) -- MAQUINA OCIOSA
2026-09-13 01:30:01 PLAN AGOTADO hace 9210 min (desde 2026-09-06 16:00:01) -- MAQUINA OCIOSA
2026-09-13 01:45:01 PLAN AGOTADO hace 9225 min (desde 2026-09-06 16:00:01) -- MAQUINA OCIOSA
2026-09-13 02:00:01 PLAN AGOTADO hace 9240 min (desde 2026-09-06 16:00:01) -- MAQUINA OCIOSA
2026-09-13 02:15:01 PLAN AGOTADO hace 9255 min (desde 2026-09-06 16:00:01) -- MAQUINA OCIOSA
2026-09-13 02:30:01 PLAN AGOTADO hace 9270 min (desde 2026-09-06 16:00:01) -- MAQUINA OCIOSA
2026-09-13 02:45:01 PLAN AGOTADO hace 9285 min (desde 2026-09-06 16:00:01) -- MAQUINA OCIOSA
2026-09-13 03:00:01 PLAN AGOTADO hace 9300 min (desde 2026-09-06 16:00:01) -- MAQUINA OCIOSA
2026-09-13 03:15:01 PLAN AGOTADO hace 9315 min (desde 2026-09-06 16:00:01) -- MAQUINA OCIOSA
2026-09-13 03:30:01 PLAN AGOTADO hace 9330 min (desde 2026-09-06 16:00:01) -- MAQUINA OCIOSA
2026-09-13 03:45:01 PLAN AGOTADO hace 9345 min (desde 2026-09-06 16:00:01) -- MAQUINA OCIOSA
2026-09-13 04:00:01 PLAN AGOTADO hace 9360 min (desde 2026-09-06 16:00:01) -- MAQUINA OCIOSA
2026-09-13 04:15:01 PLAN AGOTADO hace 9375 min (desde 2026-09-06 16:00:01) -- MAQUINA OCIOSA
2026-09-13 04:30:02 PLAN AGOTADO hace 9390 min (desde 2026-09-06 16:00:01) -- MAQUINA OCIOSA
2026-09-13 04:45:01 PLAN AGOTADO hace 9405 min (desde 2026-09-06 16:00:01) -- MAQUINA OCIOSA
2026-09-13 05:00:01 PLAN AGOTADO hace 9420 min (desde 2026-09-06 16:00:01) -- MAQUINA OCIOSA
2026-09-13 05:15:01 PLAN AGOTADO hace 9435 min (desde 2026-09-06 16:00:01) -- MAQUINA OCIOSA
2026-09-13 05:30:01 PLAN AGOTADO hace 9450 min (desde 2026-09-06 16:00:01) -- MAQUINA OCIOSA
2026-09-13 05:45:01 PLAN AGOTADO hace 9465 min (desde 2026-09-06 16:00:01) -- MAQUINA OCIOSA
2026-09-13 06:00:01 PLAN AGOTADO hace 9480 min (desde 2026-09-06 16:00:01) -- MAQUINA OCIOSA
2026-09-13 06:15:01 PLAN AGOTADO hace 9495 min (desde 2026-09-06 16:00:01) -- MAQUINA OCIOSA
2026-09-13 06:30:01 PLAN AGOTADO hace 9510 min (desde 2026-09-06 16:00:01) -- MAQUINA OCIOSA
2026-09-13 06:45:01 PLAN AGOTADO hace 9525 min (desde 2026-09-06 16:00:01) -- MAQUINA OCIOSA
2026-09-13 07:00:01 PLAN AGOTADO hace 9540 min (desde 2026-09-06 16:00:01) -- MAQUINA OCIOSA
2026-09-13 07:15:01 PLAN AGOTADO hace 9555 min (desde 2026-09-06 16:00:01) -- MAQUINA OCIOSA
2026-09-13 07:30:02 PLAN AGOTADO hace 9570 min (desde 2026-09-06 16:00:01) -- MAQUINA OCIOSA
2026-09-13 07:45:01 PLAN AGOTADO hace 9585 min (desde 2026-09-06 16:00:01) -- MAQUINA OCIOSA
2026-09-13 08:00:01 PLAN AGOTADO hace 9600 min (desde 2026-09-06 16:00:01) -- MAQUINA OCIOSA
2026-09-13 08:15:01 PLAN AGOTADO hace 9615 min (desde 2026-09-06 16:00:01) -- MAQUINA OCIOSA
2026-09-13 08:30:01 PLAN AGOTADO hace 9630 min (desde 2026-09-06 16:00:01) -- MAQUINA OCIOSA
2026-09-13 08:45:01 PLAN AGOTADO hace 9645 min (desde 2026-09-06 16:00:01) -- MAQUINA OCIOSA
2026-09-13 09:00:01 PLAN AGOTADO hace 9660 min (desde 2026-09-06 16:00:01) -- MAQUINA OCIOSA
2026-09-13 09:15:01 PLAN AGOTADO hace 9675 min (desde 2026-09-06 16:00:01) -- MAQUINA OCIOSA
2026-09-13 09:30:01 PLAN AGOTADO hace 9690 min (desde 2026-09-06 16:00:01) -- MAQUINA OCIOSA
2026-09-13 09:45:01 PLAN AGOTADO hace 9705 min (desde 2026-09-06 16:00:01) -- MAQUINA OCIOSA
2026-09-13 10:00:01 PLAN AGOTADO hace 9720 min (desde 2026-09-06 16:00:01) -- MAQUINA OCIOSA
2026-09-13 10:15:01 PLAN AGOTADO hace 9735 min (desde 2026-09-06 16:00:01) -- MAQUINA OCIOSA
2026-09-13 10:30:01 PLAN AGOTADO hace 9750 min (desde 2026-09-06 16:00:01) -- MAQUINA OCIOSA
2026-09-13 10:45:01 PLAN AGOTADO hace 9765 min (desde 2026-09-06 16:00:01) -- MAQUINA OCIOSA
2026-09-13 11:00:01 PLAN AGOTADO hace 9780 min (desde 2026-09-06 16:00:01) -- MAQUINA OCIOSA
2026-09-13 11:15:01 PLAN AGOTADO hace 9795 min (desde 2026-09-06 16:00:01) -- MAQUINA OCIOSA
2026-09-13 11:30:01 PLAN AGOTADO hace 9810 min (desde 2026-09-06 16:00:01) -- MAQUINA OCIOSA
2026-09-13 11:45:01 PLAN AGOTADO hace 9825 min (desde 2026-09-06 16:00:01) -- MAQUINA OCIOSA
2026-09-13 12:00:01 PLAN AGOTADO hace 9840 min (desde 2026-09-06 16:00:01) -- MAQUINA OCIOSA
2026-09-13 12:15:01 PLAN AGOTADO hace 9855 min (desde 2026-09-06 16:00:01) -- MAQUINA OCIOSA
2026-09-13 12:30:01 PLAN AGOTADO hace 9870 min (desde 2026-09-06 16:00:01) -- MAQUINA OCIOSA
2026-09-13 12:45:01 PLAN AGOTADO hace 9885 min (desde 2026-09-06 16:00:01) -- MAQUINA OCIOSA
2026-09-13 13:00:01 PLAN AGOTADO hace 9900 min (desde 2026-09-06 16:00:01) -- MAQUINA OCIOSA
2026-09-13 13:15:01 PLAN AGOTADO hace 9915 min (desde 2026-09-06 16:00:01) -- MAQUINA OCIOSA
2026-09-13 13:30:01 PLAN AGOTADO hace 9930 min (desde 2026-09-06 16:00:01) -- MAQUINA OCIOSA
2026-09-13 13:45:01 PLAN AGOTADO hace 9945 min (desde 2026-09-06 16:00:01) -- MAQUINA OCIOSA
2026-09-13 14:00:01 PLAN AGOTADO hace 9960 min (desde 2026-09-06 16:00:01) -- MAQUINA OCIOSA
2026-09-13 14:15:01 PLAN AGOTADO hace 9975 min (desde 2026-09-06 16:00:01) -- MAQUINA OCIOSA
2026-09-13 14:30:01 PLAN AGOTADO hace 9990 min (desde 2026-09-06 16:00:01) -- MAQUINA OCIOSA
2026-09-13 14:45:01 PLAN AGOTADO hace 10005 min (desde 2026-09-06 16:00:01) -- MAQUINA OCIOSA
2026-09-13 15:00:01 PLAN AGOTADO hace 10020 min (desde 2026-09-06 16:00:01) -- MAQUINA OCIOSA
2026-09-13 15:15:01 PLAN AGOTADO hace 10035 min (desde 2026-09-06 16:00:01) -- MAQUINA OCIOSA
2026-09-13 15:30:01 PLAN AGOTADO hace 10050 min (desde 2026-09-06 16:00:01) -- MAQUINA OCIOSA
2026-09-13 15:45:01 PLAN AGOTADO hace 10065 min (desde 2026-09-06 16:00:01) -- MAQUINA OCIOSA
2026-09-13 16:00:01 PLAN AGOTADO hace 10080 min (desde 2026-09-06 16:00:01) -- MAQUINA OCIOSA
2026-09-13 16:15:01 PLAN AGOTADO hace 10095 min (desde 2026-09-06 16:00:01) -- MAQUINA OCIOSA
2026-09-13 16:30:01 PLAN AGOTADO hace 10110 min (desde 2026-09-06 16:00:01) -- MAQUINA OCIOSA
2026-09-13 16:45:01 PLAN AGOTADO hace 10125 min (desde 2026-09-06 16:00:01) -- MAQUINA OCIOSA
2026-09-13 17:00:01 PLAN AGOTADO hace 10140 min (desde 2026-09-06 16:00:01) -- MAQUINA OCIOSA
2026-09-13 17:15:01 PLAN AGOTADO hace 10155 min (desde 2026-09-06 16:00:01) -- MAQUINA OCIOSA
2026-09-13 17:30:01 PLAN AGOTADO hace 10170 min (desde 2026-09-06 16:00:01) -- MAQUINA OCIOSA
2026-09-13 17:45:01 PLAN AGOTADO hace 10185 min (desde 2026-09-06 16:00:01) -- MAQUINA OCIOSA
2026-09-13 18:00:01 PLAN AGOTADO hace 10200 min (desde 2026-09-06 16:00:01) -- MAQUINA OCIOSA
2026-09-13 18:15:01 PLAN AGOTADO hace 10215 min (desde 2026-09-06 16:00:01) -- MAQUINA OCIOSA
2026-09-13 18:30:01 PLAN AGOTADO hace 10230 min (desde 2026-09-06 16:00:01) -- MAQUINA OCIOSA
2026-09-13 18:45:01 PLAN AGOTADO hace 10245 min (desde 2026-09-06 16:00:01) -- MAQUINA OCIOSA
2026-09-13 19:00:01 PLAN AGOTADO hace 10260 min (desde 2026-09-06 16:00:01) -- MAQUINA OCIOSA
2026-09-13 19:15:01 PLAN AGOTADO hace 10275 min (desde 2026-09-06 16:00:01) -- MAQUINA OCIOSA
2026-09-13 19:30:01 PLAN AGOTADO hace 10290 min (desde 2026-09-06 16:00:01) -- MAQUINA OCIOSA
2026-09-13 19:45:01 PLAN AGOTADO hace 10305 min (desde 2026-09-06 16:00:01) -- MAQUINA OCIOSA
2026-09-13 20:00:01 PLAN AGOTADO hace 10320 min (desde 2026-09-06 16:00:01) -- MAQUINA OCIOSA
2026-09-13 20:15:01 PLAN AGOTADO hace 10335 min (desde 2026-09-06 16:00:01) -- MAQUINA OCIOSA
2026-09-13 20:30:02 PLAN AGOTADO hace 10350 min (desde 2026-09-06 16:00:01) -- MAQUINA OCIOSA
2026-09-13 20:45:01 PLAN AGOTADO hace 10365 min (desde 2026-09-06 16:00:01) -- MAQUINA OCIOSA
2026-09-13 21:00:01 PLAN AGOTADO hace 10380 min (desde 2026-09-06 16:00:01) -- MAQUINA OCIOSA
2026-09-14 03:15:01 PLAN AGOTADO hace 10755 min (desde 2026-09-06 16:00:01) -- MAQUINA OCIOSA
2026-09-14 03:30:01 PLAN AGOTADO hace 10770 min (desde 2026-09-06 16:00:01) -- MAQUINA OCIOSA
2026-09-14 03:45:01 PLAN AGOTADO hace 10785 min (desde 2026-09-06 16:00:01) -- MAQUINA OCIOSA
2026-09-14 04:00:01 PLAN AGOTADO hace 10800 min (desde 2026-09-06 16:00:01) -- MAQUINA OCIOSA
2026-09-14 04:15:01 PLAN AGOTADO hace 10815 min (desde 2026-09-06 16:00:01) -- MAQUINA OCIOSA
2026-09-14 04:30:01 PLAN AGOTADO hace 10830 min (desde 2026-09-06 16:00:01) -- MAQUINA OCIOSA
2026-09-14 04:45:01 PLAN AGOTADO hace 10845 min (desde 2026-09-06 16:00:01) -- MAQUINA OCIOSA
2026-09-14 05:00:01 PLAN AGOTADO hace 10860 min (desde 2026-09-06 16:00:01) -- MAQUINA OCIOSA
2026-09-14 05:15:01 PLAN AGOTADO hace 10875 min (desde 2026-09-06 16:00:01) -- MAQUINA OCIOSA
2026-09-14 05:30:01 PLAN AGOTADO hace 10890 min (desde 2026-09-06 16:00:01) -- MAQUINA OCIOSA
2026-09-14 05:45:01 PLAN AGOTADO hace 10905 min (desde 2026-09-06 16:00:01) -- MAQUINA OCIOSA
2026-09-14 06:00:01 PLAN AGOTADO hace 10920 min (desde 2026-09-06 16:00:01) -- MAQUINA OCIOSA
2026-09-14 07:00:01 PLAN AGOTADO hace 10980 min (desde 2026-09-06 16:00:01) -- MAQUINA OCIOSA
2026-09-14 07:15:01 PLAN AGOTADO hace 10995 min (desde 2026-09-06 16:00:01) -- MAQUINA OCIOSA
2026-09-14 07:30:01 PLAN AGOTADO hace 11010 min (desde 2026-09-06 16:00:01) -- MAQUINA OCIOSA
2026-09-14 07:45:01 PLAN AGOTADO hace 11025 min (desde 2026-09-06 16:00:01) -- MAQUINA OCIOSA
2026-09-14 08:00:01 PLAN AGOTADO hace 11040 min (desde 2026-09-06 16:00:01) -- MAQUINA OCIOSA
2026-09-14 08:15:01 PLAN AGOTADO hace 11055 min (desde 2026-09-06 16:00:01) -- MAQUINA OCIOSA
2026-09-14 08:30:01 PLAN AGOTADO hace 11070 min (desde 2026-09-06 16:00:01) -- MAQUINA OCIOSA
2026-09-14 08:45:01 PLAN AGOTADO hace 11085 min (desde 2026-09-06 16:00:01) -- MAQUINA OCIOSA
2026-09-14 09:00:02 PLAN AGOTADO hace 11100 min (desde 2026-09-06 16:00:01) -- MAQUINA OCIOSA
2026-09-14 09:15:01 PLAN AGOTADO hace 11115 min (desde 2026-09-06 16:00:01) -- MAQUINA OCIOSA
2026-09-14 09:30:01 PLAN AGOTADO hace 11130 min (desde 2026-09-06 16:00:01) -- MAQUINA OCIOSA
2026-09-14 09:45:01 PLAN AGOTADO hace 11145 min (desde 2026-09-06 16:00:01) -- MAQUINA OCIOSA
2026-09-14 10:00:01 PLAN AGOTADO hace 11160 min (desde 2026-09-06 16:00:01) -- MAQUINA OCIOSA
2026-09-14 10:15:01 PLAN AGOTADO hace 11175 min (desde 2026-09-06 16:00:01) -- MAQUINA OCIOSA
2026-09-14 11:00:01 PLAN AGOTADO hace 11220 min (desde 2026-09-06 16:00:01) -- MAQUINA OCIOSA
2026-09-14 14:30:01 PLAN AGOTADO hace 11430 min (desde 2026-09-06 16:00:01) -- MAQUINA OCIOSA
2026-09-14 14:45:01 PLAN AGOTADO hace 11445 min (desde 2026-09-06 16:00:01) -- MAQUINA OCIOSA
2026-09-14 15:00:01 PLAN AGOTADO hace 11460 min (desde 2026-09-06 16:00:01) -- MAQUINA OCIOSA
2026-09-14 15:15:01 PLAN AGOTADO hace 11475 min (desde 2026-09-06 16:00:01) -- MAQUINA OCIOSA
2026-09-14 15:30:01 PLAN AGOTADO hace 11490 min (desde 2026-09-06 16:00:01) -- MAQUINA OCIOSA
2026-09-14 15:45:01 PLAN AGOTADO hace 11505 min (desde 2026-09-06 16:00:01) -- MAQUINA OCIOSA
2026-09-14 16:00:01 PLAN AGOTADO hace 11520 min (desde 2026-09-06 16:00:01) -- MAQUINA OCIOSA
2026-09-14 16:15:01 PLAN AGOTADO hace 11535 min (desde 2026-09-06 16:00:01) -- MAQUINA OCIOSA
2026-09-14 16:30:01 PLAN AGOTADO hace 11550 min (desde 2026-09-06 16:00:01) -- MAQUINA OCIOSA
2026-09-14 16:45:01 PLAN AGOTADO hace 11565 min (desde 2026-09-06 16:00:01) -- MAQUINA OCIOSA
2026-09-14 17:00:01 PLAN AGOTADO hace 11580 min (desde 2026-09-06 16:00:01) -- MAQUINA OCIOSA
2026-09-14 17:15:01 PLAN AGOTADO hace 11595 min (desde 2026-09-06 16:00:01) -- MAQUINA OCIOSA
2026-09-14 17:30:01 PLAN AGOTADO hace 11610 min (desde 2026-09-06 16:00:01) -- MAQUINA OCIOSA
2026-09-14 17:45:01 PLAN AGOTADO hace 11625 min (desde 2026-09-06 16:00:01) -- MAQUINA OCIOSA
2026-09-14 18:00:01 PLAN AGOTADO hace 11640 min (desde 2026-09-06 16:00:01) -- MAQUINA OCIOSA
2026-09-14 18:15:01 PLAN AGOTADO hace 11655 min (desde 2026-09-06 16:00:01) -- MAQUINA OCIOSA
2026-09-14 18:30:01 PLAN AGOTADO hace 11670 min (desde 2026-09-06 16:00:01) -- MAQUINA OCIOSA
2026-09-14 18:45:01 PLAN AGOTADO hace 11685 min (desde 2026-09-06 16:00:01) -- MAQUINA OCIOSA
2026-09-14 19:00:01 PLAN AGOTADO hace 11700 min (desde 2026-09-06 16:00:01) -- MAQUINA OCIOSA
2026-09-14 19:15:01 PLAN AGOTADO hace 11715 min (desde 2026-09-06 16:00:01) -- MAQUINA OCIOSA
2026-09-14 19:30:01 PLAN AGOTADO hace 11730 min (desde 2026-09-06 16:00:01) -- MAQUINA OCIOSA
2026-09-14 19:45:01 PLAN AGOTADO hace 11745 min (desde 2026-09-06 16:00:01) -- MAQUINA OCIOSA
2026-09-14 20:00:01 PLAN AGOTADO hace 11760 min (desde 2026-09-06 16:00:01) -- MAQUINA OCIOSA
2026-09-14 20:15:01 PLAN AGOTADO hace 11775 min (desde 2026-09-06 16:00:01) -- MAQUINA OCIOSA
2026-09-14 20:30:01 PLAN AGOTADO hace 11790 min (desde 2026-09-06 16:00:01) -- MAQUINA OCIOSA
2026-09-14 20:45:01 PLAN AGOTADO hace 11805 min (desde 2026-09-06 16:00:01) -- MAQUINA OCIOSA
2026-09-14 21:00:01 PLAN AGOTADO hace 11820 min (desde 2026-09-06 16:00:01) -- MAQUINA OCIOSA
2026-09-14 21:15:01 PLAN AGOTADO hace 11835 min (desde 2026-09-06 16:00:01) -- MAQUINA OCIOSA
2026-09-14 21:30:01 PLAN AGOTADO hace 11850 min (desde 2026-09-06 16:00:01) -- MAQUINA OCIOSA
2026-09-14 21:45:01 PLAN AGOTADO hace 11865 min (desde 2026-09-06 16:00:01) -- MAQUINA OCIOSA
2026-09-14 22:00:01 PLAN AGOTADO hace 11880 min (desde 2026-09-06 16:00:01) -- MAQUINA OCIOSA
2026-09-14 22:15:01 PLAN AGOTADO hace 11895 min (desde 2026-09-06 16:00:01) -- MAQUINA OCIOSA
2026-09-14 22:30:01 PLAN AGOTADO hace 11910 min (desde 2026-09-06 16:00:01) -- MAQUINA OCIOSA
2026-09-14 22:45:01 PLAN AGOTADO hace 11925 min (desde 2026-09-06 16:00:01) -- MAQUINA OCIOSA
2026-09-14 23:00:02 PLAN AGOTADO hace 11940 min (desde 2026-09-06 16:00:01) -- MAQUINA OCIOSA
2026-09-14 23:15:01 PLAN AGOTADO hace 11955 min (desde 2026-09-06 16:00:01) -- MAQUINA OCIOSA
2026-09-14 23:30:01 PLAN AGOTADO hace 11970 min (desde 2026-09-06 16:00:01) -- MAQUINA OCIOSA
2026-09-14 23:45:01 PLAN AGOTADO hace 11985 min (desde 2026-09-06 16:00:01) -- MAQUINA OCIOSA
2026-09-15 00:00:01 PLAN AGOTADO hace 12000 min (desde 2026-09-06 16:00:01) -- MAQUINA OCIOSA
2026-09-15 00:15:01 PLAN AGOTADO hace 12015 min (desde 2026-09-06 16:00:01) -- MAQUINA OCIOSA
2026-09-15 00:30:01 PLAN AGOTADO hace 12030 min (desde 2026-09-06 16:00:01) -- MAQUINA OCIOSA
2026-09-15 00:45:01 PLAN AGOTADO hace 12045 min (desde 2026-09-06 16:00:01) -- MAQUINA OCIOSA
2026-09-15 01:00:01 PLAN AGOTADO hace 12060 min (desde 2026-09-06 16:00:01) -- MAQUINA OCIOSA
2026-09-15 01:15:01 PLAN AGOTADO hace 12075 min (desde 2026-09-06 16:00:01) -- MAQUINA OCIOSA
2026-09-15 01:30:01 PLAN AGOTADO hace 12090 min (desde 2026-09-06 16:00:01) -- MAQUINA OCIOSA
2026-09-15 01:45:01 PLAN AGOTADO hace 12105 min (desde 2026-09-06 16:00:01) -- MAQUINA OCIOSA
2026-09-15 02:00:01 PLAN AGOTADO hace 12120 min (desde 2026-09-06 16:00:01) -- MAQUINA OCIOSA
2026-09-15 02:15:01 PLAN AGOTADO hace 12135 min (desde 2026-09-06 16:00:01) -- MAQUINA OCIOSA
2026-09-15 02:30:01 PLAN AGOTADO hace 12150 min (desde 2026-09-06 16:00:01) -- MAQUINA OCIOSA
2026-09-15 02:45:01 PLAN AGOTADO hace 12165 min (desde 2026-09-06 16:00:01) -- MAQUINA OCIOSA
2026-09-15 03:00:01 PLAN AGOTADO hace 12180 min (desde 2026-09-06 16:00:01) -- MAQUINA OCIOSA
2026-09-15 03:15:01 PLAN AGOTADO hace 12195 min (desde 2026-09-06 16:00:01) -- MAQUINA OCIOSA
2026-09-15 03:30:01 PLAN AGOTADO hace 12210 min (desde 2026-09-06 16:00:01) -- MAQUINA OCIOSA
2026-09-15 03:45:01 PLAN AGOTADO hace 12225 min (desde 2026-09-06 16:00:01) -- MAQUINA OCIOSA
2026-09-15 04:00:01 PLAN AGOTADO hace 12240 min (desde 2026-09-06 16:00:01) -- MAQUINA OCIOSA
2026-09-15 04:15:01 PLAN AGOTADO hace 12255 min (desde 2026-09-06 16:00:01) -- MAQUINA OCIOSA
2026-09-15 04:30:01 PLAN AGOTADO hace 12270 min (desde 2026-09-06 16:00:01) -- MAQUINA OCIOSA
2026-09-15 04:45:01 PLAN AGOTADO hace 12285 min (desde 2026-09-06 16:00:01) -- MAQUINA OCIOSA
2026-09-15 05:00:01 PLAN AGOTADO hace 12300 min (desde 2026-09-06 16:00:01) -- MAQUINA OCIOSA
2026-09-15 05:15:01 PLAN AGOTADO hace 12315 min (desde 2026-09-06 16:00:01) -- MAQUINA OCIOSA
2026-09-15 05:30:01 PLAN AGOTADO hace 12330 min (desde 2026-09-06 16:00:01) -- MAQUINA OCIOSA
2026-09-15 05:45:01 PLAN AGOTADO hace 12345 min (desde 2026-09-06 16:00:01) -- MAQUINA OCIOSA
2026-09-15 06:00:01 PLAN AGOTADO hace 12360 min (desde 2026-09-06 16:00:01) -- MAQUINA OCIOSA
2026-09-15 06:15:01 PLAN AGOTADO hace 12375 min (desde 2026-09-06 16:00:01) -- MAQUINA OCIOSA
2026-09-15 06:30:01 PLAN AGOTADO hace 12390 min (desde 2026-09-06 16:00:01) -- MAQUINA OCIOSA
2026-09-15 06:45:01 PLAN AGOTADO hace 12405 min (desde 2026-09-06 16:00:01) -- MAQUINA OCIOSA
2026-09-15 07:00:01 PLAN AGOTADO hace 12420 min (desde 2026-09-06 16:00:01) -- MAQUINA OCIOSA
2026-09-15 07:15:01 PLAN AGOTADO hace 12435 min (desde 2026-09-06 16:00:01) -- MAQUINA OCIOSA
2026-09-15 07:30:01 PLAN AGOTADO hace 12450 min (desde 2026-09-06 16:00:01) -- MAQUINA OCIOSA
2026-09-15 07:45:01 PLAN AGOTADO hace 12465 min (desde 2026-09-06 16:00:01) -- MAQUINA OCIOSA
2026-09-15 08:00:01 PLAN AGOTADO hace 12480 min (desde 2026-09-06 16:00:01) -- MAQUINA OCIOSA
2026-09-15 08:15:01 PLAN AGOTADO hace 12495 min (desde 2026-09-06 16:00:01) -- MAQUINA OCIOSA
2026-09-15 08:30:01 PLAN AGOTADO hace 12510 min (desde 2026-09-06 16:00:01) -- MAQUINA OCIOSA
2026-09-15 08:45:01 PLAN AGOTADO hace 12525 min (desde 2026-09-06 16:00:01) -- MAQUINA OCIOSA
2026-09-15 09:00:01 PLAN AGOTADO hace 12540 min (desde 2026-09-06 16:00:01) -- MAQUINA OCIOSA
2026-09-15 09:15:01 PLAN AGOTADO hace 12555 min (desde 2026-09-06 16:00:01) -- MAQUINA OCIOSA
2026-09-15 09:30:02 PLAN AGOTADO hace 12570 min (desde 2026-09-06 16:00:01) -- MAQUINA OCIOSA
2026-09-15 09:45:01 PLAN AGOTADO hace 12585 min (desde 2026-09-06 16:00:01) -- MAQUINA OCIOSA
2026-09-15 10:00:01 PLAN AGOTADO hace 12600 min (desde 2026-09-06 16:00:01) -- MAQUINA OCIOSA
2026-09-15 10:15:01 PLAN AGOTADO hace 12615 min (desde 2026-09-06 16:00:01) -- MAQUINA OCIOSA
2026-09-15 10:30:01 PLAN AGOTADO hace 12630 min (desde 2026-09-06 16:00:01) -- MAQUINA OCIOSA
2026-09-15 10:45:01 PLAN AGOTADO hace 12645 min (desde 2026-09-06 16:00:01) -- MAQUINA OCIOSA
2026-09-15 11:00:01 PLAN AGOTADO hace 12660 min (desde 2026-09-06 16:00:01) -- MAQUINA OCIOSA
2026-09-15 11:15:01 PLAN AGOTADO hace 12675 min (desde 2026-09-06 16:00:01) -- MAQUINA OCIOSA
2026-09-15 11:30:01 PLAN AGOTADO hace 12690 min (desde 2026-09-06 16:00:01) -- MAQUINA OCIOSA
2026-09-15 11:45:02 PLAN AGOTADO hace 12705 min (desde 2026-09-06 16:00:01) -- MAQUINA OCIOSA
2026-09-15 12:00:01 PLAN AGOTADO hace 12720 min (desde 2026-09-06 16:00:01) -- MAQUINA OCIOSA
2026-09-15 12:15:01 PLAN AGOTADO hace 12735 min (desde 2026-09-06 16:00:01) -- MAQUINA OCIOSA
2026-09-15 12:30:01 PLAN AGOTADO hace 12750 min (desde 2026-09-06 16:00:01) -- MAQUINA OCIOSA
2026-09-15 12:45:01 PLAN AGOTADO hace 12765 min (desde 2026-09-06 16:00:01) -- MAQUINA OCIOSA
2026-09-15 13:00:01 PLAN AGOTADO hace 12780 min (desde 2026-09-06 16:00:01) -- MAQUINA OCIOSA
2026-09-15 13:15:01 PLAN AGOTADO hace 12795 min (desde 2026-09-06 16:00:01) -- MAQUINA OCIOSA
2026-09-15 13:30:01 PLAN AGOTADO hace 12810 min (desde 2026-09-06 16:00:01) -- MAQUINA OCIOSA
2026-09-15 13:45:02 PLAN AGOTADO hace 12825 min (desde 2026-09-06 16:00:01) -- MAQUINA OCIOSA
2026-09-15 14:00:01 PLAN AGOTADO hace 12840 min (desde 2026-09-06 16:00:01) -- MAQUINA OCIOSA
2026-09-15 14:15:01 PLAN AGOTADO hace 12855 min (desde 2026-09-06 16:00:01) -- MAQUINA OCIOSA
2026-09-15 14:30:01 PLAN AGOTADO hace 12870 min (desde 2026-09-06 16:00:01) -- MAQUINA OCIOSA
2026-09-15 14:45:01 PLAN AGOTADO hace 12885 min (desde 2026-09-06 16:00:01) -- MAQUINA OCIOSA
2026-09-15 15:00:01 PLAN AGOTADO hace 12900 min (desde 2026-09-06 16:00:01) -- MAQUINA OCIOSA
2026-09-15 15:15:01 PLAN AGOTADO hace 12915 min (desde 2026-09-06 16:00:01) -- MAQUINA OCIOSA
2026-09-15 15:30:01 PLAN AGOTADO hace 12930 min (desde 2026-09-06 16:00:01) -- MAQUINA OCIOSA
2026-09-15 15:45:01 PLAN AGOTADO hace 12945 min (desde 2026-09-06 16:00:01) -- MAQUINA OCIOSA
2026-09-15 16:00:01 PLAN AGOTADO hace 12960 min (desde 2026-09-06 16:00:01) -- MAQUINA OCIOSA
2026-09-15 16:15:01 PLAN AGOTADO hace 12975 min (desde 2026-09-06 16:00:01) -- MAQUINA OCIOSA
2026-09-15 16:30:01 PLAN AGOTADO hace 12990 min (desde 2026-09-06 16:00:01) -- MAQUINA OCIOSA
2026-09-15 16:45:01 PLAN AGOTADO hace 13005 min (desde 2026-09-06 16:00:01) -- MAQUINA OCIOSA
2026-09-15 17:00:01 PLAN AGOTADO hace 13020 min (desde 2026-09-06 16:00:01) -- MAQUINA OCIOSA
2026-09-15 17:15:01 PLAN AGOTADO hace 13035 min (desde 2026-09-06 16:00:01) -- MAQUINA OCIOSA
2026-09-15 17:30:01 PLAN AGOTADO hace 13050 min (desde 2026-09-06 16:00:01) -- MAQUINA OCIOSA
2026-09-15 17:45:01 PLAN AGOTADO hace 13065 min (desde 2026-09-06 16:00:01) -- MAQUINA OCIOSA
2026-09-15 18:00:01 PLAN AGOTADO hace 13080 min (desde 2026-09-06 16:00:01) -- MAQUINA OCIOSA
2026-09-15 18:15:01 PLAN AGOTADO hace 13095 min (desde 2026-09-06 16:00:01) -- MAQUINA OCIOSA
2026-09-15 18:30:01 PLAN AGOTADO hace 13110 min (desde 2026-09-06 16:00:01) -- MAQUINA OCIOSA
2026-09-15 18:45:01 PLAN AGOTADO hace 13125 min (desde 2026-09-06 16:00:01) -- MAQUINA OCIOSA
2026-09-15 19:00:02 PLAN AGOTADO hace 13140 min (desde 2026-09-06 16:00:01) -- MAQUINA OCIOSA
2026-09-15 19:15:01 PLAN AGOTADO hace 13155 min (desde 2026-09-06 16:00:01) -- MAQUINA OCIOSA
2026-09-15 19:30:01 PLAN AGOTADO hace 13170 min (desde 2026-09-06 16:00:01) -- MAQUINA OCIOSA
2026-09-15 19:45:01 PLAN AGOTADO hace 13185 min (desde 2026-09-06 16:00:01) -- MAQUINA OCIOSA
2026-09-15 20:00:01 PLAN AGOTADO hace 13200 min (desde 2026-09-06 16:00:01) -- MAQUINA OCIOSA
2026-09-15 20:15:01 PLAN AGOTADO hace 13215 min (desde 2026-09-06 16:00:01) -- MAQUINA OCIOSA
2026-09-15 20:30:01 PLAN AGOTADO hace 13230 min (desde 2026-09-06 16:00:01) -- MAQUINA OCIOSA
2026-09-15 20:45:01 PLAN AGOTADO hace 13245 min (desde 2026-09-06 16:00:01) -- MAQUINA OCIOSA
2026-09-15 21:00:01 PLAN AGOTADO hace 13260 min (desde 2026-09-06 16:00:01) -- MAQUINA OCIOSA
2026-09-15 21:15:01 PLAN AGOTADO hace 13275 min (desde 2026-09-06 16:00:01) -- MAQUINA OCIOSA
2026-09-15 21:30:01 PLAN AGOTADO hace 13290 min (desde 2026-09-06 16:00:01) -- MAQUINA OCIOSA
2026-09-15 21:45:01 PLAN AGOTADO hace 13305 min (desde 2026-09-06 16:00:01) -- MAQUINA OCIOSA
2026-09-15 22:00:02 PLAN AGOTADO hace 13320 min (desde 2026-09-06 16:00:01) -- MAQUINA OCIOSA
2026-09-15 22:15:01 PLAN AGOTADO hace 13335 min (desde 2026-09-06 16:00:01) -- MAQUINA OCIOSA
2026-09-15 22:30:01 PLAN AGOTADO hace 13350 min (desde 2026-09-06 16:00:01) -- MAQUINA OCIOSA
2026-09-15 22:45:01 PLAN AGOTADO hace 13365 min (desde 2026-09-06 16:00:01) -- MAQUINA OCIOSA
2026-09-15 23:00:01 PLAN AGOTADO hace 13380 min (desde 2026-09-06 16:00:01) -- MAQUINA OCIOSA
2026-09-15 23:15:01 PLAN AGOTADO hace 13395 min (desde 2026-09-06 16:00:01) -- MAQUINA OCIOSA
2026-09-15 23:30:01 PLAN AGOTADO hace 13410 min (desde 2026-09-06 16:00:01) -- MAQUINA OCIOSA
2026-09-15 23:45:01 PLAN AGOTADO hace 13425 min (desde 2026-09-06 16:00:01) -- MAQUINA OCIOSA
2026-09-16 00:00:01 PLAN AGOTADO hace 13440 min (desde 2026-09-06 16:00:01) -- MAQUINA OCIOSA
2026-09-16 00:15:01 PLAN AGOTADO hace 13455 min (desde 2026-09-06 16:00:01) -- MAQUINA OCIOSA
2026-09-16 00:30:01 PLAN AGOTADO hace 13470 min (desde 2026-09-06 16:00:01) -- MAQUINA OCIOSA
2026-09-16 00:45:01 PLAN AGOTADO hace 13485 min (desde 2026-09-06 16:00:01) -- MAQUINA OCIOSA
2026-09-16 01:00:01 PLAN AGOTADO hace 13500 min (desde 2026-09-06 16:00:01) -- MAQUINA OCIOSA
2026-09-16 01:15:01 PLAN AGOTADO hace 13515 min (desde 2026-09-06 16:00:01) -- MAQUINA OCIOSA
2026-09-16 01:30:01 PLAN AGOTADO hace 13530 min (desde 2026-09-06 16:00:01) -- MAQUINA OCIOSA
2026-09-16 01:45:01 PLAN AGOTADO hace 13545 min (desde 2026-09-06 16:00:01) -- MAQUINA OCIOSA
2026-09-16 02:00:01 PLAN AGOTADO hace 13560 min (desde 2026-09-06 16:00:01) -- MAQUINA OCIOSA
2026-09-16 02:15:01 PLAN AGOTADO hace 13575 min (desde 2026-09-06 16:00:01) -- MAQUINA OCIOSA
2026-09-16 02:30:01 PLAN AGOTADO hace 13590 min (desde 2026-09-06 16:00:01) -- MAQUINA OCIOSA
2026-09-16 02:45:01 PLAN AGOTADO hace 13605 min (desde 2026-09-06 16:00:01) -- MAQUINA OCIOSA
2026-09-16 03:00:01 PLAN AGOTADO hace 13620 min (desde 2026-09-06 16:00:01) -- MAQUINA OCIOSA
2026-09-16 03:15:01 PLAN AGOTADO hace 13635 min (desde 2026-09-06 16:00:01) -- MAQUINA OCIOSA
2026-09-16 03:30:01 PLAN AGOTADO hace 13650 min (desde 2026-09-06 16:00:01) -- MAQUINA OCIOSA
2026-09-16 03:45:01 PLAN AGOTADO hace 13665 min (desde 2026-09-06 16:00:01) -- MAQUINA OCIOSA
2026-09-16 04:00:01 PLAN AGOTADO hace 13680 min (desde 2026-09-06 16:00:01) -- MAQUINA OCIOSA
2026-09-16 04:15:01 PLAN AGOTADO hace 13695 min (desde 2026-09-06 16:00:01) -- MAQUINA OCIOSA
2026-09-16 04:30:01 PLAN AGOTADO hace 13710 min (desde 2026-09-06 16:00:01) -- MAQUINA OCIOSA
2026-09-16 04:45:01 PLAN AGOTADO hace 13725 min (desde 2026-09-06 16:00:01) -- MAQUINA OCIOSA
2026-09-16 05:00:01 PLAN AGOTADO hace 13740 min (desde 2026-09-06 16:00:01) -- MAQUINA OCIOSA
2026-09-16 05:15:01 PLAN AGOTADO hace 13755 min (desde 2026-09-06 16:00:01) -- MAQUINA OCIOSA
2026-09-16 05:30:01 PLAN AGOTADO hace 13770 min (desde 2026-09-06 16:00:01) -- MAQUINA OCIOSA
2026-09-16 05:45:01 PLAN AGOTADO hace 13785 min (desde 2026-09-06 16:00:01) -- MAQUINA OCIOSA
2026-09-16 06:00:01 PLAN AGOTADO hace 13800 min (desde 2026-09-06 16:00:01) -- MAQUINA OCIOSA
2026-09-16 06:15:01 PLAN AGOTADO hace 13815 min (desde 2026-09-06 16:00:01) -- MAQUINA OCIOSA
2026-09-16 06:30:01 PLAN AGOTADO hace 13830 min (desde 2026-09-06 16:00:01) -- MAQUINA OCIOSA
2026-09-16 06:45:01 PLAN AGOTADO hace 13845 min (desde 2026-09-06 16:00:01) -- MAQUINA OCIOSA
2026-09-16 07:00:01 PLAN AGOTADO hace 13860 min (desde 2026-09-06 16:00:01) -- MAQUINA OCIOSA
2026-09-16 07:15:01 PLAN AGOTADO hace 13875 min (desde 2026-09-06 16:00:01) -- MAQUINA OCIOSA
2026-09-16 07:30:01 PLAN AGOTADO hace 13890 min (desde 2026-09-06 16:00:01) -- MAQUINA OCIOSA
2026-09-16 07:45:01 PLAN AGOTADO hace 13905 min (desde 2026-09-06 16:00:01) -- MAQUINA OCIOSA
2026-09-16 08:00:01 PLAN AGOTADO hace 13920 min (desde 2026-09-06 16:00:01) -- MAQUINA OCIOSA
2026-09-16 08:15:01 PLAN AGOTADO hace 13935 min (desde 2026-09-06 16:00:01) -- MAQUINA OCIOSA
2026-09-16 08:30:01 PLAN AGOTADO hace 13950 min (desde 2026-09-06 16:00:01) -- MAQUINA OCIOSA
2026-09-16 08:45:01 PLAN AGOTADO hace 13965 min (desde 2026-09-06 16:00:01) -- MAQUINA OCIOSA
2026-09-16 09:00:02 PLAN AGOTADO hace 13980 min (desde 2026-09-06 16:00:01) -- MAQUINA OCIOSA
2026-09-16 09:15:01 PLAN AGOTADO hace 13995 min (desde 2026-09-06 16:00:01) -- MAQUINA OCIOSA
2026-09-16 09:30:01 PLAN AGOTADO hace 14010 min (desde 2026-09-06 16:00:01) -- MAQUINA OCIOSA
2026-09-16 09:45:01 PLAN AGOTADO hace 14025 min (desde 2026-09-06 16:00:01) -- MAQUINA OCIOSA
2026-09-16 10:00:01 PLAN AGOTADO hace 14040 min (desde 2026-09-06 16:00:01) -- MAQUINA OCIOSA
2026-09-16 10:15:01 PLAN AGOTADO hace 14055 min (desde 2026-09-06 16:00:01) -- MAQUINA OCIOSA
2026-09-16 10:30:01 PLAN AGOTADO hace 14070 min (desde 2026-09-06 16:00:01) -- MAQUINA OCIOSA
2026-09-16 10:45:01 PLAN AGOTADO hace 14085 min (desde 2026-09-06 16:00:01) -- MAQUINA OCIOSA
2026-09-16 11:00:01 PLAN AGOTADO hace 14100 min (desde 2026-09-06 16:00:01) -- MAQUINA OCIOSA
2026-09-16 11:15:01 PLAN AGOTADO hace 14115 min (desde 2026-09-06 16:00:01) -- MAQUINA OCIOSA
2026-09-16 11:30:01 PLAN AGOTADO hace 14130 min (desde 2026-09-06 16:00:01) -- MAQUINA OCIOSA
2026-09-16 11:45:01 PLAN AGOTADO hace 14145 min (desde 2026-09-06 16:00:01) -- MAQUINA OCIOSA
2026-09-16 12:00:01 PLAN AGOTADO hace 14160 min (desde 2026-09-06 16:00:01) -- MAQUINA OCIOSA
2026-09-16 12:15:01 PLAN AGOTADO hace 14175 min (desde 2026-09-06 16:00:01) -- MAQUINA OCIOSA
2026-09-16 12:30:01 PLAN AGOTADO hace 14190 min (desde 2026-09-06 16:00:01) -- MAQUINA OCIOSA
2026-09-16 12:45:01 PLAN AGOTADO hace 14205 min (desde 2026-09-06 16:00:01) -- MAQUINA OCIOSA
2026-09-16 13:00:01 PLAN AGOTADO hace 14220 min (desde 2026-09-06 16:00:01) -- MAQUINA OCIOSA
2026-09-16 13:15:01 PLAN AGOTADO hace 14235 min (desde 2026-09-06 16:00:01) -- MAQUINA OCIOSA
2026-09-16 13:30:01 PLAN AGOTADO hace 14250 min (desde 2026-09-06 16:00:01) -- MAQUINA OCIOSA
2026-09-16 13:45:01 PLAN AGOTADO hace 14265 min (desde 2026-09-06 16:00:01) -- MAQUINA OCIOSA
2026-09-16 14:00:02 PLAN AGOTADO hace 14280 min (desde 2026-09-06 16:00:01) -- MAQUINA OCIOSA
2026-09-16 14:15:01 PLAN AGOTADO hace 14295 min (desde 2026-09-06 16:00:01) -- MAQUINA OCIOSA
2026-09-16 14:30:01 PLAN AGOTADO hace 14310 min (desde 2026-09-06 16:00:01) -- MAQUINA OCIOSA
2026-09-16 14:45:01 PLAN AGOTADO hace 14325 min (desde 2026-09-06 16:00:01) -- MAQUINA OCIOSA
2026-09-16 15:00:01 PLAN AGOTADO hace 14340 min (desde 2026-09-06 16:00:01) -- MAQUINA OCIOSA
2026-09-16 15:15:02 PLAN AGOTADO hace 14355 min (desde 2026-09-06 16:00:01) -- MAQUINA OCIOSA
2026-09-16 15:30:01 PLAN AGOTADO hace 14370 min (desde 2026-09-06 16:00:01) -- MAQUINA OCIOSA
2026-09-16 15:45:01 PLAN AGOTADO hace 14385 min (desde 2026-09-06 16:00:01) -- MAQUINA OCIOSA
2026-09-16 16:00:01 PLAN AGOTADO hace 14400 min (desde 2026-09-06 16:00:01) -- MAQUINA OCIOSA
2026-09-16 16:15:01 PLAN AGOTADO hace 14415 min (desde 2026-09-06 16:00:01) -- MAQUINA OCIOSA
2026-09-16 16:30:01 PLAN AGOTADO hace 14430 min (desde 2026-09-06 16:00:01) -- MAQUINA OCIOSA
2026-09-16 16:45:01 PLAN AGOTADO hace 14445 min (desde 2026-09-06 16:00:01) -- MAQUINA OCIOSA
2026-09-16 17:00:01 PLAN AGOTADO hace 14460 min (desde 2026-09-06 16:00:01) -- MAQUINA OCIOSA
2026-09-16 17:15:01 PLAN AGOTADO hace 14475 min (desde 2026-09-06 16:00:01) -- MAQUINA OCIOSA
2026-09-16 17:30:01 PLAN AGOTADO hace 14490 min (desde 2026-09-06 16:00:01) -- MAQUINA OCIOSA
2026-09-16 17:45:01 PLAN AGOTADO hace 14505 min (desde 2026-09-06 16:00:01) -- MAQUINA OCIOSA
2026-09-16 18:00:01 PLAN AGOTADO hace 14520 min (desde 2026-09-06 16:00:01) -- MAQUINA OCIOSA
2026-09-16 18:15:01 PLAN AGOTADO hace 14535 min (desde 2026-09-06 16:00:01) -- MAQUINA OCIOSA
2026-09-16 18:30:01 PLAN AGOTADO hace 14550 min (desde 2026-09-06 16:00:01) -- MAQUINA OCIOSA
2026-09-16 18:45:01 PLAN AGOTADO hace 14565 min (desde 2026-09-06 16:00:01) -- MAQUINA OCIOSA
2026-09-16 19:00:02 PLAN AGOTADO hace 14580 min (desde 2026-09-06 16:00:01) -- MAQUINA OCIOSA
2026-09-16 19:15:01 PLAN AGOTADO hace 14595 min (desde 2026-09-06 16:00:01) -- MAQUINA OCIOSA
2026-09-16 19:30:01 PLAN AGOTADO hace 14610 min (desde 2026-09-06 16:00:01) -- MAQUINA OCIOSA
2026-09-16 19:45:01 PLAN AGOTADO hace 14625 min (desde 2026-09-06 16:00:01) -- MAQUINA OCIOSA
2026-09-16 20:00:01 PLAN AGOTADO hace 14640 min (desde 2026-09-06 16:00:01) -- MAQUINA OCIOSA
2026-09-16 20:15:01 PLAN AGOTADO hace 14655 min (desde 2026-09-06 16:00:01) -- MAQUINA OCIOSA
2026-09-16 20:30:01 PLAN AGOTADO hace 14670 min (desde 2026-09-06 16:00:01) -- MAQUINA OCIOSA
2026-09-16 20:45:01 PLAN AGOTADO hace 14685 min (desde 2026-09-06 16:00:01) -- MAQUINA OCIOSA
2026-09-16 21:00:01 PLAN AGOTADO hace 14700 min (desde 2026-09-06 16:00:01) -- MAQUINA OCIOSA
2026-09-16 21:15:01 PLAN AGOTADO hace 14715 min (desde 2026-09-06 16:00:01) -- MAQUINA OCIOSA
2026-09-16 21:30:01 PLAN AGOTADO hace 14730 min (desde 2026-09-06 16:00:01) -- MAQUINA OCIOSA
2026-09-16 21:45:01 PLAN AGOTADO hace 14745 min (desde 2026-09-06 16:00:01) -- MAQUINA OCIOSA
2026-09-16 22:00:01 PLAN AGOTADO hace 14760 min (desde 2026-09-06 16:00:01) -- MAQUINA OCIOSA
2026-09-16 22:15:01 PLAN AGOTADO hace 14775 min (desde 2026-09-06 16:00:01) -- MAQUINA OCIOSA
2026-09-16 22:30:01 PLAN AGOTADO hace 14790 min (desde 2026-09-06 16:00:01) -- MAQUINA OCIOSA
2026-09-16 22:45:01 PLAN AGOTADO hace 14805 min (desde 2026-09-06 16:00:01) -- MAQUINA OCIOSA
2026-09-16 23:00:01 PLAN AGOTADO hace 14820 min (desde 2026-09-06 16:00:01) -- MAQUINA OCIOSA
2026-09-16 23:15:01 PLAN AGOTADO hace 14835 min (desde 2026-09-06 16:00:01) -- MAQUINA OCIOSA
2026-09-16 23:30:01 PLAN AGOTADO hace 14850 min (desde 2026-09-06 16:00:01) -- MAQUINA OCIOSA
2026-09-16 23:45:01 PLAN AGOTADO hace 14865 min (desde 2026-09-06 16:00:01) -- MAQUINA OCIOSA
2026-09-17 00:00:01 PLAN AGOTADO hace 14880 min (desde 2026-09-06 16:00:01) -- MAQUINA OCIOSA
2026-09-17 00:15:01 PLAN AGOTADO hace 14895 min (desde 2026-09-06 16:00:01) -- MAQUINA OCIOSA
2026-09-17 00:30:01 PLAN AGOTADO hace 14910 min (desde 2026-09-06 16:00:01) -- MAQUINA OCIOSA
2026-09-17 00:45:01 PLAN AGOTADO hace 14925 min (desde 2026-09-06 16:00:01) -- MAQUINA OCIOSA
2026-09-17 01:00:01 PLAN AGOTADO hace 14940 min (desde 2026-09-06 16:00:01) -- MAQUINA OCIOSA
2026-09-17 01:15:01 PLAN AGOTADO hace 14955 min (desde 2026-09-06 16:00:01) -- MAQUINA OCIOSA
2026-09-17 01:30:01 PLAN AGOTADO hace 14970 min (desde 2026-09-06 16:00:01) -- MAQUINA OCIOSA
2026-09-17 01:45:01 PLAN AGOTADO hace 14985 min (desde 2026-09-06 16:00:01) -- MAQUINA OCIOSA
2026-09-17 02:00:01 PLAN AGOTADO hace 15000 min (desde 2026-09-06 16:00:01) -- MAQUINA OCIOSA
2026-09-17 02:15:01 PLAN AGOTADO hace 15015 min (desde 2026-09-06 16:00:01) -- MAQUINA OCIOSA
2026-09-17 02:30:01 PLAN AGOTADO hace 15030 min (desde 2026-09-06 16:00:01) -- MAQUINA OCIOSA
2026-09-17 02:45:01 PLAN AGOTADO hace 15045 min (desde 2026-09-06 16:00:01) -- MAQUINA OCIOSA
2026-09-17 03:00:01 PLAN AGOTADO hace 15060 min (desde 2026-09-06 16:00:01) -- MAQUINA OCIOSA
2026-09-17 03:15:01 PLAN AGOTADO hace 15075 min (desde 2026-09-06 16:00:01) -- MAQUINA OCIOSA
2026-09-17 03:30:01 PLAN AGOTADO hace 15090 min (desde 2026-09-06 16:00:01) -- MAQUINA OCIOSA
2026-09-17 03:45:01 PLAN AGOTADO hace 15105 min (desde 2026-09-06 16:00:01) -- MAQUINA OCIOSA
2026-09-17 04:00:01 PLAN AGOTADO hace 15120 min (desde 2026-09-06 16:00:01) -- MAQUINA OCIOSA
2026-09-17 04:15:01 PLAN AGOTADO hace 15135 min (desde 2026-09-06 16:00:01) -- MAQUINA OCIOSA
2026-09-17 04:30:01 PLAN AGOTADO hace 15150 min (desde 2026-09-06 16:00:01) -- MAQUINA OCIOSA
2026-09-17 04:45:01 PLAN AGOTADO hace 15165 min (desde 2026-09-06 16:00:01) -- MAQUINA OCIOSA
2026-09-17 05:00:01 PLAN AGOTADO hace 15180 min (desde 2026-09-06 16:00:01) -- MAQUINA OCIOSA
2026-09-17 05:15:01 PLAN AGOTADO hace 15195 min (desde 2026-09-06 16:00:01) -- MAQUINA OCIOSA
2026-09-17 05:30:01 PLAN AGOTADO hace 15210 min (desde 2026-09-06 16:00:01) -- MAQUINA OCIOSA
2026-09-17 05:45:01 PLAN AGOTADO hace 15225 min (desde 2026-09-06 16:00:01) -- MAQUINA OCIOSA
2026-09-17 06:00:01 PLAN AGOTADO hace 15240 min (desde 2026-09-06 16:00:01) -- MAQUINA OCIOSA
2026-09-17 06:15:01 PLAN AGOTADO hace 15255 min (desde 2026-09-06 16:00:01) -- MAQUINA OCIOSA
2026-09-17 06:30:01 PLAN AGOTADO hace 15270 min (desde 2026-09-06 16:00:01) -- MAQUINA OCIOSA
2026-09-17 06:45:01 PLAN AGOTADO hace 15285 min (desde 2026-09-06 16:00:01) -- MAQUINA OCIOSA
2026-09-17 07:00:01 PLAN AGOTADO hace 15300 min (desde 2026-09-06 16:00:01) -- MAQUINA OCIOSA
2026-09-17 07:15:02 PLAN AGOTADO hace 15315 min (desde 2026-09-06 16:00:01) -- MAQUINA OCIOSA
2026-09-17 07:30:01 PLAN AGOTADO hace 15330 min (desde 2026-09-06 16:00:01) -- MAQUINA OCIOSA
2026-09-17 07:45:01 PLAN AGOTADO hace 15345 min (desde 2026-09-06 16:00:01) -- MAQUINA OCIOSA
2026-09-17 08:00:01 PLAN AGOTADO hace 15360 min (desde 2026-09-06 16:00:01) -- MAQUINA OCIOSA
2026-09-17 08:15:01 PLAN AGOTADO hace 15375 min (desde 2026-09-06 16:00:01) -- MAQUINA OCIOSA
2026-09-17 08:30:01 PLAN AGOTADO hace 15390 min (desde 2026-09-06 16:00:01) -- MAQUINA OCIOSA
2026-09-17 08:45:01 PLAN AGOTADO hace 15405 min (desde 2026-09-06 16:00:01) -- MAQUINA OCIOSA
2026-09-17 09:00:01 PLAN AGOTADO hace 15420 min (desde 2026-09-06 16:00:01) -- MAQUINA OCIOSA
2026-09-17 09:15:01 PLAN AGOTADO hace 15435 min (desde 2026-09-06 16:00:01) -- MAQUINA OCIOSA
2026-09-17 09:30:01 PLAN AGOTADO hace 15450 min (desde 2026-09-06 16:00:01) -- MAQUINA OCIOSA
2026-09-17 09:45:01 PLAN AGOTADO hace 15465 min (desde 2026-09-06 16:00:01) -- MAQUINA OCIOSA
2026-09-17 10:00:01 PLAN AGOTADO hace 15480 min (desde 2026-09-06 16:00:01) -- MAQUINA OCIOSA
2026-09-17 10:45:01 PLAN AGOTADO hace 15525 min (desde 2026-09-06 16:00:01) -- MAQUINA OCIOSA
2026-09-17 11:30:01 PLAN AGOTADO hace 15570 min (desde 2026-09-06 16:00:01) -- MAQUINA OCIOSA
2026-09-17 11:45:01 PLAN AGOTADO hace 15585 min (desde 2026-09-06 16:00:01) -- MAQUINA OCIOSA
2026-09-17 12:00:01 PLAN AGOTADO hace 15600 min (desde 2026-09-06 16:00:01) -- MAQUINA OCIOSA
2026-09-17 12:15:01 PLAN AGOTADO hace 15615 min (desde 2026-09-06 16:00:01) -- MAQUINA OCIOSA
2026-09-17 12:30:01 PLAN AGOTADO hace 15630 min (desde 2026-09-06 16:00:01) -- MAQUINA OCIOSA
2026-09-17 12:45:01 PLAN AGOTADO hace 15645 min (desde 2026-09-06 16:00:01) -- MAQUINA OCIOSA
2026-09-17 13:00:01 nada corriendo con plan 2/4 -> relanzo trabajar.sh
2026-09-17 16:45:01 PLAN AGOTADO (4/4) -- MAQUINA OCIOSA, falta plan nuevo
2026-09-17 20:45:01 PLAN AGOTADO hace 240 min (desde 2026-09-17 16:45:01) -- MAQUINA OCIOSA
2026-09-17 21:00:01 PLAN AGOTADO hace 255 min (desde 2026-09-17 16:45:01) -- MAQUINA OCIOSA
2026-09-17 21:15:01 PLAN AGOTADO hace 270 min (desde 2026-09-17 16:45:01) -- MAQUINA OCIOSA
2026-09-17 21:30:01 PLAN AGOTADO hace 285 min (desde 2026-09-17 16:45:01) -- MAQUINA OCIOSA
2026-09-17 21:45:01 PLAN AGOTADO hace 300 min (desde 2026-09-17 16:45:01) -- MAQUINA OCIOSA
2026-09-17 22:00:01 PLAN AGOTADO hace 315 min (desde 2026-09-17 16:45:01) -- MAQUINA OCIOSA
2026-09-17 22:15:01 PLAN AGOTADO hace 330 min (desde 2026-09-17 16:45:01) -- MAQUINA OCIOSA
2026-09-17 22:30:01 PLAN AGOTADO hace 345 min (desde 2026-09-17 16:45:01) -- MAQUINA OCIOSA
2026-09-17 22:45:01 PLAN AGOTADO hace 360 min (desde 2026-09-17 16:45:01) -- MAQUINA OCIOSA
2026-09-17 23:00:01 PLAN AGOTADO hace 375 min (desde 2026-09-17 16:45:01) -- MAQUINA OCIOSA
2026-09-17 23:15:01 PLAN AGOTADO hace 390 min (desde 2026-09-17 16:45:01) -- MAQUINA OCIOSA
2026-09-17 23:30:01 PLAN AGOTADO hace 405 min (desde 2026-09-17 16:45:01) -- MAQUINA OCIOSA
2026-09-17 23:45:01 PLAN AGOTADO hace 420 min (desde 2026-09-17 16:45:01) -- MAQUINA OCIOSA
2026-09-18 00:00:01 PLAN AGOTADO hace 435 min (desde 2026-09-17 16:45:01) -- MAQUINA OCIOSA
2026-09-18 00:15:01 PLAN AGOTADO hace 450 min (desde 2026-09-17 16:45:01) -- MAQUINA OCIOSA
2026-09-18 00:30:01 PLAN AGOTADO hace 465 min (desde 2026-09-17 16:45:01) -- MAQUINA OCIOSA
2026-09-18 00:45:01 PLAN AGOTADO hace 480 min (desde 2026-09-17 16:45:01) -- MAQUINA OCIOSA
2026-09-18 01:00:01 PLAN AGOTADO hace 495 min (desde 2026-09-17 16:45:01) -- MAQUINA OCIOSA
2026-09-18 01:15:01 PLAN AGOTADO hace 510 min (desde 2026-09-17 16:45:01) -- MAQUINA OCIOSA
2026-09-18 01:30:01 PLAN AGOTADO hace 525 min (desde 2026-09-17 16:45:01) -- MAQUINA OCIOSA
2026-09-18 01:45:01 PLAN AGOTADO hace 540 min (desde 2026-09-17 16:45:01) -- MAQUINA OCIOSA
2026-09-18 02:00:01 PLAN AGOTADO hace 555 min (desde 2026-09-17 16:45:01) -- MAQUINA OCIOSA
2026-09-18 02:15:01 PLAN AGOTADO hace 570 min (desde 2026-09-17 16:45:01) -- MAQUINA OCIOSA
2026-09-18 02:30:01 PLAN AGOTADO hace 585 min (desde 2026-09-17 16:45:01) -- MAQUINA OCIOSA
2026-09-18 02:45:01 PLAN AGOTADO hace 600 min (desde 2026-09-17 16:45:01) -- MAQUINA OCIOSA
2026-09-18 03:00:01 PLAN AGOTADO hace 615 min (desde 2026-09-17 16:45:01) -- MAQUINA OCIOSA
2026-09-18 03:15:01 PLAN AGOTADO hace 630 min (desde 2026-09-17 16:45:01) -- MAQUINA OCIOSA
2026-09-18 03:30:01 PLAN AGOTADO hace 645 min (desde 2026-09-17 16:45:01) -- MAQUINA OCIOSA
2026-09-18 03:45:01 PLAN AGOTADO hace 660 min (desde 2026-09-17 16:45:01) -- MAQUINA OCIOSA
2026-09-18 04:00:01 PLAN AGOTADO hace 675 min (desde 2026-09-17 16:45:01) -- MAQUINA OCIOSA
2026-09-18 04:15:01 PLAN AGOTADO hace 690 min (desde 2026-09-17 16:45:01) -- MAQUINA OCIOSA
2026-09-18 04:30:01 PLAN AGOTADO hace 705 min (desde 2026-09-17 16:45:01) -- MAQUINA OCIOSA
2026-09-18 04:45:01 PLAN AGOTADO hace 720 min (desde 2026-09-17 16:45:01) -- MAQUINA OCIOSA
2026-09-18 05:00:01 PLAN AGOTADO hace 735 min (desde 2026-09-17 16:45:01) -- MAQUINA OCIOSA
2026-09-18 05:15:01 PLAN AGOTADO hace 750 min (desde 2026-09-17 16:45:01) -- MAQUINA OCIOSA
2026-09-18 05:30:01 PLAN AGOTADO hace 765 min (desde 2026-09-17 16:45:01) -- MAQUINA OCIOSA
2026-09-18 05:45:01 PLAN AGOTADO hace 780 min (desde 2026-09-17 16:45:01) -- MAQUINA OCIOSA
2026-09-18 06:00:01 PLAN AGOTADO hace 795 min (desde 2026-09-17 16:45:01) -- MAQUINA OCIOSA
2026-09-18 06:15:01 PLAN AGOTADO hace 810 min (desde 2026-09-17 16:45:01) -- MAQUINA OCIOSA
2026-09-18 06:30:01 PLAN AGOTADO hace 825 min (desde 2026-09-17 16:45:01) -- MAQUINA OCIOSA
2026-09-18 06:45:01 PLAN AGOTADO hace 840 min (desde 2026-09-17 16:45:01) -- MAQUINA OCIOSA
2026-09-18 07:00:01 PLAN AGOTADO hace 855 min (desde 2026-09-17 16:45:01) -- MAQUINA OCIOSA
2026-09-18 07:15:01 PLAN AGOTADO hace 870 min (desde 2026-09-17 16:45:01) -- MAQUINA OCIOSA
2026-09-18 07:30:01 PLAN AGOTADO hace 885 min (desde 2026-09-17 16:45:01) -- MAQUINA OCIOSA
2026-09-18 07:45:02 PLAN AGOTADO hace 900 min (desde 2026-09-17 16:45:01) -- MAQUINA OCIOSA
2026-09-18 08:00:01 PLAN AGOTADO hace 915 min (desde 2026-09-17 16:45:01) -- MAQUINA OCIOSA
2026-09-18 08:15:01 PLAN AGOTADO hace 930 min (desde 2026-09-17 16:45:01) -- MAQUINA OCIOSA
2026-09-18 08:30:01 PLAN AGOTADO hace 945 min (desde 2026-09-17 16:45:01) -- MAQUINA OCIOSA
2026-09-18 08:45:01 PLAN AGOTADO hace 960 min (desde 2026-09-17 16:45:01) -- MAQUINA OCIOSA
2026-09-18 09:00:01 PLAN AGOTADO hace 975 min (desde 2026-09-17 16:45:01) -- MAQUINA OCIOSA
2026-09-18 09:15:01 PLAN AGOTADO hace 990 min (desde 2026-09-17 16:45:01) -- MAQUINA OCIOSA
2026-09-18 09:30:01 PLAN AGOTADO hace 1005 min (desde 2026-09-17 16:45:01) -- MAQUINA OCIOSA
2026-09-18 09:45:01 PLAN AGOTADO hace 1020 min (desde 2026-09-17 16:45:01) -- MAQUINA OCIOSA
2026-09-18 10:00:01 PLAN AGOTADO hace 1035 min (desde 2026-09-17 16:45:01) -- MAQUINA OCIOSA
2026-09-18 10:15:01 PLAN AGOTADO hace 1050 min (desde 2026-09-17 16:45:01) -- MAQUINA OCIOSA
2026-09-18 10:30:01 PLAN AGOTADO hace 1065 min (desde 2026-09-17 16:45:01) -- MAQUINA OCIOSA
2026-09-18 10:45:01 PLAN AGOTADO hace 1080 min (desde 2026-09-17 16:45:01) -- MAQUINA OCIOSA
2026-09-18 11:00:01 PLAN AGOTADO hace 1095 min (desde 2026-09-17 16:45:01) -- MAQUINA OCIOSA
2026-09-18 11:15:01 PLAN AGOTADO hace 1110 min (desde 2026-09-17 16:45:01) -- MAQUINA OCIOSA
2026-09-18 11:30:02 PLAN AGOTADO hace 1125 min (desde 2026-09-17 16:45:01) -- MAQUINA OCIOSA
2026-09-18 11:45:01 PLAN AGOTADO hace 1140 min (desde 2026-09-17 16:45:01) -- MAQUINA OCIOSA
2026-09-18 12:00:01 PLAN AGOTADO hace 1155 min (desde 2026-09-17 16:45:01) -- MAQUINA OCIOSA
2026-09-18 12:15:01 PLAN AGOTADO hace 1170 min (desde 2026-09-17 16:45:01) -- MAQUINA OCIOSA
2026-09-18 12:30:01 PLAN AGOTADO hace 1185 min (desde 2026-09-17 16:45:01) -- MAQUINA OCIOSA
2026-09-18 12:45:01 PLAN AGOTADO hace 1200 min (desde 2026-09-17 16:45:01) -- MAQUINA OCIOSA
2026-09-18 13:00:01 PLAN AGOTADO hace 1215 min (desde 2026-09-17 16:45:01) -- MAQUINA OCIOSA
2026-09-18 13:15:01 PLAN AGOTADO hace 1230 min (desde 2026-09-17 16:45:01) -- MAQUINA OCIOSA
2026-09-18 13:30:01 PLAN AGOTADO hace 1245 min (desde 2026-09-17 16:45:01) -- MAQUINA OCIOSA
2026-09-18 13:45:01 PLAN AGOTADO hace 1260 min (desde 2026-09-17 16:45:01) -- MAQUINA OCIOSA
2026-09-18 14:00:01 PLAN AGOTADO hace 1275 min (desde 2026-09-17 16:45:01) -- MAQUINA OCIOSA
2026-09-18 14:15:01 PLAN AGOTADO hace 1290 min (desde 2026-09-17 16:45:01) -- MAQUINA OCIOSA
2026-09-18 14:30:01 PLAN AGOTADO hace 1305 min (desde 2026-09-17 16:45:01) -- MAQUINA OCIOSA
2026-09-18 14:45:01 PLAN AGOTADO hace 1320 min (desde 2026-09-17 16:45:01) -- MAQUINA OCIOSA
2026-09-18 15:00:01 PLAN AGOTADO hace 1335 min (desde 2026-09-17 16:45:01) -- MAQUINA OCIOSA
2026-09-18 15:15:01 PLAN AGOTADO hace 1350 min (desde 2026-09-17 16:45:01) -- MAQUINA OCIOSA
2026-09-18 15:30:01 PLAN AGOTADO hace 1365 min (desde 2026-09-17 16:45:01) -- MAQUINA OCIOSA
2026-09-18 15:45:01 PLAN AGOTADO hace 1380 min (desde 2026-09-17 16:45:01) -- MAQUINA OCIOSA
2026-09-18 16:00:01 PLAN AGOTADO hace 1395 min (desde 2026-09-17 16:45:01) -- MAQUINA OCIOSA
2026-09-18 16:15:01 PLAN AGOTADO hace 1410 min (desde 2026-09-17 16:45:01) -- MAQUINA OCIOSA
2026-09-18 16:30:02 PLAN AGOTADO hace 1425 min (desde 2026-09-17 16:45:01) -- MAQUINA OCIOSA
2026-09-18 16:45:01 PLAN AGOTADO hace 1440 min (desde 2026-09-17 16:45:01) -- MAQUINA OCIOSA
2026-09-18 17:00:01 PLAN AGOTADO hace 1455 min (desde 2026-09-17 16:45:01) -- MAQUINA OCIOSA
2026-09-18 17:15:01 PLAN AGOTADO hace 1470 min (desde 2026-09-17 16:45:01) -- MAQUINA OCIOSA
2026-09-18 17:30:01 PLAN AGOTADO hace 1485 min (desde 2026-09-17 16:45:01) -- MAQUINA OCIOSA
2026-09-18 17:45:01 PLAN AGOTADO hace 1500 min (desde 2026-09-17 16:45:01) -- MAQUINA OCIOSA
2026-09-18 18:00:01 PLAN AGOTADO hace 1515 min (desde 2026-09-17 16:45:01) -- MAQUINA OCIOSA
2026-09-18 18:15:01 PLAN AGOTADO hace 1530 min (desde 2026-09-17 16:45:01) -- MAQUINA OCIOSA
2026-09-18 18:30:01 PLAN AGOTADO hace 1545 min (desde 2026-09-17 16:45:01) -- MAQUINA OCIOSA
2026-09-18 18:45:01 PLAN AGOTADO hace 1560 min (desde 2026-09-17 16:45:01) -- MAQUINA OCIOSA
2026-09-18 19:00:01 PLAN AGOTADO hace 1575 min (desde 2026-09-17 16:45:01) -- MAQUINA OCIOSA
2026-09-18 19:15:01 PLAN AGOTADO hace 1590 min (desde 2026-09-17 16:45:01) -- MAQUINA OCIOSA
2026-09-18 19:30:01 PLAN AGOTADO hace 1605 min (desde 2026-09-17 16:45:01) -- MAQUINA OCIOSA
2026-09-18 19:45:01 PLAN AGOTADO hace 1620 min (desde 2026-09-17 16:45:01) -- MAQUINA OCIOSA
2026-09-18 20:00:01 PLAN AGOTADO hace 1635 min (desde 2026-09-17 16:45:01) -- MAQUINA OCIOSA
2026-09-18 20:15:01 PLAN AGOTADO hace 1650 min (desde 2026-09-17 16:45:01) -- MAQUINA OCIOSA
2026-09-18 20:30:01 PLAN AGOTADO hace 1665 min (desde 2026-09-17 16:45:01) -- MAQUINA OCIOSA
2026-09-18 20:45:01 PLAN AGOTADO hace 1680 min (desde 2026-09-17 16:45:01) -- MAQUINA OCIOSA
2026-09-18 21:00:01 PLAN AGOTADO hace 1695 min (desde 2026-09-17 16:45:01) -- MAQUINA OCIOSA
2026-09-18 21:15:01 PLAN AGOTADO hace 1710 min (desde 2026-09-17 16:45:01) -- MAQUINA OCIOSA
2026-09-18 21:30:01 PLAN AGOTADO hace 1725 min (desde 2026-09-17 16:45:01) -- MAQUINA OCIOSA
2026-09-18 21:45:01 PLAN AGOTADO hace 1740 min (desde 2026-09-17 16:45:01) -- MAQUINA OCIOSA
2026-09-18 22:00:01 PLAN AGOTADO hace 1755 min (desde 2026-09-17 16:45:01) -- MAQUINA OCIOSA
2026-09-18 22:15:01 PLAN AGOTADO hace 1770 min (desde 2026-09-17 16:45:01) -- MAQUINA OCIOSA
2026-09-18 22:30:01 PLAN AGOTADO hace 1785 min (desde 2026-09-17 16:45:01) -- MAQUINA OCIOSA
2026-09-18 22:45:01 PLAN AGOTADO hace 1800 min (desde 2026-09-17 16:45:01) -- MAQUINA OCIOSA
2026-09-18 23:00:01 PLAN AGOTADO hace 1815 min (desde 2026-09-17 16:45:01) -- MAQUINA OCIOSA
2026-09-18 23:15:01 PLAN AGOTADO hace 1830 min (desde 2026-09-17 16:45:01) -- MAQUINA OCIOSA
2026-09-18 23:30:01 nada corriendo con plan 6/7 -> relanzo trabajar.sh
2026-09-19 07:45:02 PLAN AGOTADO (10/10) -- MAQUINA OCIOSA, falta plan nuevo
2026-09-19 08:00:01 PLAN AGOTADO hace 14 min (desde 2026-09-19 07:45:02) -- MAQUINA OCIOSA
2026-09-19 08:15:01 PLAN AGOTADO hace 29 min (desde 2026-09-19 07:45:02) -- MAQUINA OCIOSA
2026-09-19 08:30:01 PLAN AGOTADO hace 44 min (desde 2026-09-19 07:45:02) -- MAQUINA OCIOSA
2026-09-19 08:45:01 PLAN AGOTADO hace 59 min (desde 2026-09-19 07:45:02) -- MAQUINA OCIOSA
2026-09-19 09:00:01 PLAN AGOTADO hace 74 min (desde 2026-09-19 07:45:02) -- MAQUINA OCIOSA
2026-09-19 09:15:01 PLAN AGOTADO hace 89 min (desde 2026-09-19 07:45:02) -- MAQUINA OCIOSA
2026-09-19 09:30:01 PLAN AGOTADO hace 104 min (desde 2026-09-19 07:45:02) -- MAQUINA OCIOSA
2026-09-19 09:45:01 PLAN AGOTADO hace 119 min (desde 2026-09-19 07:45:02) -- MAQUINA OCIOSA
2026-09-19 10:00:01 PLAN AGOTADO hace 134 min (desde 2026-09-19 07:45:02) -- MAQUINA OCIOSA
2026-09-19 10:15:01 PLAN AGOTADO hace 149 min (desde 2026-09-19 07:45:02) -- MAQUINA OCIOSA
2026-09-19 10:30:01 PLAN AGOTADO hace 164 min (desde 2026-09-19 07:45:02) -- MAQUINA OCIOSA
2026-09-19 10:45:01 PLAN AGOTADO hace 179 min (desde 2026-09-19 07:45:02) -- MAQUINA OCIOSA
2026-09-19 11:00:01 PLAN AGOTADO hace 194 min (desde 2026-09-19 07:45:02) -- MAQUINA OCIOSA
2026-09-19 11:15:01 PLAN AGOTADO hace 209 min (desde 2026-09-19 07:45:02) -- MAQUINA OCIOSA
2026-09-19 11:30:01 PLAN AGOTADO hace 224 min (desde 2026-09-19 07:45:02) -- MAQUINA OCIOSA
2026-09-19 11:45:01 PLAN AGOTADO hace 239 min (desde 2026-09-19 07:45:02) -- MAQUINA OCIOSA
2026-09-19 12:00:01 PLAN AGOTADO hace 254 min (desde 2026-09-19 07:45:02) -- MAQUINA OCIOSA
2026-09-19 12:15:01 PLAN AGOTADO hace 269 min (desde 2026-09-19 07:45:02) -- MAQUINA OCIOSA
2026-09-19 12:30:01 PLAN AGOTADO hace 284 min (desde 2026-09-19 07:45:02) -- MAQUINA OCIOSA
2026-09-19 12:45:01 PLAN AGOTADO hace 299 min (desde 2026-09-19 07:45:02) -- MAQUINA OCIOSA
2026-09-19 13:00:02 PLAN AGOTADO hace 314 min (desde 2026-09-19 07:45:02) -- MAQUINA OCIOSA
2026-09-19 13:15:01 PLAN AGOTADO hace 329 min (desde 2026-09-19 07:45:02) -- MAQUINA OCIOSA
2026-09-19 13:30:01 PLAN AGOTADO hace 344 min (desde 2026-09-19 07:45:02) -- MAQUINA OCIOSA
2026-09-19 18:45:01 PLAN AGOTADO hace 659 min (desde 2026-09-19 07:45:02) -- MAQUINA OCIOSA
2026-09-19 19:00:01 PLAN AGOTADO hace 674 min (desde 2026-09-19 07:45:02) -- MAQUINA OCIOSA
2026-09-19 19:15:01 PLAN AGOTADO hace 689 min (desde 2026-09-19 07:45:02) -- MAQUINA OCIOSA
2026-09-19 19:30:01 PLAN AGOTADO hace 704 min (desde 2026-09-19 07:45:02) -- MAQUINA OCIOSA
2026-09-19 19:45:01 PLAN AGOTADO hace 719 min (desde 2026-09-19 07:45:02) -- MAQUINA OCIOSA
2026-09-19 20:00:01 PLAN AGOTADO hace 734 min (desde 2026-09-19 07:45:02) -- MAQUINA OCIOSA
2026-09-19 20:15:01 PLAN AGOTADO hace 749 min (desde 2026-09-19 07:45:02) -- MAQUINA OCIOSA
2026-09-19 20:30:01 PLAN AGOTADO hace 764 min (desde 2026-09-19 07:45:02) -- MAQUINA OCIOSA
2026-09-19 20:45:01 PLAN AGOTADO hace 779 min (desde 2026-09-19 07:45:02) -- MAQUINA OCIOSA
2026-09-19 21:00:01 PLAN AGOTADO hace 794 min (desde 2026-09-19 07:45:02) -- MAQUINA OCIOSA
2026-09-19 21:15:01 PLAN AGOTADO hace 809 min (desde 2026-09-19 07:45:02) -- MAQUINA OCIOSA
2026-09-19 21:30:01 PLAN AGOTADO hace 824 min (desde 2026-09-19 07:45:02) -- MAQUINA OCIOSA
2026-09-19 21:45:01 PLAN AGOTADO hace 839 min (desde 2026-09-19 07:45:02) -- MAQUINA OCIOSA
2026-09-19 22:00:01 PLAN AGOTADO hace 854 min (desde 2026-09-19 07:45:02) -- MAQUINA OCIOSA
2026-09-19 22:15:01 PLAN AGOTADO hace 869 min (desde 2026-09-19 07:45:02) -- MAQUINA OCIOSA
2026-09-19 22:30:01 PLAN AGOTADO hace 884 min (desde 2026-09-19 07:45:02) -- MAQUINA OCIOSA
2026-09-20 01:00:01 PLAN AGOTADO hace 1034 min (desde 2026-09-19 07:45:02) -- MAQUINA OCIOSA
2026-09-20 01:15:01 PLAN AGOTADO hace 1049 min (desde 2026-09-19 07:45:02) -- MAQUINA OCIOSA
2026-09-20 01:30:01 PLAN AGOTADO hace 1064 min (desde 2026-09-19 07:45:02) -- MAQUINA OCIOSA
2026-09-20 01:45:01 PLAN AGOTADO hace 1079 min (desde 2026-09-19 07:45:02) -- MAQUINA OCIOSA
2026-09-20 02:00:02 PLAN AGOTADO hace 1095 min (desde 2026-09-19 07:45:02) -- MAQUINA OCIOSA
